*******************************

       ColabFold Wrapper

*******************************
>>> LOGGING AS: lcirne
Input file name in the format 'name.fasta': Input template directory: Desired number of recycles (integer) (max 5, min 0): Desired number of seeds (integer) (min 1): Desired value for n (integer) (min 10): Desired value for max number of msa's (integer) (min 1): WARNING: All log messages before absl::InitializeLog() is called are written to STDERR
E0000 00:00:1775180270.558854    7252 cuda_dnn.cc:8310] Unable to register cuDNN factory: Attempting to register factory for plugin cuDNN when one has already been registered
E0000 00:00:1775180270.567549    7252 cuda_blas.cc:1418] Unable to register cuBLAS factory: Attempting to register factory for plugin cuBLAS when one has already been registered
2026-04-02 21:37:57,880 Running colabfold 1.5.5 (e2ca9e8f992cd65c986de5b64885d5572d8b8ad9)
2026-04-02 21:37:59,249 Running on GPU
2026-04-02 21:38:00,132 Found 8 citations for tools or databases
2026-04-02 21:38:01,278 Query 1/1: UvrD (length 644)
  0%|          | 0/150 [elapsed: 00:00 remaining: ?]SUBMIT:   0%|          | 0/150 [elapsed: 00:00 remaining: ?]COMPLETE:   0%|          | 0/150 [elapsed: 00:00 remaining: ?]COMPLETE: 100%|██████████| 150/150 [elapsed: 00:00 remaining: 00:00]COMPLETE: 100%|██████████| 150/150 [elapsed: 00:03 remaining: 00:00]
WARNING: All log messages before absl::InitializeLog() is called are written to STDERR
I0000 00:00:1775180302.578845    7252 mlir_graph_optimization_pass.cc:401] MLIR V1 optimization pass is not enabled
2026-04-02 21:38:09,167 Sequence 0 found templates: ['abcd_A', 'efgh_A', 'abcd_A', 'efgh_A']
2026-04-02 21:38:14,785 Setting max_seq=16, max_extra_seq=32
2026-04-02 21:39:28,481 alphafold2_ptm_model_1_seed_000 recycle=0 pLDDT=80.4 pTM=0.753
2026-04-02 21:39:28,482 alphafold2_ptm_model_1_seed_000 took 61.3s (0 recycles)
2026-04-02 21:40:03,863 alphafold2_ptm_model_2_seed_000 recycle=0 pLDDT=80.5 pTM=0.688
2026-04-02 21:40:03,871 alphafold2_ptm_model_2_seed_000 took 34.9s (0 recycles)
2026-04-02 21:40:51,248 alphafold2_ptm_model_3_seed_000 recycle=0 pLDDT=55.9 pTM=0.394
2026-04-02 21:40:51,257 alphafold2_ptm_model_3_seed_000 took 46.9s (0 recycles)
2026-04-02 21:41:23,899 alphafold2_ptm_model_4_seed_000 recycle=0 pLDDT=69.3 pTM=0.45
2026-04-02 21:41:23,908 alphafold2_ptm_model_4_seed_000 took 32.1s (0 recycles)
2026-04-02 21:41:56,629 alphafold2_ptm_model_5_seed_000 recycle=0 pLDDT=74.9 pTM=0.521
2026-04-02 21:41:56,637 alphafold2_ptm_model_5_seed_000 took 32.2s (0 recycles)
2026-04-02 21:42:45,516 alphafold2_ptm_model_1_seed_001 recycle=0 pLDDT=79.8 pTM=0.781
2026-04-02 21:42:45,524 alphafold2_ptm_model_1_seed_001 took 34.8s (0 recycles)
2026-04-02 21:43:21,028 alphafold2_ptm_model_2_seed_001 recycle=0 pLDDT=80.1 pTM=0.722
2026-04-02 21:43:21,036 alphafold2_ptm_model_2_seed_001 took 35.0s (0 recycles)
2026-04-02 21:43:53,400 alphafold2_ptm_model_3_seed_001 recycle=0 pLDDT=23.5 pTM=0.501
2026-04-02 21:43:53,401 alphafold2_ptm_model_3_seed_001 took 31.9s (0 recycles)
2026-04-02 21:44:25,836 alphafold2_ptm_model_4_seed_001 recycle=0 pLDDT=68.3 pTM=0.418
2026-04-02 21:44:25,837 alphafold2_ptm_model_4_seed_001 took 31.9s (0 recycles)
2026-04-02 21:44:58,244 alphafold2_ptm_model_5_seed_001 recycle=0 pLDDT=72.9 pTM=0.468
2026-04-02 21:44:58,245 alphafold2_ptm_model_5_seed_001 took 31.9s (0 recycles)
2026-04-02 21:45:39,448 alphafold2_ptm_model_1_seed_002 recycle=0 pLDDT=81.6 pTM=0.754
2026-04-02 21:45:39,450 alphafold2_ptm_model_1_seed_002 took 34.7s (0 recycles)
2026-04-02 21:46:14,643 alphafold2_ptm_model_2_seed_002 recycle=0 pLDDT=82.4 pTM=0.711
2026-04-02 21:46:14,644 alphafold2_ptm_model_2_seed_002 took 34.7s (0 recycles)
2026-04-02 21:46:47,028 alphafold2_ptm_model_3_seed_002 recycle=0 pLDDT=29.1 pTM=0.535
2026-04-02 21:46:47,030 alphafold2_ptm_model_3_seed_002 took 31.9s (0 recycles)
2026-04-02 21:47:19,450 alphafold2_ptm_model_4_seed_002 recycle=0 pLDDT=63.1 pTM=0.428
2026-04-02 21:47:19,451 alphafold2_ptm_model_4_seed_002 took 31.9s (0 recycles)
2026-04-02 21:47:51,871 alphafold2_ptm_model_5_seed_002 recycle=0 pLDDT=72.1 pTM=0.493
2026-04-02 21:47:51,872 alphafold2_ptm_model_5_seed_002 took 31.9s (0 recycles)
2026-04-02 21:48:32,963 alphafold2_ptm_model_1_seed_003 recycle=0 pLDDT=78.2 pTM=0.765
2026-04-02 21:48:32,964 alphafold2_ptm_model_1_seed_003 took 34.6s (0 recycles)
2026-04-02 21:49:08,162 alphafold2_ptm_model_2_seed_003 recycle=0 pLDDT=78.9 pTM=0.667
2026-04-02 21:49:08,163 alphafold2_ptm_model_2_seed_003 took 34.7s (0 recycles)
2026-04-02 21:49:40,547 alphafold2_ptm_model_3_seed_003 recycle=0 pLDDT=36.7 pTM=0.246
2026-04-02 21:49:40,548 alphafold2_ptm_model_3_seed_003 took 31.9s (0 recycles)
2026-04-02 21:50:13,000 alphafold2_ptm_model_4_seed_003 recycle=0 pLDDT=68.7 pTM=0.458
2026-04-02 21:50:13,001 alphafold2_ptm_model_4_seed_003 took 32.0s (0 recycles)
2026-04-02 21:50:45,402 alphafold2_ptm_model_5_seed_003 recycle=0 pLDDT=70.6 pTM=0.481
2026-04-02 21:50:45,403 alphafold2_ptm_model_5_seed_003 took 31.9s (0 recycles)
2026-04-02 21:51:26,458 alphafold2_ptm_model_1_seed_004 recycle=0 pLDDT=76.2 pTM=0.739
2026-04-02 21:51:26,459 alphafold2_ptm_model_1_seed_004 took 34.6s (0 recycles)
2026-04-02 21:52:01,611 alphafold2_ptm_model_2_seed_004 recycle=0 pLDDT=77.7 pTM=0.653
2026-04-02 21:52:01,612 alphafold2_ptm_model_2_seed_004 took 34.7s (0 recycles)
2026-04-02 21:52:33,982 alphafold2_ptm_model_3_seed_004 recycle=0 pLDDT=32.3 pTM=0.2
2026-04-02 21:52:33,983 alphafold2_ptm_model_3_seed_004 took 31.9s (0 recycles)
2026-04-02 21:53:06,844 alphafold2_ptm_model_4_seed_004 recycle=0 pLDDT=67.1 pTM=0.428
2026-04-02 21:53:06,852 alphafold2_ptm_model_4_seed_004 took 32.4s (0 recycles)
2026-04-02 21:53:39,240 alphafold2_ptm_model_5_seed_004 recycle=0 pLDDT=75 pTM=0.545
2026-04-02 21:53:39,242 alphafold2_ptm_model_5_seed_004 took 31.9s (0 recycles)
2026-04-02 21:54:20,676 alphafold2_ptm_model_1_seed_005 recycle=0 pLDDT=74.6 pTM=0.682
2026-04-02 21:54:20,677 alphafold2_ptm_model_1_seed_005 took 34.6s (0 recycles)
2026-04-02 21:54:55,756 alphafold2_ptm_model_2_seed_005 recycle=0 pLDDT=75.9 pTM=0.618
2026-04-02 21:54:55,757 alphafold2_ptm_model_2_seed_005 took 34.6s (0 recycles)
2026-04-02 21:55:28,275 alphafold2_ptm_model_3_seed_005 recycle=0 pLDDT=28.4 pTM=0.644
2026-04-02 21:55:28,276 alphafold2_ptm_model_3_seed_005 took 31.8s (0 recycles)
2026-04-02 21:56:00,654 alphafold2_ptm_model_4_seed_005 recycle=0 pLDDT=66.6 pTM=0.448
2026-04-02 21:56:00,655 alphafold2_ptm_model_4_seed_005 took 31.9s (0 recycles)
2026-04-02 21:56:33,047 alphafold2_ptm_model_5_seed_005 recycle=0 pLDDT=74.4 pTM=0.55
2026-04-02 21:56:33,048 alphafold2_ptm_model_5_seed_005 took 31.9s (0 recycles)
2026-04-02 21:57:14,470 alphafold2_ptm_model_1_seed_006 recycle=0 pLDDT=79.5 pTM=0.741
2026-04-02 21:57:14,471 alphafold2_ptm_model_1_seed_006 took 34.6s (0 recycles)
2026-04-02 21:57:49,648 alphafold2_ptm_model_2_seed_006 recycle=0 pLDDT=79.4 pTM=0.697
2026-04-02 21:57:49,649 alphafold2_ptm_model_2_seed_006 took 34.7s (0 recycles)
2026-04-02 21:58:22,029 alphafold2_ptm_model_3_seed_006 recycle=0 pLDDT=45.4 pTM=0.288
2026-04-02 21:58:22,031 alphafold2_ptm_model_3_seed_006 took 31.9s (0 recycles)
2026-04-02 21:58:54,438 alphafold2_ptm_model_4_seed_006 recycle=0 pLDDT=68 pTM=0.436
2026-04-02 21:58:54,439 alphafold2_ptm_model_4_seed_006 took 31.9s (0 recycles)
2026-04-02 21:59:26,842 alphafold2_ptm_model_5_seed_006 recycle=0 pLDDT=77.8 pTM=0.6
2026-04-02 21:59:26,843 alphafold2_ptm_model_5_seed_006 took 31.9s (0 recycles)
2026-04-02 22:00:07,930 alphafold2_ptm_model_1_seed_007 recycle=0 pLDDT=73.4 pTM=0.734
2026-04-02 22:00:07,931 alphafold2_ptm_model_1_seed_007 took 34.6s (0 recycles)
2026-04-02 22:00:43,494 alphafold2_ptm_model_2_seed_007 recycle=0 pLDDT=77.6 pTM=0.677
2026-04-02 22:00:43,502 alphafold2_ptm_model_2_seed_007 took 35.1s (0 recycles)
2026-04-02 22:01:16,072 alphafold2_ptm_model_3_seed_007 recycle=0 pLDDT=29 pTM=0.318
2026-04-02 22:01:16,073 alphafold2_ptm_model_3_seed_007 took 31.9s (0 recycles)
2026-04-02 22:01:48,751 alphafold2_ptm_model_4_seed_007 recycle=0 pLDDT=67.6 pTM=0.417
2026-04-02 22:01:48,752 alphafold2_ptm_model_4_seed_007 took 32.2s (0 recycles)
2026-04-02 22:02:21,148 alphafold2_ptm_model_5_seed_007 recycle=0 pLDDT=74.8 pTM=0.511
2026-04-02 22:02:21,149 alphafold2_ptm_model_5_seed_007 took 31.9s (0 recycles)
2026-04-02 22:03:02,329 alphafold2_ptm_model_1_seed_008 recycle=0 pLDDT=80.9 pTM=0.784
2026-04-02 22:03:02,331 alphafold2_ptm_model_1_seed_008 took 34.7s (0 recycles)
2026-04-02 22:03:37,496 alphafold2_ptm_model_2_seed_008 recycle=0 pLDDT=80 pTM=0.679
2026-04-02 22:03:37,498 alphafold2_ptm_model_2_seed_008 took 34.7s (0 recycles)
2026-04-02 22:04:09,852 alphafold2_ptm_model_3_seed_008 recycle=0 pLDDT=32.7 pTM=0.635
2026-04-02 22:04:09,853 alphafold2_ptm_model_3_seed_008 took 31.8s (0 recycles)
2026-04-02 22:04:42,452 alphafold2_ptm_model_4_seed_008 recycle=0 pLDDT=74.9 pTM=0.48
2026-04-02 22:04:42,453 alphafold2_ptm_model_4_seed_008 took 31.9s (0 recycles)
2026-04-02 22:05:14,847 alphafold2_ptm_model_5_seed_008 recycle=0 pLDDT=79.8 pTM=0.63
2026-04-02 22:05:14,848 alphafold2_ptm_model_5_seed_008 took 31.9s (0 recycles)
2026-04-02 22:05:55,943 alphafold2_ptm_model_1_seed_009 recycle=0 pLDDT=80.8 pTM=0.769
2026-04-02 22:05:55,944 alphafold2_ptm_model_1_seed_009 took 34.7s (0 recycles)
2026-04-02 22:06:31,291 alphafold2_ptm_model_2_seed_009 recycle=0 pLDDT=81 pTM=0.702
2026-04-02 22:06:31,292 alphafold2_ptm_model_2_seed_009 took 34.7s (0 recycles)
2026-04-02 22:07:03,886 alphafold2_ptm_model_3_seed_009 recycle=0 pLDDT=60.8 pTM=0.413
2026-04-02 22:07:03,887 alphafold2_ptm_model_3_seed_009 took 31.9s (0 recycles)
2026-04-02 22:07:36,295 alphafold2_ptm_model_4_seed_009 recycle=0 pLDDT=76.1 pTM=0.457
2026-04-02 22:07:36,296 alphafold2_ptm_model_4_seed_009 took 31.9s (0 recycles)
2026-04-02 22:08:08,669 alphafold2_ptm_model_5_seed_009 recycle=0 pLDDT=75.5 pTM=0.501
2026-04-02 22:08:08,670 alphafold2_ptm_model_5_seed_009 took 31.9s (0 recycles)
2026-04-02 22:08:49,738 alphafold2_ptm_model_1_seed_010 recycle=0 pLDDT=83.1 pTM=0.781
2026-04-02 22:08:49,739 alphafold2_ptm_model_1_seed_010 took 34.6s (0 recycles)
2026-04-02 22:09:24,838 alphafold2_ptm_model_2_seed_010 recycle=0 pLDDT=81.6 pTM=0.721
2026-04-02 22:09:24,839 alphafold2_ptm_model_2_seed_010 took 34.6s (0 recycles)
2026-04-02 22:09:57,139 alphafold2_ptm_model_3_seed_010 recycle=0 pLDDT=50.2 pTM=0.332
2026-04-02 22:09:57,140 alphafold2_ptm_model_3_seed_010 took 31.8s (0 recycles)
2026-04-02 22:10:29,553 alphafold2_ptm_model_4_seed_010 recycle=0 pLDDT=71.4 pTM=0.439
2026-04-02 22:10:29,555 alphafold2_ptm_model_4_seed_010 took 31.9s (0 recycles)
2026-04-02 22:11:01,935 alphafold2_ptm_model_5_seed_010 recycle=0 pLDDT=72.2 pTM=0.521
2026-04-02 22:11:01,936 alphafold2_ptm_model_5_seed_010 took 31.9s (0 recycles)
2026-04-02 22:11:43,014 alphafold2_ptm_model_1_seed_011 recycle=0 pLDDT=82.4 pTM=0.793
2026-04-02 22:11:43,015 alphafold2_ptm_model_1_seed_011 took 34.6s (0 recycles)
2026-04-02 22:12:18,141 alphafold2_ptm_model_2_seed_011 recycle=0 pLDDT=81.2 pTM=0.728
2026-04-02 22:12:18,142 alphafold2_ptm_model_2_seed_011 took 34.6s (0 recycles)
2026-04-02 22:12:50,505 alphafold2_ptm_model_3_seed_011 recycle=0 pLDDT=39.4 pTM=0.292
2026-04-02 22:12:50,506 alphafold2_ptm_model_3_seed_011 took 31.9s (0 recycles)
2026-04-02 22:13:23,333 alphafold2_ptm_model_4_seed_011 recycle=0 pLDDT=71.1 pTM=0.448
2026-04-02 22:13:23,341 alphafold2_ptm_model_4_seed_011 took 32.3s (0 recycles)
2026-04-02 22:13:55,958 alphafold2_ptm_model_5_seed_011 recycle=0 pLDDT=77 pTM=0.594
2026-04-02 22:13:55,966 alphafold2_ptm_model_5_seed_011 took 32.1s (0 recycles)
2026-04-02 22:14:43,867 alphafold2_ptm_model_1_seed_012 recycle=0 pLDDT=79.8 pTM=0.761
2026-04-02 22:14:43,876 alphafold2_ptm_model_1_seed_012 took 34.8s (0 recycles)
2026-04-02 22:15:19,242 alphafold2_ptm_model_2_seed_012 recycle=0 pLDDT=78 pTM=0.659
2026-04-02 22:15:19,250 alphafold2_ptm_model_2_seed_012 took 34.9s (0 recycles)
2026-04-02 22:15:51,830 alphafold2_ptm_model_3_seed_012 recycle=0 pLDDT=29.9 pTM=0.308
2026-04-02 22:15:51,839 alphafold2_ptm_model_3_seed_012 took 32.1s (0 recycles)
2026-04-02 22:16:24,488 alphafold2_ptm_model_4_seed_012 recycle=0 pLDDT=68.4 pTM=0.426
2026-04-02 22:16:24,497 alphafold2_ptm_model_4_seed_012 took 32.2s (0 recycles)
2026-04-02 22:16:57,367 alphafold2_ptm_model_5_seed_012 recycle=0 pLDDT=77.4 pTM=0.589
2026-04-02 22:16:57,376 alphafold2_ptm_model_5_seed_012 took 32.4s (0 recycles)
2026-04-02 22:17:45,157 alphafold2_ptm_model_1_seed_013 recycle=0 pLDDT=81.3 pTM=0.778
2026-04-02 22:17:45,165 alphafold2_ptm_model_1_seed_013 took 34.8s (0 recycles)
2026-04-02 22:18:20,773 alphafold2_ptm_model_2_seed_013 recycle=0 pLDDT=79.7 pTM=0.697
2026-04-02 22:18:20,781 alphafold2_ptm_model_2_seed_013 took 34.9s (0 recycles)
2026-04-02 22:18:53,403 alphafold2_ptm_model_3_seed_013 recycle=0 pLDDT=40.3 pTM=0.257
2026-04-02 22:18:53,412 alphafold2_ptm_model_3_seed_013 took 32.1s (0 recycles)
2026-04-02 22:19:26,079 alphafold2_ptm_model_4_seed_013 recycle=0 pLDDT=70.1 pTM=0.451
2026-04-02 22:19:26,087 alphafold2_ptm_model_4_seed_013 took 32.2s (0 recycles)
2026-04-02 22:19:58,724 alphafold2_ptm_model_5_seed_013 recycle=0 pLDDT=73.2 pTM=0.508
2026-04-02 22:19:58,732 alphafold2_ptm_model_5_seed_013 took 32.1s (0 recycles)
2026-04-02 22:20:47,164 alphafold2_ptm_model_1_seed_014 recycle=0 pLDDT=77.4 pTM=0.741
2026-04-02 22:20:47,165 alphafold2_ptm_model_1_seed_014 took 34.6s (0 recycles)
2026-04-02 22:21:22,314 alphafold2_ptm_model_2_seed_014 recycle=0 pLDDT=75.9 pTM=0.636
2026-04-02 22:21:22,316 alphafold2_ptm_model_2_seed_014 took 34.7s (0 recycles)
2026-04-02 22:21:54,677 alphafold2_ptm_model_3_seed_014 recycle=0 pLDDT=35.9 pTM=0.241
2026-04-02 22:21:54,678 alphafold2_ptm_model_3_seed_014 took 31.9s (0 recycles)
2026-04-02 22:22:27,083 alphafold2_ptm_model_4_seed_014 recycle=0 pLDDT=66.7 pTM=0.417
2026-04-02 22:22:27,084 alphafold2_ptm_model_4_seed_014 took 31.9s (0 recycles)
2026-04-02 22:22:59,478 alphafold2_ptm_model_5_seed_014 recycle=0 pLDDT=69.4 pTM=0.483
2026-04-02 22:22:59,480 alphafold2_ptm_model_5_seed_014 took 31.9s (0 recycles)
2026-04-02 22:23:40,929 alphafold2_ptm_model_1_seed_015 recycle=0 pLDDT=78 pTM=0.759
2026-04-02 22:23:40,931 alphafold2_ptm_model_1_seed_015 took 34.6s (0 recycles)
2026-04-02 22:24:16,065 alphafold2_ptm_model_2_seed_015 recycle=0 pLDDT=77.8 pTM=0.676
2026-04-02 22:24:16,065 alphafold2_ptm_model_2_seed_015 took 34.6s (0 recycles)
2026-04-02 22:24:48,392 alphafold2_ptm_model_3_seed_015 recycle=0 pLDDT=26.7 pTM=0.276
2026-04-02 22:24:48,393 alphafold2_ptm_model_3_seed_015 took 31.8s (0 recycles)
2026-04-02 22:25:20,777 alphafold2_ptm_model_4_seed_015 recycle=0 pLDDT=68.4 pTM=0.461
2026-04-02 22:25:20,778 alphafold2_ptm_model_4_seed_015 took 31.9s (0 recycles)
2026-04-02 22:25:53,153 alphafold2_ptm_model_5_seed_015 recycle=0 pLDDT=72.4 pTM=0.494
2026-04-02 22:25:53,154 alphafold2_ptm_model_5_seed_015 took 31.9s (0 recycles)
2026-04-02 22:26:34,270 alphafold2_ptm_model_1_seed_016 recycle=0 pLDDT=79.3 pTM=0.783
2026-04-02 22:26:34,271 alphafold2_ptm_model_1_seed_016 took 34.6s (0 recycles)
2026-04-02 22:27:09,386 alphafold2_ptm_model_2_seed_016 recycle=0 pLDDT=75.6 pTM=0.65
2026-04-02 22:27:09,387 alphafold2_ptm_model_2_seed_016 took 34.6s (0 recycles)
2026-04-02 22:27:41,740 alphafold2_ptm_model_3_seed_016 recycle=0 pLDDT=44.7 pTM=0.303
2026-04-02 22:27:41,742 alphafold2_ptm_model_3_seed_016 took 31.9s (0 recycles)
2026-04-02 22:28:14,092 alphafold2_ptm_model_4_seed_016 recycle=0 pLDDT=72.6 pTM=0.466
2026-04-02 22:28:14,093 alphafold2_ptm_model_4_seed_016 took 31.9s (0 recycles)
2026-04-02 22:28:46,452 alphafold2_ptm_model_5_seed_016 recycle=0 pLDDT=75.8 pTM=0.556
2026-04-02 22:28:46,453 alphafold2_ptm_model_5_seed_016 took 31.9s (0 recycles)
2026-04-02 22:29:27,540 alphafold2_ptm_model_1_seed_017 recycle=0 pLDDT=72.9 pTM=0.711
2026-04-02 22:29:27,541 alphafold2_ptm_model_1_seed_017 took 34.6s (0 recycles)
2026-04-02 22:30:02,645 alphafold2_ptm_model_2_seed_017 recycle=0 pLDDT=75.7 pTM=0.653
2026-04-02 22:30:02,646 alphafold2_ptm_model_2_seed_017 took 34.6s (0 recycles)
2026-04-02 22:30:34,968 alphafold2_ptm_model_3_seed_017 recycle=0 pLDDT=27.5 pTM=0.315
2026-04-02 22:30:34,970 alphafold2_ptm_model_3_seed_017 took 31.8s (0 recycles)
2026-04-02 22:31:07,350 alphafold2_ptm_model_4_seed_017 recycle=0 pLDDT=56.9 pTM=0.363
2026-04-02 22:31:07,351 alphafold2_ptm_model_4_seed_017 took 31.9s (0 recycles)
2026-04-02 22:31:39,714 alphafold2_ptm_model_5_seed_017 recycle=0 pLDDT=73.8 pTM=0.479
2026-04-02 22:31:39,716 alphafold2_ptm_model_5_seed_017 took 31.9s (0 recycles)
2026-04-02 22:32:20,819 alphafold2_ptm_model_1_seed_018 recycle=0 pLDDT=80.8 pTM=0.758
2026-04-02 22:32:20,820 alphafold2_ptm_model_1_seed_018 took 34.6s (0 recycles)
2026-04-02 22:32:55,968 alphafold2_ptm_model_2_seed_018 recycle=0 pLDDT=80.7 pTM=0.688
2026-04-02 22:32:55,970 alphafold2_ptm_model_2_seed_018 took 34.7s (0 recycles)
2026-04-02 22:33:28,305 alphafold2_ptm_model_3_seed_018 recycle=0 pLDDT=45 pTM=0.295
2026-04-02 22:33:28,306 alphafold2_ptm_model_3_seed_018 took 31.8s (0 recycles)
2026-04-02 22:34:00,905 alphafold2_ptm_model_4_seed_018 recycle=0 pLDDT=68 pTM=0.446
2026-04-02 22:34:00,907 alphafold2_ptm_model_4_seed_018 took 31.9s (0 recycles)
2026-04-02 22:34:33,254 alphafold2_ptm_model_5_seed_018 recycle=0 pLDDT=75.1 pTM=0.559
2026-04-02 22:34:33,255 alphafold2_ptm_model_5_seed_018 took 31.9s (0 recycles)
2026-04-02 22:35:14,342 alphafold2_ptm_model_1_seed_019 recycle=0 pLDDT=80.2 pTM=0.757
2026-04-02 22:35:14,343 alphafold2_ptm_model_1_seed_019 took 34.6s (0 recycles)
2026-04-02 22:35:49,499 alphafold2_ptm_model_2_seed_019 recycle=0 pLDDT=81.6 pTM=0.702
2026-04-02 22:35:49,500 alphafold2_ptm_model_2_seed_019 took 34.7s (0 recycles)
2026-04-02 22:36:21,865 alphafold2_ptm_model_3_seed_019 recycle=0 pLDDT=48.2 pTM=0.306
2026-04-02 22:36:21,866 alphafold2_ptm_model_3_seed_019 took 31.9s (0 recycles)
2026-04-02 22:36:54,276 alphafold2_ptm_model_4_seed_019 recycle=0 pLDDT=72.9 pTM=0.483
2026-04-02 22:36:54,277 alphafold2_ptm_model_4_seed_019 took 31.9s (0 recycles)
2026-04-02 22:37:26,670 alphafold2_ptm_model_5_seed_019 recycle=0 pLDDT=76.9 pTM=0.545
2026-04-02 22:37:26,671 alphafold2_ptm_model_5_seed_019 took 31.9s (0 recycles)
2026-04-02 22:38:07,838 alphafold2_ptm_model_1_seed_020 recycle=0 pLDDT=82.8 pTM=0.784
2026-04-02 22:38:07,839 alphafold2_ptm_model_1_seed_020 took 34.6s (0 recycles)
2026-04-02 22:38:42,972 alphafold2_ptm_model_2_seed_020 recycle=0 pLDDT=82 pTM=0.728
2026-04-02 22:38:42,973 alphafold2_ptm_model_2_seed_020 took 34.6s (0 recycles)
2026-04-02 22:39:15,303 alphafold2_ptm_model_3_seed_020 recycle=0 pLDDT=37.1 pTM=0.597
2026-04-02 22:39:15,304 alphafold2_ptm_model_3_seed_020 took 31.8s (0 recycles)
2026-04-02 22:39:47,664 alphafold2_ptm_model_4_seed_020 recycle=0 pLDDT=69.1 pTM=0.443
2026-04-02 22:39:47,665 alphafold2_ptm_model_4_seed_020 took 31.9s (0 recycles)
2026-04-02 22:40:20,002 alphafold2_ptm_model_5_seed_020 recycle=0 pLDDT=68.5 pTM=0.591
2026-04-02 22:40:20,003 alphafold2_ptm_model_5_seed_020 took 31.9s (0 recycles)
2026-04-02 22:41:01,159 alphafold2_ptm_model_1_seed_021 recycle=0 pLDDT=80.2 pTM=0.768
2026-04-02 22:41:01,160 alphafold2_ptm_model_1_seed_021 took 34.6s (0 recycles)
2026-04-02 22:41:36,265 alphafold2_ptm_model_2_seed_021 recycle=0 pLDDT=79.8 pTM=0.692
2026-04-02 22:41:36,266 alphafold2_ptm_model_2_seed_021 took 34.6s (0 recycles)
2026-04-02 22:42:08,611 alphafold2_ptm_model_3_seed_021 recycle=0 pLDDT=49.4 pTM=0.297
2026-04-02 22:42:08,612 alphafold2_ptm_model_3_seed_021 took 31.9s (0 recycles)
2026-04-02 22:42:40,981 alphafold2_ptm_model_4_seed_021 recycle=0 pLDDT=71.2 pTM=0.469
2026-04-02 22:42:40,982 alphafold2_ptm_model_4_seed_021 took 31.9s (0 recycles)
2026-04-02 22:43:13,357 alphafold2_ptm_model_5_seed_021 recycle=0 pLDDT=77.4 pTM=0.533
2026-04-02 22:43:13,358 alphafold2_ptm_model_5_seed_021 took 31.9s (0 recycles)
2026-04-02 22:43:54,492 alphafold2_ptm_model_1_seed_022 recycle=0 pLDDT=73.3 pTM=0.667
2026-04-02 22:43:54,493 alphafold2_ptm_model_1_seed_022 took 34.6s (0 recycles)
2026-04-02 22:44:29,615 alphafold2_ptm_model_2_seed_022 recycle=0 pLDDT=73.7 pTM=0.609
2026-04-02 22:44:29,616 alphafold2_ptm_model_2_seed_022 took 34.6s (0 recycles)
2026-04-02 22:45:01,949 alphafold2_ptm_model_3_seed_022 recycle=0 pLDDT=40.8 pTM=0.413
2026-04-02 22:45:01,950 alphafold2_ptm_model_3_seed_022 took 31.8s (0 recycles)
2026-04-02 22:45:34,302 alphafold2_ptm_model_4_seed_022 recycle=0 pLDDT=71.4 pTM=0.543
2026-04-02 22:45:34,303 alphafold2_ptm_model_4_seed_022 took 31.9s (0 recycles)
2026-04-02 22:46:06,641 alphafold2_ptm_model_5_seed_022 recycle=0 pLDDT=75.7 pTM=0.697
2026-04-02 22:46:06,642 alphafold2_ptm_model_5_seed_022 took 31.9s (0 recycles)
2026-04-02 22:46:47,823 alphafold2_ptm_model_1_seed_023 recycle=0 pLDDT=77.1 pTM=0.74
2026-04-02 22:46:47,825 alphafold2_ptm_model_1_seed_023 took 34.6s (0 recycles)
2026-04-02 22:47:22,960 alphafold2_ptm_model_2_seed_023 recycle=0 pLDDT=77.5 pTM=0.686
2026-04-02 22:47:22,961 alphafold2_ptm_model_2_seed_023 took 34.6s (0 recycles)
2026-04-02 22:47:55,313 alphafold2_ptm_model_3_seed_023 recycle=0 pLDDT=35.7 pTM=0.245
2026-04-02 22:47:55,314 alphafold2_ptm_model_3_seed_023 took 31.9s (0 recycles)
2026-04-02 22:48:27,675 alphafold2_ptm_model_4_seed_023 recycle=0 pLDDT=69.6 pTM=0.47
2026-04-02 22:48:27,677 alphafold2_ptm_model_4_seed_023 took 31.9s (0 recycles)
2026-04-02 22:49:00,046 alphafold2_ptm_model_5_seed_023 recycle=0 pLDDT=76.1 pTM=0.725
2026-04-02 22:49:00,047 alphafold2_ptm_model_5_seed_023 took 31.9s (0 recycles)
2026-04-02 22:49:41,222 alphafold2_ptm_model_1_seed_024 recycle=0 pLDDT=79.8 pTM=0.776
2026-04-02 22:49:41,223 alphafold2_ptm_model_1_seed_024 took 34.6s (0 recycles)
2026-04-02 22:50:16,348 alphafold2_ptm_model_2_seed_024 recycle=0 pLDDT=78.1 pTM=0.681
2026-04-02 22:50:16,349 alphafold2_ptm_model_2_seed_024 took 34.6s (0 recycles)
2026-04-02 22:50:48,926 alphafold2_ptm_model_3_seed_024 recycle=0 pLDDT=38.1 pTM=0.302
2026-04-02 22:50:48,927 alphafold2_ptm_model_3_seed_024 took 31.9s (0 recycles)
2026-04-02 22:51:21,326 alphafold2_ptm_model_4_seed_024 recycle=0 pLDDT=67.9 pTM=0.429
2026-04-02 22:51:21,327 alphafold2_ptm_model_4_seed_024 took 31.9s (0 recycles)
2026-04-02 22:51:53,708 alphafold2_ptm_model_5_seed_024 recycle=0 pLDDT=71 pTM=0.461
2026-04-02 22:51:53,709 alphafold2_ptm_model_5_seed_024 took 31.9s (0 recycles)
2026-04-02 22:51:54,199 reranking models by 'plddt' metric
2026-04-02 22:51:54,199 rank_001_alphafold2_ptm_model_1_seed_010 pLDDT=83.1 pTM=0.781
2026-04-02 22:51:54,201 rank_002_alphafold2_ptm_model_1_seed_020 pLDDT=82.8 pTM=0.784
2026-04-02 22:51:54,203 rank_003_alphafold2_ptm_model_1_seed_011 pLDDT=82.4 pTM=0.793
2026-04-02 22:51:54,205 rank_004_alphafold2_ptm_model_2_seed_002 pLDDT=82.4 pTM=0.711
2026-04-02 22:51:54,207 rank_005_alphafold2_ptm_model_2_seed_020 pLDDT=82 pTM=0.728
2026-04-02 22:51:54,208 rank_006_alphafold2_ptm_model_2_seed_010 pLDDT=81.6 pTM=0.721
2026-04-02 22:51:54,210 rank_007_alphafold2_ptm_model_2_seed_019 pLDDT=81.6 pTM=0.702
2026-04-02 22:51:54,212 rank_008_alphafold2_ptm_model_1_seed_002 pLDDT=81.6 pTM=0.754
2026-04-02 22:51:54,214 rank_009_alphafold2_ptm_model_1_seed_013 pLDDT=81.3 pTM=0.778
2026-04-02 22:51:54,216 rank_010_alphafold2_ptm_model_2_seed_011 pLDDT=81.2 pTM=0.728
2026-04-02 22:51:54,218 rank_011_alphafold2_ptm_model_2_seed_009 pLDDT=81 pTM=0.702
2026-04-02 22:51:54,219 rank_012_alphafold2_ptm_model_1_seed_008 pLDDT=80.9 pTM=0.784
2026-04-02 22:51:54,221 rank_013_alphafold2_ptm_model_1_seed_009 pLDDT=80.8 pTM=0.769
2026-04-02 22:51:54,223 rank_014_alphafold2_ptm_model_1_seed_018 pLDDT=80.8 pTM=0.758
2026-04-02 22:51:54,225 rank_015_alphafold2_ptm_model_2_seed_018 pLDDT=80.7 pTM=0.688
2026-04-02 22:51:54,227 rank_016_alphafold2_ptm_model_2_seed_000 pLDDT=80.5 pTM=0.688
2026-04-02 22:51:54,229 rank_017_alphafold2_ptm_model_1_seed_000 pLDDT=80.4 pTM=0.753
2026-04-02 22:51:54,230 rank_018_alphafold2_ptm_model_1_seed_021 pLDDT=80.2 pTM=0.768
2026-04-02 22:51:54,232 rank_019_alphafold2_ptm_model_1_seed_019 pLDDT=80.2 pTM=0.757
2026-04-02 22:51:54,234 rank_020_alphafold2_ptm_model_2_seed_001 pLDDT=80.1 pTM=0.722
2026-04-02 22:51:54,236 rank_021_alphafold2_ptm_model_2_seed_008 pLDDT=80 pTM=0.679
2026-04-02 22:51:54,237 rank_022_alphafold2_ptm_model_1_seed_024 pLDDT=79.8 pTM=0.776
2026-04-02 22:51:54,239 rank_023_alphafold2_ptm_model_5_seed_008 pLDDT=79.8 pTM=0.63
2026-04-02 22:51:54,241 rank_024_alphafold2_ptm_model_1_seed_012 pLDDT=79.8 pTM=0.761
2026-04-02 22:51:54,243 rank_025_alphafold2_ptm_model_2_seed_021 pLDDT=79.8 pTM=0.692
2026-04-02 22:51:54,247 rank_026_alphafold2_ptm_model_1_seed_001 pLDDT=79.8 pTM=0.781
2026-04-02 22:51:54,249 rank_027_alphafold2_ptm_model_2_seed_013 pLDDT=79.7 pTM=0.697
2026-04-02 22:51:54,251 rank_028_alphafold2_ptm_model_1_seed_006 pLDDT=79.5 pTM=0.741
2026-04-02 22:51:54,252 rank_029_alphafold2_ptm_model_2_seed_006 pLDDT=79.4 pTM=0.697
2026-04-02 22:51:54,254 rank_030_alphafold2_ptm_model_1_seed_016 pLDDT=79.3 pTM=0.783
2026-04-02 22:51:54,256 rank_031_alphafold2_ptm_model_2_seed_003 pLDDT=78.9 pTM=0.667
2026-04-02 22:51:54,258 rank_032_alphafold2_ptm_model_1_seed_003 pLDDT=78.2 pTM=0.765
2026-04-02 22:51:54,259 rank_033_alphafold2_ptm_model_2_seed_024 pLDDT=78.1 pTM=0.681
2026-04-02 22:51:54,261 rank_034_alphafold2_ptm_model_1_seed_015 pLDDT=78 pTM=0.759
2026-04-02 22:51:54,263 rank_035_alphafold2_ptm_model_2_seed_012 pLDDT=78 pTM=0.659
2026-04-02 22:51:54,265 rank_036_alphafold2_ptm_model_5_seed_006 pLDDT=77.8 pTM=0.6
2026-04-02 22:51:54,266 rank_037_alphafold2_ptm_model_2_seed_015 pLDDT=77.8 pTM=0.676
2026-04-02 22:51:54,268 rank_038_alphafold2_ptm_model_2_seed_004 pLDDT=77.7 pTM=0.653
2026-04-02 22:51:54,270 rank_039_alphafold2_ptm_model_2_seed_007 pLDDT=77.6 pTM=0.677
2026-04-02 22:51:54,272 rank_040_alphafold2_ptm_model_2_seed_023 pLDDT=77.5 pTM=0.686
2026-04-02 22:51:54,274 rank_041_alphafold2_ptm_model_5_seed_021 pLDDT=77.4 pTM=0.533
2026-04-02 22:51:54,276 rank_042_alphafold2_ptm_model_1_seed_014 pLDDT=77.4 pTM=0.741
2026-04-02 22:51:54,278 rank_043_alphafold2_ptm_model_5_seed_012 pLDDT=77.4 pTM=0.589
2026-04-02 22:51:54,279 rank_044_alphafold2_ptm_model_1_seed_023 pLDDT=77.1 pTM=0.74
2026-04-02 22:51:54,281 rank_045_alphafold2_ptm_model_5_seed_011 pLDDT=77 pTM=0.594
2026-04-02 22:51:54,283 rank_046_alphafold2_ptm_model_5_seed_019 pLDDT=76.9 pTM=0.545
2026-04-02 22:51:54,285 rank_047_alphafold2_ptm_model_1_seed_004 pLDDT=76.2 pTM=0.739
2026-04-02 22:51:54,286 rank_048_alphafold2_ptm_model_5_seed_023 pLDDT=76.1 pTM=0.725
2026-04-02 22:51:54,288 rank_049_alphafold2_ptm_model_4_seed_009 pLDDT=76.1 pTM=0.457
2026-04-02 22:51:54,290 rank_050_alphafold2_ptm_model_2_seed_005 pLDDT=75.9 pTM=0.618
2026-04-02 22:51:54,292 rank_051_alphafold2_ptm_model_2_seed_014 pLDDT=75.9 pTM=0.636
2026-04-02 22:51:54,294 rank_052_alphafold2_ptm_model_5_seed_016 pLDDT=75.8 pTM=0.556
2026-04-02 22:51:54,295 rank_053_alphafold2_ptm_model_5_seed_022 pLDDT=75.7 pTM=0.697
2026-04-02 22:51:54,297 rank_054_alphafold2_ptm_model_2_seed_017 pLDDT=75.7 pTM=0.653
2026-04-02 22:51:54,299 rank_055_alphafold2_ptm_model_2_seed_016 pLDDT=75.6 pTM=0.65
2026-04-02 22:51:54,300 rank_056_alphafold2_ptm_model_5_seed_009 pLDDT=75.5 pTM=0.501
2026-04-02 22:51:54,302 rank_057_alphafold2_ptm_model_5_seed_018 pLDDT=75.1 pTM=0.559
2026-04-02 22:51:54,304 rank_058_alphafold2_ptm_model_5_seed_004 pLDDT=75 pTM=0.545
2026-04-02 22:51:54,306 rank_059_alphafold2_ptm_model_4_seed_008 pLDDT=74.9 pTM=0.48
2026-04-02 22:51:54,308 rank_060_alphafold2_ptm_model_5_seed_000 pLDDT=74.9 pTM=0.521
2026-04-02 22:51:54,310 rank_061_alphafold2_ptm_model_5_seed_007 pLDDT=74.8 pTM=0.511
2026-04-02 22:51:54,311 rank_062_alphafold2_ptm_model_1_seed_005 pLDDT=74.6 pTM=0.682
2026-04-02 22:51:54,313 rank_063_alphafold2_ptm_model_5_seed_005 pLDDT=74.4 pTM=0.55
2026-04-02 22:51:54,315 rank_064_alphafold2_ptm_model_5_seed_017 pLDDT=73.8 pTM=0.479
2026-04-02 22:51:54,317 rank_065_alphafold2_ptm_model_2_seed_022 pLDDT=73.7 pTM=0.609
2026-04-02 22:51:54,319 rank_066_alphafold2_ptm_model_1_seed_007 pLDDT=73.4 pTM=0.734
2026-04-02 22:51:54,321 rank_067_alphafold2_ptm_model_1_seed_022 pLDDT=73.3 pTM=0.667
2026-04-02 22:51:54,322 rank_068_alphafold2_ptm_model_5_seed_013 pLDDT=73.2 pTM=0.508
2026-04-02 22:51:54,324 rank_069_alphafold2_ptm_model_5_seed_001 pLDDT=72.9 pTM=0.468
2026-04-02 22:51:54,326 rank_070_alphafold2_ptm_model_1_seed_017 pLDDT=72.9 pTM=0.711
2026-04-02 22:51:54,328 rank_071_alphafold2_ptm_model_4_seed_019 pLDDT=72.9 pTM=0.483
2026-04-02 22:51:54,330 rank_072_alphafold2_ptm_model_4_seed_016 pLDDT=72.6 pTM=0.466
2026-04-02 22:51:54,332 rank_073_alphafold2_ptm_model_5_seed_015 pLDDT=72.4 pTM=0.494
2026-04-02 22:51:54,334 rank_074_alphafold2_ptm_model_5_seed_010 pLDDT=72.2 pTM=0.521
2026-04-02 22:51:54,335 rank_075_alphafold2_ptm_model_5_seed_002 pLDDT=72.1 pTM=0.493
2026-04-02 22:51:54,337 rank_076_alphafold2_ptm_model_4_seed_010 pLDDT=71.4 pTM=0.439
2026-04-02 22:51:54,339 rank_077_alphafold2_ptm_model_4_seed_022 pLDDT=71.4 pTM=0.543
2026-04-02 22:51:54,340 rank_078_alphafold2_ptm_model_4_seed_021 pLDDT=71.2 pTM=0.469
2026-04-02 22:51:54,342 rank_079_alphafold2_ptm_model_4_seed_011 pLDDT=71.1 pTM=0.448
2026-04-02 22:51:54,344 rank_080_alphafold2_ptm_model_5_seed_024 pLDDT=71 pTM=0.461
2026-04-02 22:51:54,346 rank_081_alphafold2_ptm_model_5_seed_003 pLDDT=70.6 pTM=0.481
2026-04-02 22:51:54,348 rank_082_alphafold2_ptm_model_4_seed_013 pLDDT=70.1 pTM=0.451
2026-04-02 22:51:54,349 rank_083_alphafold2_ptm_model_4_seed_023 pLDDT=69.6 pTM=0.47
2026-04-02 22:51:54,351 rank_084_alphafold2_ptm_model_5_seed_014 pLDDT=69.4 pTM=0.483
2026-04-02 22:51:54,353 rank_085_alphafold2_ptm_model_4_seed_000 pLDDT=69.3 pTM=0.45
2026-04-02 22:51:54,355 rank_086_alphafold2_ptm_model_4_seed_020 pLDDT=69.1 pTM=0.443
2026-04-02 22:51:54,356 rank_087_alphafold2_ptm_model_4_seed_003 pLDDT=68.7 pTM=0.458
2026-04-02 22:51:54,358 rank_088_alphafold2_ptm_model_5_seed_020 pLDDT=68.5 pTM=0.591
2026-04-02 22:51:54,360 rank_089_alphafold2_ptm_model_4_seed_015 pLDDT=68.4 pTM=0.461
2026-04-02 22:51:54,362 rank_090_alphafold2_ptm_model_4_seed_012 pLDDT=68.4 pTM=0.426
2026-04-02 22:51:54,364 rank_091_alphafold2_ptm_model_4_seed_001 pLDDT=68.3 pTM=0.418
2026-04-02 22:51:54,366 rank_092_alphafold2_ptm_model_4_seed_006 pLDDT=68 pTM=0.436
2026-04-02 22:51:54,368 rank_093_alphafold2_ptm_model_4_seed_018 pLDDT=68 pTM=0.446
2026-04-02 22:51:54,370 rank_094_alphafold2_ptm_model_4_seed_024 pLDDT=67.9 pTM=0.429
2026-04-02 22:51:54,372 rank_095_alphafold2_ptm_model_4_seed_007 pLDDT=67.6 pTM=0.417
2026-04-02 22:51:54,374 rank_096_alphafold2_ptm_model_4_seed_004 pLDDT=67.1 pTM=0.428
2026-04-02 22:51:54,376 rank_097_alphafold2_ptm_model_4_seed_014 pLDDT=66.7 pTM=0.417
2026-04-02 22:51:54,378 rank_098_alphafold2_ptm_model_4_seed_005 pLDDT=66.6 pTM=0.448
2026-04-02 22:51:54,380 rank_099_alphafold2_ptm_model_4_seed_002 pLDDT=63.1 pTM=0.428
2026-04-02 22:51:54,382 rank_100_alphafold2_ptm_model_3_seed_009 pLDDT=60.8 pTM=0.413
2026-04-02 22:51:54,384 rank_101_alphafold2_ptm_model_4_seed_017 pLDDT=56.9 pTM=0.363
2026-04-02 22:51:54,385 rank_102_alphafold2_ptm_model_3_seed_000 pLDDT=55.9 pTM=0.394
2026-04-02 22:51:54,388 rank_103_alphafold2_ptm_model_3_seed_010 pLDDT=50.2 pTM=0.332
2026-04-02 22:51:54,390 rank_104_alphafold2_ptm_model_3_seed_021 pLDDT=49.4 pTM=0.297
2026-04-02 22:51:54,392 rank_105_alphafold2_ptm_model_3_seed_019 pLDDT=48.2 pTM=0.306
2026-04-02 22:51:54,394 rank_106_alphafold2_ptm_model_3_seed_006 pLDDT=45.4 pTM=0.288
2026-04-02 22:51:54,396 rank_107_alphafold2_ptm_model_3_seed_018 pLDDT=45 pTM=0.295
2026-04-02 22:51:54,398 rank_108_alphafold2_ptm_model_3_seed_016 pLDDT=44.7 pTM=0.303
2026-04-02 22:51:54,400 rank_109_alphafold2_ptm_model_3_seed_022 pLDDT=40.8 pTM=0.413
2026-04-02 22:51:54,402 rank_110_alphafold2_ptm_model_3_seed_013 pLDDT=40.3 pTM=0.257
2026-04-02 22:51:54,404 rank_111_alphafold2_ptm_model_3_seed_011 pLDDT=39.4 pTM=0.292
2026-04-02 22:51:54,406 rank_112_alphafold2_ptm_model_3_seed_024 pLDDT=38.1 pTM=0.302
2026-04-02 22:51:54,408 rank_113_alphafold2_ptm_model_3_seed_020 pLDDT=37.1 pTM=0.597
2026-04-02 22:51:54,410 rank_114_alphafold2_ptm_model_3_seed_003 pLDDT=36.7 pTM=0.246
2026-04-02 22:51:54,412 rank_115_alphafold2_ptm_model_3_seed_014 pLDDT=35.9 pTM=0.241
2026-04-02 22:51:54,414 rank_116_alphafold2_ptm_model_3_seed_023 pLDDT=35.7 pTM=0.245
2026-04-02 22:51:54,416 rank_117_alphafold2_ptm_model_3_seed_008 pLDDT=32.7 pTM=0.635
2026-04-02 22:51:54,418 rank_118_alphafold2_ptm_model_3_seed_004 pLDDT=32.3 pTM=0.2
2026-04-02 22:51:54,419 rank_119_alphafold2_ptm_model_3_seed_012 pLDDT=29.9 pTM=0.308
2026-04-02 22:51:54,421 rank_120_alphafold2_ptm_model_3_seed_002 pLDDT=29.1 pTM=0.535
2026-04-02 22:51:54,423 rank_121_alphafold2_ptm_model_3_seed_007 pLDDT=29 pTM=0.318
2026-04-02 22:51:54,425 rank_122_alphafold2_ptm_model_3_seed_005 pLDDT=28.4 pTM=0.644
2026-04-02 22:51:54,427 rank_123_alphafold2_ptm_model_3_seed_017 pLDDT=27.5 pTM=0.315
2026-04-02 22:51:54,429 rank_124_alphafold2_ptm_model_3_seed_015 pLDDT=26.7 pTM=0.276
2026-04-02 22:51:54,431 rank_125_alphafold2_ptm_model_3_seed_001 pLDDT=23.5 pTM=0.501
2026-04-02 22:51:57,547 Done
WARNING: All log messages before absl::InitializeLog() is called are written to STDERR
E0000 00:00:1775184763.002898   11302 cuda_dnn.cc:8310] Unable to register cuDNN factory: Attempting to register factory for plugin cuDNN when one has already been registered
E0000 00:00:1775184763.011505   11302 cuda_blas.cc:1418] Unable to register cuBLAS factory: Attempting to register factory for plugin cuBLAS when one has already been registered
2026-04-02 22:52:51,190 Running colabfold 1.5.5 (e2ca9e8f992cd65c986de5b64885d5572d8b8ad9)
2026-04-02 22:52:52,632 Running on GPU
2026-04-02 22:52:53,665 Found 8 citations for tools or databases
2026-04-02 22:53:45,679 Query 1/1: UvrD (length 644)
  0%|          | 0/150 [elapsed: 00:00 remaining: ?]SUBMIT:   0%|          | 0/150 [elapsed: 00:00 remaining: ?]COMPLETE:   0%|          | 0/150 [elapsed: 00:00 remaining: ?]COMPLETE: 100%|██████████| 150/150 [elapsed: 00:00 remaining: 00:00]COMPLETE: 100%|██████████| 150/150 [elapsed: 00:08 remaining: 00:00]
WARNING: All log messages before absl::InitializeLog() is called are written to STDERR
I0000 00:00:1775184860.522279   11302 mlir_graph_optimization_pass.cc:401] MLIR V1 optimization pass is not enabled
2026-04-02 22:54:05,831 Sequence 0 found templates: ['0067_A', '0047_A', '0006_A', '0086_A', '0068_A', '0022_A', '0007_A', '0048_A', '0071_A', '0087_A', '0008_A', '0023_A', '0070_A', '0049_A', '0009_A', '0088_A', '0072_A', '0024_A', '0010_A', '0050_A']
2026-04-02 22:54:13,122 Setting max_seq=16, max_extra_seq=32
2026-04-02 22:55:27,834 alphafold2_ptm_model_1_seed_000 recycle=0 pLDDT=73.8 pTM=0.62
2026-04-02 22:55:27,835 alphafold2_ptm_model_1_seed_000 took 62.6s (0 recycles)
2026-04-02 22:56:02,860 alphafold2_ptm_model_2_seed_000 recycle=0 pLDDT=72.6 pTM=0.561
2026-04-02 22:56:02,861 alphafold2_ptm_model_2_seed_000 took 34.5s (0 recycles)
2026-04-02 22:56:49,311 alphafold2_ptm_model_3_seed_000 recycle=0 pLDDT=55.9 pTM=0.394
2026-04-02 22:56:49,318 alphafold2_ptm_model_3_seed_000 took 46.0s (0 recycles)
2026-04-02 22:57:22,186 alphafold2_ptm_model_4_seed_000 recycle=0 pLDDT=69.3 pTM=0.45
2026-04-02 22:57:22,193 alphafold2_ptm_model_4_seed_000 took 32.1s (0 recycles)
2026-04-02 22:57:54,833 alphafold2_ptm_model_5_seed_000 recycle=0 pLDDT=74.9 pTM=0.521
2026-04-02 22:57:54,841 alphafold2_ptm_model_5_seed_000 took 32.1s (0 recycles)
2026-04-02 22:58:43,115 alphafold2_ptm_model_1_seed_001 recycle=0 pLDDT=76.5 pTM=0.673
2026-04-02 22:58:43,124 alphafold2_ptm_model_1_seed_001 took 34.8s (0 recycles)
2026-04-02 22:59:18,554 alphafold2_ptm_model_2_seed_001 recycle=0 pLDDT=71.4 pTM=0.565
2026-04-02 22:59:18,563 alphafold2_ptm_model_2_seed_001 took 34.9s (0 recycles)
2026-04-02 22:59:51,185 alphafold2_ptm_model_3_seed_001 recycle=0 pLDDT=23.5 pTM=0.501
2026-04-02 22:59:51,193 alphafold2_ptm_model_3_seed_001 took 32.1s (0 recycles)
2026-04-02 23:00:23,874 alphafold2_ptm_model_4_seed_001 recycle=0 pLDDT=68.3 pTM=0.418
2026-04-02 23:00:23,883 alphafold2_ptm_model_4_seed_001 took 32.2s (0 recycles)
2026-04-02 23:00:56,582 alphafold2_ptm_model_5_seed_001 recycle=0 pLDDT=72.9 pTM=0.468
2026-04-02 23:00:56,590 alphafold2_ptm_model_5_seed_001 took 32.2s (0 recycles)
2026-04-02 23:01:42,566 alphafold2_ptm_model_1_seed_002 recycle=0 pLDDT=74.6 pTM=0.616
2026-04-02 23:01:42,568 alphafold2_ptm_model_1_seed_002 took 34.6s (0 recycles)
2026-04-02 23:02:17,913 alphafold2_ptm_model_2_seed_002 recycle=0 pLDDT=73.4 pTM=0.547
2026-04-02 23:02:17,914 alphafold2_ptm_model_2_seed_002 took 34.6s (0 recycles)
2026-04-02 23:02:50,747 alphafold2_ptm_model_3_seed_002 recycle=0 pLDDT=29.1 pTM=0.535
2026-04-02 23:02:50,755 alphafold2_ptm_model_3_seed_002 took 32.3s (0 recycles)
2026-04-02 23:03:23,633 alphafold2_ptm_model_4_seed_002 recycle=0 pLDDT=63.1 pTM=0.428
2026-04-02 23:03:23,640 alphafold2_ptm_model_4_seed_002 took 32.2s (0 recycles)
2026-04-02 23:03:56,285 alphafold2_ptm_model_5_seed_002 recycle=0 pLDDT=72.1 pTM=0.493
2026-04-02 23:03:56,292 alphafold2_ptm_model_5_seed_002 took 32.1s (0 recycles)
2026-04-02 23:04:44,427 alphafold2_ptm_model_1_seed_003 recycle=0 pLDDT=74.5 pTM=0.64
2026-04-02 23:04:44,435 alphafold2_ptm_model_1_seed_003 took 34.8s (0 recycles)
2026-04-02 23:05:19,848 alphafold2_ptm_model_2_seed_003 recycle=0 pLDDT=70.4 pTM=0.526
2026-04-02 23:05:19,856 alphafold2_ptm_model_2_seed_003 took 34.9s (0 recycles)
2026-04-02 23:05:52,540 alphafold2_ptm_model_3_seed_003 recycle=0 pLDDT=36.7 pTM=0.246
2026-04-02 23:05:52,548 alphafold2_ptm_model_3_seed_003 took 32.1s (0 recycles)
2026-04-02 23:06:25,274 alphafold2_ptm_model_4_seed_003 recycle=0 pLDDT=68.7 pTM=0.458
2026-04-02 23:06:25,282 alphafold2_ptm_model_4_seed_003 took 32.2s (0 recycles)
2026-04-02 23:06:57,973 alphafold2_ptm_model_5_seed_003 recycle=0 pLDDT=70.6 pTM=0.481
2026-04-02 23:06:57,981 alphafold2_ptm_model_5_seed_003 took 32.2s (0 recycles)
2026-04-02 23:07:46,658 alphafold2_ptm_model_1_seed_004 recycle=0 pLDDT=70.7 pTM=0.597
2026-04-02 23:07:46,659 alphafold2_ptm_model_1_seed_004 took 34.6s (0 recycles)
2026-04-02 23:08:21,799 alphafold2_ptm_model_2_seed_004 recycle=0 pLDDT=68.2 pTM=0.5
2026-04-02 23:08:21,800 alphafold2_ptm_model_2_seed_004 took 34.6s (0 recycles)
2026-04-02 23:08:54,177 alphafold2_ptm_model_3_seed_004 recycle=0 pLDDT=32.3 pTM=0.2
2026-04-02 23:08:54,179 alphafold2_ptm_model_3_seed_004 took 31.9s (0 recycles)
2026-04-02 23:09:27,038 alphafold2_ptm_model_4_seed_004 recycle=0 pLDDT=67.1 pTM=0.428
2026-04-02 23:09:27,045 alphafold2_ptm_model_4_seed_004 took 32.4s (0 recycles)
2026-04-02 23:09:59,689 alphafold2_ptm_model_5_seed_004 recycle=0 pLDDT=75 pTM=0.545
2026-04-02 23:09:59,697 alphafold2_ptm_model_5_seed_004 took 32.1s (0 recycles)
2026-04-02 23:10:47,797 alphafold2_ptm_model_1_seed_005 recycle=0 pLDDT=70.9 pTM=0.589
2026-04-02 23:10:47,805 alphafold2_ptm_model_1_seed_005 took 34.8s (0 recycles)
2026-04-02 23:11:23,182 alphafold2_ptm_model_2_seed_005 recycle=0 pLDDT=65.8 pTM=0.476
2026-04-02 23:11:23,190 alphafold2_ptm_model_2_seed_005 took 34.9s (0 recycles)
2026-04-02 23:11:55,813 alphafold2_ptm_model_3_seed_005 recycle=0 pLDDT=28.4 pTM=0.644
2026-04-02 23:11:55,821 alphafold2_ptm_model_3_seed_005 took 32.1s (0 recycles)
2026-04-02 23:12:28,485 alphafold2_ptm_model_4_seed_005 recycle=0 pLDDT=66.6 pTM=0.448
2026-04-02 23:12:28,493 alphafold2_ptm_model_4_seed_005 took 32.1s (0 recycles)
2026-04-02 23:13:01,159 alphafold2_ptm_model_5_seed_005 recycle=0 pLDDT=74.4 pTM=0.55
2026-04-02 23:13:01,167 alphafold2_ptm_model_5_seed_005 took 32.1s (0 recycles)
2026-04-02 23:13:50,195 alphafold2_ptm_model_1_seed_006 recycle=0 pLDDT=73.2 pTM=0.612
2026-04-02 23:13:50,205 alphafold2_ptm_model_1_seed_006 took 35.0s (0 recycles)
2026-04-02 23:14:25,683 alphafold2_ptm_model_2_seed_006 recycle=0 pLDDT=72.9 pTM=0.553
2026-04-02 23:14:25,691 alphafold2_ptm_model_2_seed_006 took 34.9s (0 recycles)
2026-04-02 23:14:58,564 alphafold2_ptm_model_3_seed_006 recycle=0 pLDDT=45.4 pTM=0.288
2026-04-02 23:14:58,572 alphafold2_ptm_model_3_seed_006 took 32.1s (0 recycles)
2026-04-02 23:15:31,260 alphafold2_ptm_model_4_seed_006 recycle=0 pLDDT=68 pTM=0.436
2026-04-02 23:15:31,269 alphafold2_ptm_model_4_seed_006 took 32.2s (0 recycles)
2026-04-02 23:16:04,058 alphafold2_ptm_model_5_seed_006 recycle=0 pLDDT=77.8 pTM=0.6
2026-04-02 23:16:04,065 alphafold2_ptm_model_5_seed_006 took 32.3s (0 recycles)
2026-04-02 23:16:53,249 alphafold2_ptm_model_1_seed_007 recycle=0 pLDDT=71 pTM=0.604
2026-04-02 23:16:53,257 alphafold2_ptm_model_1_seed_007 took 34.8s (0 recycles)
2026-04-02 23:17:28,629 alphafold2_ptm_model_2_seed_007 recycle=0 pLDDT=67.9 pTM=0.518
2026-04-02 23:17:28,637 alphafold2_ptm_model_2_seed_007 took 34.8s (0 recycles)
2026-04-02 23:18:01,269 alphafold2_ptm_model_3_seed_007 recycle=0 pLDDT=29 pTM=0.318
2026-04-02 23:18:01,278 alphafold2_ptm_model_3_seed_007 took 32.1s (0 recycles)
2026-04-02 23:18:33,960 alphafold2_ptm_model_4_seed_007 recycle=0 pLDDT=67.6 pTM=0.417
2026-04-02 23:18:33,967 alphafold2_ptm_model_4_seed_007 took 32.2s (0 recycles)
2026-04-02 23:19:06,399 alphafold2_ptm_model_5_seed_007 recycle=0 pLDDT=74.8 pTM=0.511
2026-04-02 23:19:06,400 alphafold2_ptm_model_5_seed_007 took 31.9s (0 recycles)
2026-04-02 23:19:47,942 alphafold2_ptm_model_1_seed_008 recycle=0 pLDDT=75.1 pTM=0.638
2026-04-02 23:19:47,944 alphafold2_ptm_model_1_seed_008 took 34.6s (0 recycles)
2026-04-02 23:20:23,080 alphafold2_ptm_model_2_seed_008 recycle=0 pLDDT=70.9 pTM=0.547
2026-04-02 23:20:23,082 alphafold2_ptm_model_2_seed_008 took 34.6s (0 recycles)
2026-04-02 23:20:55,445 alphafold2_ptm_model_3_seed_008 recycle=0 pLDDT=32.7 pTM=0.635
2026-04-02 23:20:55,446 alphafold2_ptm_model_3_seed_008 took 31.9s (0 recycles)
2026-04-02 23:21:28,060 alphafold2_ptm_model_4_seed_008 recycle=0 pLDDT=74.9 pTM=0.48
2026-04-02 23:21:28,061 alphafold2_ptm_model_4_seed_008 took 31.9s (0 recycles)
2026-04-02 23:22:00,464 alphafold2_ptm_model_5_seed_008 recycle=0 pLDDT=79.8 pTM=0.63
2026-04-02 23:22:00,465 alphafold2_ptm_model_5_seed_008 took 31.9s (0 recycles)
2026-04-02 23:22:41,685 alphafold2_ptm_model_1_seed_009 recycle=0 pLDDT=74.4 pTM=0.668
2026-04-02 23:22:41,686 alphafold2_ptm_model_1_seed_009 took 34.6s (0 recycles)
2026-04-02 23:23:16,837 alphafold2_ptm_model_2_seed_009 recycle=0 pLDDT=72.1 pTM=0.55
2026-04-02 23:23:16,839 alphafold2_ptm_model_2_seed_009 took 34.7s (0 recycles)
2026-04-02 23:23:49,235 alphafold2_ptm_model_3_seed_009 recycle=0 pLDDT=60.8 pTM=0.413
2026-04-02 23:23:49,236 alphafold2_ptm_model_3_seed_009 took 31.9s (0 recycles)
2026-04-02 23:24:21,645 alphafold2_ptm_model_4_seed_009 recycle=0 pLDDT=76.1 pTM=0.457
2026-04-02 23:24:21,646 alphafold2_ptm_model_4_seed_009 took 31.9s (0 recycles)
2026-04-02 23:24:54,047 alphafold2_ptm_model_5_seed_009 recycle=0 pLDDT=75.5 pTM=0.501
2026-04-02 23:24:54,048 alphafold2_ptm_model_5_seed_009 took 31.9s (0 recycles)
2026-04-02 23:25:35,356 alphafold2_ptm_model_1_seed_010 recycle=0 pLDDT=76.7 pTM=0.662
2026-04-02 23:25:35,357 alphafold2_ptm_model_1_seed_010 took 34.6s (0 recycles)
2026-04-02 23:26:10,704 alphafold2_ptm_model_2_seed_010 recycle=0 pLDDT=72.9 pTM=0.578
2026-04-02 23:26:10,705 alphafold2_ptm_model_2_seed_010 took 34.6s (0 recycles)
2026-04-02 23:26:43,056 alphafold2_ptm_model_3_seed_010 recycle=0 pLDDT=50.2 pTM=0.332
2026-04-02 23:26:43,057 alphafold2_ptm_model_3_seed_010 took 31.9s (0 recycles)
2026-04-02 23:27:15,458 alphafold2_ptm_model_4_seed_010 recycle=0 pLDDT=71.4 pTM=0.439
2026-04-02 23:27:15,459 alphafold2_ptm_model_4_seed_010 took 31.9s (0 recycles)
2026-04-02 23:27:47,848 alphafold2_ptm_model_5_seed_010 recycle=0 pLDDT=72.2 pTM=0.521
2026-04-02 23:27:47,849 alphafold2_ptm_model_5_seed_010 took 31.9s (0 recycles)
2026-04-02 23:28:29,103 alphafold2_ptm_model_1_seed_011 recycle=0 pLDDT=76.2 pTM=0.652
2026-04-02 23:28:29,104 alphafold2_ptm_model_1_seed_011 took 34.6s (0 recycles)
2026-04-02 23:29:04,262 alphafold2_ptm_model_2_seed_011 recycle=0 pLDDT=73.6 pTM=0.581
2026-04-02 23:29:04,264 alphafold2_ptm_model_2_seed_011 took 34.7s (0 recycles)
2026-04-02 23:29:36,647 alphafold2_ptm_model_3_seed_011 recycle=0 pLDDT=39.4 pTM=0.292
2026-04-02 23:29:36,648 alphafold2_ptm_model_3_seed_011 took 31.9s (0 recycles)
2026-04-02 23:30:09,512 alphafold2_ptm_model_4_seed_011 recycle=0 pLDDT=71.1 pTM=0.448
2026-04-02 23:30:09,514 alphafold2_ptm_model_4_seed_011 took 32.4s (0 recycles)
2026-04-02 23:30:42,628 alphafold2_ptm_model_5_seed_011 recycle=0 pLDDT=77 pTM=0.594
2026-04-02 23:30:42,630 alphafold2_ptm_model_5_seed_011 took 32.5s (0 recycles)
2026-04-02 23:31:23,989 alphafold2_ptm_model_1_seed_012 recycle=0 pLDDT=72.8 pTM=0.618
2026-04-02 23:31:23,990 alphafold2_ptm_model_1_seed_012 took 34.6s (0 recycles)
2026-04-02 23:31:59,153 alphafold2_ptm_model_2_seed_012 recycle=0 pLDDT=67.8 pTM=0.506
2026-04-02 23:31:59,154 alphafold2_ptm_model_2_seed_012 took 34.6s (0 recycles)
2026-04-02 23:32:31,518 alphafold2_ptm_model_3_seed_012 recycle=0 pLDDT=29.9 pTM=0.308
2026-04-02 23:32:31,519 alphafold2_ptm_model_3_seed_012 took 31.9s (0 recycles)
2026-04-02 23:33:04,202 alphafold2_ptm_model_4_seed_012 recycle=0 pLDDT=68.4 pTM=0.426
2026-04-02 23:33:04,204 alphafold2_ptm_model_4_seed_012 took 32.2s (0 recycles)
2026-04-02 23:33:36,619 alphafold2_ptm_model_5_seed_012 recycle=0 pLDDT=77.4 pTM=0.589
2026-04-02 23:33:36,620 alphafold2_ptm_model_5_seed_012 took 31.9s (0 recycles)
2026-04-02 23:34:18,109 alphafold2_ptm_model_1_seed_013 recycle=0 pLDDT=75.9 pTM=0.653
2026-04-02 23:34:18,110 alphafold2_ptm_model_1_seed_013 took 34.6s (0 recycles)
2026-04-02 23:34:53,256 alphafold2_ptm_model_2_seed_013 recycle=0 pLDDT=70.6 pTM=0.544
2026-04-02 23:34:53,257 alphafold2_ptm_model_2_seed_013 took 34.6s (0 recycles)
2026-04-02 23:35:25,613 alphafold2_ptm_model_3_seed_013 recycle=0 pLDDT=40.3 pTM=0.257
2026-04-02 23:35:25,614 alphafold2_ptm_model_3_seed_013 took 31.9s (0 recycles)
2026-04-02 23:35:58,032 alphafold2_ptm_model_4_seed_013 recycle=0 pLDDT=70.1 pTM=0.451
2026-04-02 23:35:58,034 alphafold2_ptm_model_4_seed_013 took 31.9s (0 recycles)
2026-04-02 23:36:30,422 alphafold2_ptm_model_5_seed_013 recycle=0 pLDDT=73.2 pTM=0.508
2026-04-02 23:36:30,423 alphafold2_ptm_model_5_seed_013 took 31.9s (0 recycles)
2026-04-02 23:37:11,690 alphafold2_ptm_model_1_seed_014 recycle=0 pLDDT=72.7 pTM=0.625
2026-04-02 23:37:11,692 alphafold2_ptm_model_1_seed_014 took 34.6s (0 recycles)
2026-04-02 23:37:46,829 alphafold2_ptm_model_2_seed_014 recycle=0 pLDDT=64.1 pTM=0.468
2026-04-02 23:37:46,830 alphafold2_ptm_model_2_seed_014 took 34.6s (0 recycles)
2026-04-02 23:38:19,203 alphafold2_ptm_model_3_seed_014 recycle=0 pLDDT=35.9 pTM=0.241
2026-04-02 23:38:19,204 alphafold2_ptm_model_3_seed_014 took 31.9s (0 recycles)
2026-04-02 23:38:52,072 alphafold2_ptm_model_4_seed_014 recycle=0 pLDDT=66.7 pTM=0.417
2026-04-02 23:38:52,080 alphafold2_ptm_model_4_seed_014 took 32.4s (0 recycles)
2026-04-02 23:39:24,724 alphafold2_ptm_model_5_seed_014 recycle=0 pLDDT=69.4 pTM=0.483
2026-04-02 23:39:24,732 alphafold2_ptm_model_5_seed_014 took 32.1s (0 recycles)
2026-04-02 23:40:12,533 alphafold2_ptm_model_1_seed_015 recycle=0 pLDDT=72.5 pTM=0.585
2026-04-02 23:40:12,534 alphafold2_ptm_model_1_seed_015 took 34.6s (0 recycles)
2026-04-02 23:40:47,705 alphafold2_ptm_model_2_seed_015 recycle=0 pLDDT=67.8 pTM=0.5
2026-04-02 23:40:47,706 alphafold2_ptm_model_2_seed_015 took 34.7s (0 recycles)
2026-04-02 23:41:20,070 alphafold2_ptm_model_3_seed_015 recycle=0 pLDDT=26.7 pTM=0.276
2026-04-02 23:41:20,071 alphafold2_ptm_model_3_seed_015 took 31.9s (0 recycles)
2026-04-02 23:41:52,483 alphafold2_ptm_model_4_seed_015 recycle=0 pLDDT=68.4 pTM=0.461
2026-04-02 23:41:52,484 alphafold2_ptm_model_4_seed_015 took 31.9s (0 recycles)
2026-04-02 23:42:24,906 alphafold2_ptm_model_5_seed_015 recycle=0 pLDDT=72.4 pTM=0.494
2026-04-02 23:42:24,907 alphafold2_ptm_model_5_seed_015 took 31.9s (0 recycles)
2026-04-02 23:43:06,100 alphafold2_ptm_model_1_seed_016 recycle=0 pLDDT=75.5 pTM=0.686
2026-04-02 23:43:06,101 alphafold2_ptm_model_1_seed_016 took 34.6s (0 recycles)
2026-04-02 23:43:41,250 alphafold2_ptm_model_2_seed_016 recycle=0 pLDDT=71.6 pTM=0.543
2026-04-02 23:43:41,252 alphafold2_ptm_model_2_seed_016 took 34.7s (0 recycles)
2026-04-02 23:44:13,654 alphafold2_ptm_model_3_seed_016 recycle=0 pLDDT=44.7 pTM=0.303
2026-04-02 23:44:13,655 alphafold2_ptm_model_3_seed_016 took 31.9s (0 recycles)
2026-04-02 23:44:46,065 alphafold2_ptm_model_4_seed_016 recycle=0 pLDDT=72.6 pTM=0.466
2026-04-02 23:44:46,066 alphafold2_ptm_model_4_seed_016 took 31.9s (0 recycles)
2026-04-02 23:45:18,458 alphafold2_ptm_model_5_seed_016 recycle=0 pLDDT=75.8 pTM=0.556
2026-04-02 23:45:18,459 alphafold2_ptm_model_5_seed_016 took 31.9s (0 recycles)
2026-04-02 23:45:59,763 alphafold2_ptm_model_1_seed_017 recycle=0 pLDDT=70.4 pTM=0.593
2026-04-02 23:45:59,764 alphafold2_ptm_model_1_seed_017 took 34.6s (0 recycles)
2026-04-02 23:46:34,878 alphafold2_ptm_model_2_seed_017 recycle=0 pLDDT=67.6 pTM=0.51
2026-04-02 23:46:34,879 alphafold2_ptm_model_2_seed_017 took 34.6s (0 recycles)
2026-04-02 23:47:07,201 alphafold2_ptm_model_3_seed_017 recycle=0 pLDDT=27.5 pTM=0.315
2026-04-02 23:47:07,202 alphafold2_ptm_model_3_seed_017 took 31.8s (0 recycles)
2026-04-02 23:47:39,595 alphafold2_ptm_model_4_seed_017 recycle=0 pLDDT=56.9 pTM=0.363
2026-04-02 23:47:39,596 alphafold2_ptm_model_4_seed_017 took 31.9s (0 recycles)
2026-04-02 23:48:11,965 alphafold2_ptm_model_5_seed_017 recycle=0 pLDDT=73.8 pTM=0.479
2026-04-02 23:48:11,966 alphafold2_ptm_model_5_seed_017 took 31.9s (0 recycles)
2026-04-02 23:48:53,262 alphafold2_ptm_model_1_seed_018 recycle=0 pLDDT=72.5 pTM=0.612
2026-04-02 23:48:53,263 alphafold2_ptm_model_1_seed_018 took 34.6s (0 recycles)
2026-04-02 23:49:28,385 alphafold2_ptm_model_2_seed_018 recycle=0 pLDDT=71.2 pTM=0.525
2026-04-02 23:49:28,386 alphafold2_ptm_model_2_seed_018 took 34.6s (0 recycles)
2026-04-02 23:50:00,728 alphafold2_ptm_model_3_seed_018 recycle=0 pLDDT=45 pTM=0.295
2026-04-02 23:50:00,730 alphafold2_ptm_model_3_seed_018 took 31.8s (0 recycles)
2026-04-02 23:50:33,088 alphafold2_ptm_model_4_seed_018 recycle=0 pLDDT=68 pTM=0.446
2026-04-02 23:50:33,089 alphafold2_ptm_model_4_seed_018 took 31.9s (0 recycles)
2026-04-02 23:51:05,441 alphafold2_ptm_model_5_seed_018 recycle=0 pLDDT=75.1 pTM=0.559
2026-04-02 23:51:05,442 alphafold2_ptm_model_5_seed_018 took 31.9s (0 recycles)
2026-04-02 23:51:46,734 alphafold2_ptm_model_1_seed_019 recycle=0 pLDDT=75.2 pTM=0.627
2026-04-02 23:51:46,735 alphafold2_ptm_model_1_seed_019 took 34.6s (0 recycles)
2026-04-02 23:52:21,864 alphafold2_ptm_model_2_seed_019 recycle=0 pLDDT=73.2 pTM=0.563
2026-04-02 23:52:21,865 alphafold2_ptm_model_2_seed_019 took 34.6s (0 recycles)
2026-04-02 23:52:54,228 alphafold2_ptm_model_3_seed_019 recycle=0 pLDDT=48.2 pTM=0.306
2026-04-02 23:52:54,229 alphafold2_ptm_model_3_seed_019 took 31.9s (0 recycles)
2026-04-02 23:53:26,613 alphafold2_ptm_model_4_seed_019 recycle=0 pLDDT=72.9 pTM=0.483
2026-04-02 23:53:26,614 alphafold2_ptm_model_4_seed_019 took 31.9s (0 recycles)
2026-04-02 23:53:59,200 alphafold2_ptm_model_5_seed_019 recycle=0 pLDDT=76.9 pTM=0.545
2026-04-02 23:53:59,201 alphafold2_ptm_model_5_seed_019 took 31.9s (0 recycles)
2026-04-02 23:54:40,562 alphafold2_ptm_model_1_seed_020 recycle=0 pLDDT=75.9 pTM=0.656
2026-04-02 23:54:40,563 alphafold2_ptm_model_1_seed_020 took 34.6s (0 recycles)
2026-04-02 23:55:15,699 alphafold2_ptm_model_2_seed_020 recycle=0 pLDDT=73.4 pTM=0.579
2026-04-02 23:55:15,700 alphafold2_ptm_model_2_seed_020 took 34.6s (0 recycles)
2026-04-02 23:55:48,055 alphafold2_ptm_model_3_seed_020 recycle=0 pLDDT=37.1 pTM=0.597
2026-04-02 23:55:48,056 alphafold2_ptm_model_3_seed_020 took 31.8s (0 recycles)
2026-04-02 23:56:20,422 alphafold2_ptm_model_4_seed_020 recycle=0 pLDDT=69.1 pTM=0.443
2026-04-02 23:56:20,423 alphafold2_ptm_model_4_seed_020 took 31.9s (0 recycles)
2026-04-02 23:56:52,797 alphafold2_ptm_model_5_seed_020 recycle=0 pLDDT=68.5 pTM=0.591
2026-04-02 23:56:52,798 alphafold2_ptm_model_5_seed_020 took 31.9s (0 recycles)
2026-04-02 23:57:34,244 alphafold2_ptm_model_1_seed_021 recycle=0 pLDDT=74.1 pTM=0.617
2026-04-02 23:57:34,246 alphafold2_ptm_model_1_seed_021 took 34.7s (0 recycles)
2026-04-02 23:58:09,366 alphafold2_ptm_model_2_seed_021 recycle=0 pLDDT=72.6 pTM=0.57
2026-04-02 23:58:09,367 alphafold2_ptm_model_2_seed_021 took 34.6s (0 recycles)
2026-04-02 23:58:41,725 alphafold2_ptm_model_3_seed_021 recycle=0 pLDDT=49.4 pTM=0.297
2026-04-02 23:58:41,726 alphafold2_ptm_model_3_seed_021 took 31.8s (0 recycles)
2026-04-02 23:59:14,133 alphafold2_ptm_model_4_seed_021 recycle=0 pLDDT=71.2 pTM=0.469
2026-04-02 23:59:14,134 alphafold2_ptm_model_4_seed_021 took 31.9s (0 recycles)
2026-04-02 23:59:46,536 alphafold2_ptm_model_5_seed_021 recycle=0 pLDDT=77.4 pTM=0.533
2026-04-02 23:59:46,537 alphafold2_ptm_model_5_seed_021 took 31.9s (0 recycles)
2026-04-03 00:00:28,035 alphafold2_ptm_model_1_seed_022 recycle=0 pLDDT=67.7 pTM=0.567
2026-04-03 00:00:28,036 alphafold2_ptm_model_1_seed_022 took 34.7s (0 recycles)
2026-04-03 00:01:03,189 alphafold2_ptm_model_2_seed_022 recycle=0 pLDDT=66.4 pTM=0.506
2026-04-03 00:01:03,190 alphafold2_ptm_model_2_seed_022 took 34.6s (0 recycles)
2026-04-03 00:01:35,563 alphafold2_ptm_model_3_seed_022 recycle=0 pLDDT=40.8 pTM=0.413
2026-04-03 00:01:35,565 alphafold2_ptm_model_3_seed_022 took 31.9s (0 recycles)
2026-04-03 00:02:07,953 alphafold2_ptm_model_4_seed_022 recycle=0 pLDDT=71.4 pTM=0.543
2026-04-03 00:02:07,954 alphafold2_ptm_model_4_seed_022 took 31.9s (0 recycles)
2026-04-03 00:02:40,339 alphafold2_ptm_model_5_seed_022 recycle=0 pLDDT=75.7 pTM=0.697
2026-04-03 00:02:40,340 alphafold2_ptm_model_5_seed_022 took 31.9s (0 recycles)
2026-04-03 00:03:21,677 alphafold2_ptm_model_1_seed_023 recycle=0 pLDDT=72.6 pTM=0.627
2026-04-03 00:03:21,678 alphafold2_ptm_model_1_seed_023 took 34.6s (0 recycles)
2026-04-03 00:03:56,799 alphafold2_ptm_model_2_seed_023 recycle=0 pLDDT=68.8 pTM=0.527
2026-04-03 00:03:56,800 alphafold2_ptm_model_2_seed_023 took 34.6s (0 recycles)
2026-04-03 00:04:29,181 alphafold2_ptm_model_3_seed_023 recycle=0 pLDDT=35.7 pTM=0.245
2026-04-03 00:04:29,182 alphafold2_ptm_model_3_seed_023 took 31.9s (0 recycles)
2026-04-03 00:05:01,576 alphafold2_ptm_model_4_seed_023 recycle=0 pLDDT=69.6 pTM=0.47
2026-04-03 00:05:01,577 alphafold2_ptm_model_4_seed_023 took 31.9s (0 recycles)
2026-04-03 00:05:33,962 alphafold2_ptm_model_5_seed_023 recycle=0 pLDDT=76.1 pTM=0.725
2026-04-03 00:05:33,963 alphafold2_ptm_model_5_seed_023 took 31.9s (0 recycles)
2026-04-03 00:06:15,338 alphafold2_ptm_model_1_seed_024 recycle=0 pLDDT=74.3 pTM=0.613
2026-04-03 00:06:15,339 alphafold2_ptm_model_1_seed_024 took 34.6s (0 recycles)
2026-04-03 00:06:50,476 alphafold2_ptm_model_2_seed_024 recycle=0 pLDDT=69.8 pTM=0.54
2026-04-03 00:06:50,478 alphafold2_ptm_model_2_seed_024 took 34.6s (0 recycles)
2026-04-03 00:07:22,869 alphafold2_ptm_model_3_seed_024 recycle=0 pLDDT=38.1 pTM=0.302
2026-04-03 00:07:22,870 alphafold2_ptm_model_3_seed_024 took 31.9s (0 recycles)
2026-04-03 00:07:55,285 alphafold2_ptm_model_4_seed_024 recycle=0 pLDDT=67.9 pTM=0.429
2026-04-03 00:07:55,286 alphafold2_ptm_model_4_seed_024 took 31.9s (0 recycles)
2026-04-03 00:08:27,671 alphafold2_ptm_model_5_seed_024 recycle=0 pLDDT=71 pTM=0.461
2026-04-03 00:08:27,673 alphafold2_ptm_model_5_seed_024 took 31.9s (0 recycles)
2026-04-03 00:08:28,173 reranking models by 'plddt' metric
2026-04-03 00:08:28,173 rank_001_alphafold2_ptm_model_5_seed_008 pLDDT=79.8 pTM=0.63
2026-04-03 00:08:28,175 rank_002_alphafold2_ptm_model_5_seed_006 pLDDT=77.8 pTM=0.6
2026-04-03 00:08:28,177 rank_003_alphafold2_ptm_model_5_seed_021 pLDDT=77.4 pTM=0.533
2026-04-03 00:08:28,179 rank_004_alphafold2_ptm_model_5_seed_012 pLDDT=77.4 pTM=0.589
2026-04-03 00:08:28,180 rank_005_alphafold2_ptm_model_5_seed_011 pLDDT=77 pTM=0.594
2026-04-03 00:08:28,182 rank_006_alphafold2_ptm_model_5_seed_019 pLDDT=76.9 pTM=0.545
2026-04-03 00:08:28,184 rank_007_alphafold2_ptm_model_1_seed_010 pLDDT=76.7 pTM=0.662
2026-04-03 00:08:28,185 rank_008_alphafold2_ptm_model_1_seed_001 pLDDT=76.5 pTM=0.673
2026-04-03 00:08:28,187 rank_009_alphafold2_ptm_model_1_seed_011 pLDDT=76.2 pTM=0.652
2026-04-03 00:08:28,189 rank_010_alphafold2_ptm_model_5_seed_023 pLDDT=76.1 pTM=0.725
2026-04-03 00:08:28,190 rank_011_alphafold2_ptm_model_4_seed_009 pLDDT=76.1 pTM=0.457
2026-04-03 00:08:28,192 rank_012_alphafold2_ptm_model_1_seed_013 pLDDT=75.9 pTM=0.653
2026-04-03 00:08:28,193 rank_013_alphafold2_ptm_model_1_seed_020 pLDDT=75.9 pTM=0.656
2026-04-03 00:08:28,195 rank_014_alphafold2_ptm_model_5_seed_016 pLDDT=75.8 pTM=0.556
2026-04-03 00:08:28,197 rank_015_alphafold2_ptm_model_5_seed_022 pLDDT=75.7 pTM=0.697
2026-04-03 00:08:28,198 rank_016_alphafold2_ptm_model_1_seed_016 pLDDT=75.5 pTM=0.686
2026-04-03 00:08:28,200 rank_017_alphafold2_ptm_model_5_seed_009 pLDDT=75.5 pTM=0.501
2026-04-03 00:08:28,202 rank_018_alphafold2_ptm_model_1_seed_019 pLDDT=75.2 pTM=0.627
2026-04-03 00:08:28,203 rank_019_alphafold2_ptm_model_1_seed_008 pLDDT=75.1 pTM=0.638
2026-04-03 00:08:28,205 rank_020_alphafold2_ptm_model_5_seed_018 pLDDT=75.1 pTM=0.559
2026-04-03 00:08:28,207 rank_021_alphafold2_ptm_model_5_seed_004 pLDDT=75 pTM=0.545
2026-04-03 00:08:28,209 rank_022_alphafold2_ptm_model_4_seed_008 pLDDT=74.9 pTM=0.48
2026-04-03 00:08:28,210 rank_023_alphafold2_ptm_model_5_seed_000 pLDDT=74.9 pTM=0.521
2026-04-03 00:08:28,212 rank_024_alphafold2_ptm_model_5_seed_007 pLDDT=74.8 pTM=0.511
2026-04-03 00:08:28,214 rank_025_alphafold2_ptm_model_1_seed_002 pLDDT=74.6 pTM=0.616
2026-04-03 00:08:28,219 rank_026_alphafold2_ptm_model_1_seed_003 pLDDT=74.5 pTM=0.64
2026-04-03 00:08:28,221 rank_027_alphafold2_ptm_model_1_seed_009 pLDDT=74.4 pTM=0.668
2026-04-03 00:08:28,223 rank_028_alphafold2_ptm_model_5_seed_005 pLDDT=74.4 pTM=0.55
2026-04-03 00:08:28,224 rank_029_alphafold2_ptm_model_1_seed_024 pLDDT=74.3 pTM=0.613
2026-04-03 00:08:28,226 rank_030_alphafold2_ptm_model_1_seed_021 pLDDT=74.1 pTM=0.617
2026-04-03 00:08:28,228 rank_031_alphafold2_ptm_model_5_seed_017 pLDDT=73.8 pTM=0.479
2026-04-03 00:08:28,230 rank_032_alphafold2_ptm_model_1_seed_000 pLDDT=73.8 pTM=0.62
2026-04-03 00:08:28,232 rank_033_alphafold2_ptm_model_2_seed_011 pLDDT=73.6 pTM=0.581
2026-04-03 00:08:28,234 rank_034_alphafold2_ptm_model_2_seed_002 pLDDT=73.4 pTM=0.547
2026-04-03 00:08:28,236 rank_035_alphafold2_ptm_model_2_seed_020 pLDDT=73.4 pTM=0.579
2026-04-03 00:08:28,238 rank_036_alphafold2_ptm_model_5_seed_013 pLDDT=73.2 pTM=0.508
2026-04-03 00:08:28,240 rank_037_alphafold2_ptm_model_2_seed_019 pLDDT=73.2 pTM=0.563
2026-04-03 00:08:28,242 rank_038_alphafold2_ptm_model_1_seed_006 pLDDT=73.2 pTM=0.612
2026-04-03 00:08:28,244 rank_039_alphafold2_ptm_model_2_seed_006 pLDDT=72.9 pTM=0.553
2026-04-03 00:08:28,246 rank_040_alphafold2_ptm_model_5_seed_001 pLDDT=72.9 pTM=0.468
2026-04-03 00:08:28,247 rank_041_alphafold2_ptm_model_2_seed_010 pLDDT=72.9 pTM=0.578
2026-04-03 00:08:28,249 rank_042_alphafold2_ptm_model_4_seed_019 pLDDT=72.9 pTM=0.483
2026-04-03 00:08:28,251 rank_043_alphafold2_ptm_model_1_seed_012 pLDDT=72.8 pTM=0.618
2026-04-03 00:08:28,253 rank_044_alphafold2_ptm_model_1_seed_014 pLDDT=72.7 pTM=0.625
2026-04-03 00:08:28,255 rank_045_alphafold2_ptm_model_4_seed_016 pLDDT=72.6 pTM=0.466
2026-04-03 00:08:28,257 rank_046_alphafold2_ptm_model_2_seed_000 pLDDT=72.6 pTM=0.561
2026-04-03 00:08:28,259 rank_047_alphafold2_ptm_model_1_seed_023 pLDDT=72.6 pTM=0.627
2026-04-03 00:08:28,261 rank_048_alphafold2_ptm_model_2_seed_021 pLDDT=72.6 pTM=0.57
2026-04-03 00:08:28,263 rank_049_alphafold2_ptm_model_1_seed_018 pLDDT=72.5 pTM=0.612
2026-04-03 00:08:28,265 rank_050_alphafold2_ptm_model_1_seed_015 pLDDT=72.5 pTM=0.585
2026-04-03 00:08:28,267 rank_051_alphafold2_ptm_model_5_seed_015 pLDDT=72.4 pTM=0.494
2026-04-03 00:08:28,268 rank_052_alphafold2_ptm_model_5_seed_010 pLDDT=72.2 pTM=0.521
2026-04-03 00:08:28,270 rank_053_alphafold2_ptm_model_5_seed_002 pLDDT=72.1 pTM=0.493
2026-04-03 00:08:28,272 rank_054_alphafold2_ptm_model_2_seed_009 pLDDT=72.1 pTM=0.55
2026-04-03 00:08:28,274 rank_055_alphafold2_ptm_model_2_seed_016 pLDDT=71.6 pTM=0.543
2026-04-03 00:08:28,276 rank_056_alphafold2_ptm_model_4_seed_010 pLDDT=71.4 pTM=0.439
2026-04-03 00:08:28,277 rank_057_alphafold2_ptm_model_4_seed_022 pLDDT=71.4 pTM=0.543
2026-04-03 00:08:28,279 rank_058_alphafold2_ptm_model_2_seed_001 pLDDT=71.4 pTM=0.565
2026-04-03 00:08:28,281 rank_059_alphafold2_ptm_model_2_seed_018 pLDDT=71.2 pTM=0.525
2026-04-03 00:08:28,283 rank_060_alphafold2_ptm_model_4_seed_021 pLDDT=71.2 pTM=0.469
2026-04-03 00:08:28,285 rank_061_alphafold2_ptm_model_4_seed_011 pLDDT=71.1 pTM=0.448
2026-04-03 00:08:28,287 rank_062_alphafold2_ptm_model_1_seed_007 pLDDT=71 pTM=0.604
2026-04-03 00:08:28,289 rank_063_alphafold2_ptm_model_5_seed_024 pLDDT=71 pTM=0.461
2026-04-03 00:08:28,291 rank_064_alphafold2_ptm_model_2_seed_008 pLDDT=70.9 pTM=0.547
2026-04-03 00:08:28,293 rank_065_alphafold2_ptm_model_1_seed_005 pLDDT=70.9 pTM=0.589
2026-04-03 00:08:28,295 rank_066_alphafold2_ptm_model_1_seed_004 pLDDT=70.7 pTM=0.597
2026-04-03 00:08:28,297 rank_067_alphafold2_ptm_model_5_seed_003 pLDDT=70.6 pTM=0.481
2026-04-03 00:08:28,298 rank_068_alphafold2_ptm_model_2_seed_013 pLDDT=70.6 pTM=0.544
2026-04-03 00:08:28,300 rank_069_alphafold2_ptm_model_1_seed_017 pLDDT=70.4 pTM=0.593
2026-04-03 00:08:28,302 rank_070_alphafold2_ptm_model_2_seed_003 pLDDT=70.4 pTM=0.526
2026-04-03 00:08:28,304 rank_071_alphafold2_ptm_model_4_seed_013 pLDDT=70.1 pTM=0.451
2026-04-03 00:08:28,306 rank_072_alphafold2_ptm_model_2_seed_024 pLDDT=69.8 pTM=0.54
2026-04-03 00:08:28,308 rank_073_alphafold2_ptm_model_4_seed_023 pLDDT=69.6 pTM=0.47
2026-04-03 00:08:28,310 rank_074_alphafold2_ptm_model_5_seed_014 pLDDT=69.4 pTM=0.483
2026-04-03 00:08:28,312 rank_075_alphafold2_ptm_model_4_seed_000 pLDDT=69.3 pTM=0.45
2026-04-03 00:08:28,313 rank_076_alphafold2_ptm_model_4_seed_020 pLDDT=69.1 pTM=0.443
2026-04-03 00:08:28,315 rank_077_alphafold2_ptm_model_2_seed_023 pLDDT=68.8 pTM=0.527
2026-04-03 00:08:28,317 rank_078_alphafold2_ptm_model_4_seed_003 pLDDT=68.7 pTM=0.458
2026-04-03 00:08:28,319 rank_079_alphafold2_ptm_model_5_seed_020 pLDDT=68.5 pTM=0.591
2026-04-03 00:08:28,321 rank_080_alphafold2_ptm_model_4_seed_015 pLDDT=68.4 pTM=0.461
2026-04-03 00:08:28,322 rank_081_alphafold2_ptm_model_4_seed_012 pLDDT=68.4 pTM=0.426
2026-04-03 00:08:28,324 rank_082_alphafold2_ptm_model_4_seed_001 pLDDT=68.3 pTM=0.418
2026-04-03 00:08:28,326 rank_083_alphafold2_ptm_model_2_seed_004 pLDDT=68.2 pTM=0.5
2026-04-03 00:08:28,328 rank_084_alphafold2_ptm_model_4_seed_006 pLDDT=68 pTM=0.436
2026-04-03 00:08:28,330 rank_085_alphafold2_ptm_model_4_seed_018 pLDDT=68 pTM=0.446
2026-04-03 00:08:28,332 rank_086_alphafold2_ptm_model_4_seed_024 pLDDT=67.9 pTM=0.429
2026-04-03 00:08:28,334 rank_087_alphafold2_ptm_model_2_seed_007 pLDDT=67.9 pTM=0.518
2026-04-03 00:08:28,336 rank_088_alphafold2_ptm_model_2_seed_012 pLDDT=67.8 pTM=0.506
2026-04-03 00:08:28,338 rank_089_alphafold2_ptm_model_2_seed_015 pLDDT=67.8 pTM=0.5
2026-04-03 00:08:28,340 rank_090_alphafold2_ptm_model_1_seed_022 pLDDT=67.7 pTM=0.567
2026-04-03 00:08:28,341 rank_091_alphafold2_ptm_model_2_seed_017 pLDDT=67.6 pTM=0.51
2026-04-03 00:08:28,343 rank_092_alphafold2_ptm_model_4_seed_007 pLDDT=67.6 pTM=0.417
2026-04-03 00:08:28,345 rank_093_alphafold2_ptm_model_4_seed_004 pLDDT=67.1 pTM=0.428
2026-04-03 00:08:28,347 rank_094_alphafold2_ptm_model_4_seed_014 pLDDT=66.7 pTM=0.417
2026-04-03 00:08:28,349 rank_095_alphafold2_ptm_model_4_seed_005 pLDDT=66.6 pTM=0.448
2026-04-03 00:08:28,351 rank_096_alphafold2_ptm_model_2_seed_022 pLDDT=66.4 pTM=0.506
2026-04-03 00:08:28,353 rank_097_alphafold2_ptm_model_2_seed_005 pLDDT=65.8 pTM=0.476
2026-04-03 00:08:28,355 rank_098_alphafold2_ptm_model_2_seed_014 pLDDT=64.1 pTM=0.468
2026-04-03 00:08:28,357 rank_099_alphafold2_ptm_model_4_seed_002 pLDDT=63.1 pTM=0.428
2026-04-03 00:08:28,359 rank_100_alphafold2_ptm_model_3_seed_009 pLDDT=60.8 pTM=0.413
2026-04-03 00:08:28,361 rank_101_alphafold2_ptm_model_4_seed_017 pLDDT=56.9 pTM=0.363
2026-04-03 00:08:28,363 rank_102_alphafold2_ptm_model_3_seed_000 pLDDT=55.9 pTM=0.394
2026-04-03 00:08:28,365 rank_103_alphafold2_ptm_model_3_seed_010 pLDDT=50.2 pTM=0.332
2026-04-03 00:08:28,367 rank_104_alphafold2_ptm_model_3_seed_021 pLDDT=49.4 pTM=0.297
2026-04-03 00:08:28,369 rank_105_alphafold2_ptm_model_3_seed_019 pLDDT=48.2 pTM=0.306
2026-04-03 00:08:28,371 rank_106_alphafold2_ptm_model_3_seed_006 pLDDT=45.4 pTM=0.288
2026-04-03 00:08:28,373 rank_107_alphafold2_ptm_model_3_seed_018 pLDDT=45 pTM=0.295
2026-04-03 00:08:28,374 rank_108_alphafold2_ptm_model_3_seed_016 pLDDT=44.7 pTM=0.303
2026-04-03 00:08:28,376 rank_109_alphafold2_ptm_model_3_seed_022 pLDDT=40.8 pTM=0.413
2026-04-03 00:08:28,378 rank_110_alphafold2_ptm_model_3_seed_013 pLDDT=40.3 pTM=0.257
2026-04-03 00:08:28,380 rank_111_alphafold2_ptm_model_3_seed_011 pLDDT=39.4 pTM=0.292
2026-04-03 00:08:28,382 rank_112_alphafold2_ptm_model_3_seed_024 pLDDT=38.1 pTM=0.302
2026-04-03 00:08:28,384 rank_113_alphafold2_ptm_model_3_seed_020 pLDDT=37.1 pTM=0.597
2026-04-03 00:08:28,386 rank_114_alphafold2_ptm_model_3_seed_003 pLDDT=36.7 pTM=0.246
2026-04-03 00:08:28,388 rank_115_alphafold2_ptm_model_3_seed_014 pLDDT=35.9 pTM=0.241
2026-04-03 00:08:28,390 rank_116_alphafold2_ptm_model_3_seed_023 pLDDT=35.7 pTM=0.245
2026-04-03 00:08:28,392 rank_117_alphafold2_ptm_model_3_seed_008 pLDDT=32.7 pTM=0.635
2026-04-03 00:08:28,394 rank_118_alphafold2_ptm_model_3_seed_004 pLDDT=32.3 pTM=0.2
2026-04-03 00:08:28,396 rank_119_alphafold2_ptm_model_3_seed_012 pLDDT=29.9 pTM=0.308
2026-04-03 00:08:28,398 rank_120_alphafold2_ptm_model_3_seed_002 pLDDT=29.1 pTM=0.535
2026-04-03 00:08:28,400 rank_121_alphafold2_ptm_model_3_seed_007 pLDDT=29 pTM=0.318
2026-04-03 00:08:28,402 rank_122_alphafold2_ptm_model_3_seed_005 pLDDT=28.4 pTM=0.644
2026-04-03 00:08:28,404 rank_123_alphafold2_ptm_model_3_seed_017 pLDDT=27.5 pTM=0.315
2026-04-03 00:08:28,406 rank_124_alphafold2_ptm_model_3_seed_015 pLDDT=26.7 pTM=0.276
2026-04-03 00:08:28,408 rank_125_alphafold2_ptm_model_3_seed_001 pLDDT=23.5 pTM=0.501
2026-04-03 00:08:31,696 Done
WARNING: All log messages before absl::InitializeLog() is called are written to STDERR
E0000 00:00:1775189358.000070   15384 cuda_dnn.cc:8310] Unable to register cuDNN factory: Attempting to register factory for plugin cuDNN when one has already been registered
E0000 00:00:1775189358.009696   15384 cuda_blas.cc:1418] Unable to register cuBLAS factory: Attempting to register factory for plugin cuBLAS when one has already been registered
2026-04-03 00:09:26,431 Running colabfold 1.5.5 (e2ca9e8f992cd65c986de5b64885d5572d8b8ad9)
2026-04-03 00:09:27,744 Running on GPU
2026-04-03 00:09:28,815 Found 8 citations for tools or databases
2026-04-03 00:10:20,348 Query 1/1: UvrD (length 644)
  0%|          | 0/150 [elapsed: 00:00 remaining: ?]SUBMIT:   0%|          | 0/150 [elapsed: 00:00 remaining: ?]COMPLETE:   0%|          | 0/150 [elapsed: 00:00 remaining: ?]COMPLETE: 100%|██████████| 150/150 [elapsed: 00:00 remaining: 00:00]COMPLETE: 100%|██████████| 150/150 [elapsed: 00:03 remaining: 00:00]
WARNING: All log messages before absl::InitializeLog() is called are written to STDERR
I0000 00:00:1775189450.164033   15384 mlir_graph_optimization_pass.cc:401] MLIR V1 optimization pass is not enabled
2026-04-03 00:10:35,315 Sequence 0 found templates: ['0060_A', '0020_A', '0004_A', '0043_A', '0061_A', '0086_A', '0005_A', '0021_A', '0062_A', '0044_A', '0006_A', '0087_A', '0063_A', '0022_A', '0007_A', '0045_A', '0064_A', '0088_A', '0008_A', '0023_A']
2026-04-03 00:10:42,072 Setting max_seq=16, max_extra_seq=32
2026-04-03 00:11:57,723 alphafold2_ptm_model_1_seed_000 recycle=0 pLDDT=76.8 pTM=0.685
2026-04-03 00:11:57,725 alphafold2_ptm_model_1_seed_000 took 62.9s (0 recycles)
2026-04-03 00:12:32,685 alphafold2_ptm_model_2_seed_000 recycle=0 pLDDT=75.3 pTM=0.598
2026-04-03 00:12:32,687 alphafold2_ptm_model_2_seed_000 took 34.5s (0 recycles)
2026-04-03 00:13:20,128 alphafold2_ptm_model_3_seed_000 recycle=0 pLDDT=55.9 pTM=0.394
2026-04-03 00:13:20,135 alphafold2_ptm_model_3_seed_000 took 47.0s (0 recycles)
2026-04-03 00:13:52,985 alphafold2_ptm_model_4_seed_000 recycle=0 pLDDT=69.3 pTM=0.45
2026-04-03 00:13:52,993 alphafold2_ptm_model_4_seed_000 took 32.1s (0 recycles)
2026-04-03 00:14:25,692 alphafold2_ptm_model_5_seed_000 recycle=0 pLDDT=74.9 pTM=0.521
2026-04-03 00:14:25,700 alphafold2_ptm_model_5_seed_000 took 32.2s (0 recycles)
2026-04-03 00:15:13,589 alphafold2_ptm_model_1_seed_001 recycle=0 pLDDT=79.6 pTM=0.744
2026-04-03 00:15:13,590 alphafold2_ptm_model_1_seed_001 took 34.6s (0 recycles)
2026-04-03 00:15:48,744 alphafold2_ptm_model_2_seed_001 recycle=0 pLDDT=73.8 pTM=0.594
2026-04-03 00:15:48,745 alphafold2_ptm_model_2_seed_001 took 34.7s (0 recycles)
2026-04-03 00:16:21,100 alphafold2_ptm_model_3_seed_001 recycle=0 pLDDT=23.5 pTM=0.501
2026-04-03 00:16:21,101 alphafold2_ptm_model_3_seed_001 took 31.8s (0 recycles)
2026-04-03 00:16:53,540 alphafold2_ptm_model_4_seed_001 recycle=0 pLDDT=68.3 pTM=0.418
2026-04-03 00:16:53,542 alphafold2_ptm_model_4_seed_001 took 31.9s (0 recycles)
2026-04-03 00:17:25,933 alphafold2_ptm_model_5_seed_001 recycle=0 pLDDT=72.9 pTM=0.468
2026-04-03 00:17:25,934 alphafold2_ptm_model_5_seed_001 took 31.9s (0 recycles)
2026-04-03 00:18:07,337 alphafold2_ptm_model_1_seed_002 recycle=0 pLDDT=78.4 pTM=0.726
2026-04-03 00:18:07,339 alphafold2_ptm_model_1_seed_002 took 34.7s (0 recycles)
2026-04-03 00:18:42,502 alphafold2_ptm_model_2_seed_002 recycle=0 pLDDT=76.1 pTM=0.599
2026-04-03 00:18:42,504 alphafold2_ptm_model_2_seed_002 took 34.7s (0 recycles)
2026-04-03 00:19:14,858 alphafold2_ptm_model_3_seed_002 recycle=0 pLDDT=29.1 pTM=0.535
2026-04-03 00:19:14,858 alphafold2_ptm_model_3_seed_002 took 31.8s (0 recycles)
2026-04-03 00:19:47,266 alphafold2_ptm_model_4_seed_002 recycle=0 pLDDT=63.1 pTM=0.428
2026-04-03 00:19:47,267 alphafold2_ptm_model_4_seed_002 took 31.9s (0 recycles)
2026-04-03 00:20:19,666 alphafold2_ptm_model_5_seed_002 recycle=0 pLDDT=72.1 pTM=0.493
2026-04-03 00:20:19,667 alphafold2_ptm_model_5_seed_002 took 31.9s (0 recycles)
2026-04-03 00:21:00,956 alphafold2_ptm_model_1_seed_003 recycle=0 pLDDT=78.9 pTM=0.724
2026-04-03 00:21:00,958 alphafold2_ptm_model_1_seed_003 took 34.6s (0 recycles)
2026-04-03 00:21:36,120 alphafold2_ptm_model_2_seed_003 recycle=0 pLDDT=72.5 pTM=0.563
2026-04-03 00:21:36,121 alphafold2_ptm_model_2_seed_003 took 34.7s (0 recycles)
2026-04-03 00:22:08,517 alphafold2_ptm_model_3_seed_003 recycle=0 pLDDT=36.7 pTM=0.246
2026-04-03 00:22:08,518 alphafold2_ptm_model_3_seed_003 took 31.9s (0 recycles)
2026-04-03 00:22:41,362 alphafold2_ptm_model_4_seed_003 recycle=0 pLDDT=68.7 pTM=0.458
2026-04-03 00:22:41,369 alphafold2_ptm_model_4_seed_003 took 32.4s (0 recycles)
2026-04-03 00:23:13,967 alphafold2_ptm_model_5_seed_003 recycle=0 pLDDT=70.6 pTM=0.481
2026-04-03 00:23:13,975 alphafold2_ptm_model_5_seed_003 took 32.1s (0 recycles)
2026-04-03 00:24:01,706 alphafold2_ptm_model_1_seed_004 recycle=0 pLDDT=72.8 pTM=0.672
2026-04-03 00:24:01,713 alphafold2_ptm_model_1_seed_004 took 34.8s (0 recycles)
2026-04-03 00:24:37,086 alphafold2_ptm_model_2_seed_004 recycle=0 pLDDT=68.2 pTM=0.515
2026-04-03 00:24:37,093 alphafold2_ptm_model_2_seed_004 took 34.9s (0 recycles)
2026-04-03 00:25:09,758 alphafold2_ptm_model_3_seed_004 recycle=0 pLDDT=32.3 pTM=0.2
2026-04-03 00:25:09,765 alphafold2_ptm_model_3_seed_004 took 32.2s (0 recycles)
2026-04-03 00:25:42,475 alphafold2_ptm_model_4_seed_004 recycle=0 pLDDT=67.1 pTM=0.428
2026-04-03 00:25:42,482 alphafold2_ptm_model_4_seed_004 took 32.2s (0 recycles)
2026-04-03 00:26:15,138 alphafold2_ptm_model_5_seed_004 recycle=0 pLDDT=75 pTM=0.545
2026-04-03 00:26:15,146 alphafold2_ptm_model_5_seed_004 took 32.1s (0 recycles)
2026-04-03 00:27:03,634 alphafold2_ptm_model_1_seed_005 recycle=0 pLDDT=71.8 pTM=0.636
2026-04-03 00:27:03,635 alphafold2_ptm_model_1_seed_005 took 34.6s (0 recycles)
2026-04-03 00:27:38,783 alphafold2_ptm_model_2_seed_005 recycle=0 pLDDT=66.5 pTM=0.486
2026-04-03 00:27:38,784 alphafold2_ptm_model_2_seed_005 took 34.6s (0 recycles)
2026-04-03 00:28:11,136 alphafold2_ptm_model_3_seed_005 recycle=0 pLDDT=28.4 pTM=0.644
2026-04-03 00:28:11,137 alphafold2_ptm_model_3_seed_005 took 31.8s (0 recycles)
2026-04-03 00:28:43,525 alphafold2_ptm_model_4_seed_005 recycle=0 pLDDT=66.6 pTM=0.448
2026-04-03 00:28:43,526 alphafold2_ptm_model_4_seed_005 took 31.9s (0 recycles)
2026-04-03 00:29:15,899 alphafold2_ptm_model_5_seed_005 recycle=0 pLDDT=74.4 pTM=0.55
2026-04-03 00:29:15,900 alphafold2_ptm_model_5_seed_005 took 31.9s (0 recycles)
2026-04-03 00:29:57,334 alphafold2_ptm_model_1_seed_006 recycle=0 pLDDT=79 pTM=0.718
2026-04-03 00:29:57,335 alphafold2_ptm_model_1_seed_006 took 34.7s (0 recycles)
2026-04-03 00:30:32,516 alphafold2_ptm_model_2_seed_006 recycle=0 pLDDT=71.8 pTM=0.56
2026-04-03 00:30:32,517 alphafold2_ptm_model_2_seed_006 took 34.7s (0 recycles)
2026-04-03 00:31:04,894 alphafold2_ptm_model_3_seed_006 recycle=0 pLDDT=45.4 pTM=0.288
2026-04-03 00:31:04,894 alphafold2_ptm_model_3_seed_006 took 31.9s (0 recycles)
2026-04-03 00:31:37,296 alphafold2_ptm_model_4_seed_006 recycle=0 pLDDT=68 pTM=0.436
2026-04-03 00:31:37,298 alphafold2_ptm_model_4_seed_006 took 31.9s (0 recycles)
2026-04-03 00:32:09,696 alphafold2_ptm_model_5_seed_006 recycle=0 pLDDT=77.8 pTM=0.6
2026-04-03 00:32:09,697 alphafold2_ptm_model_5_seed_006 took 31.9s (0 recycles)
2026-04-03 00:32:50,908 alphafold2_ptm_model_1_seed_007 recycle=0 pLDDT=72.6 pTM=0.668
2026-04-03 00:32:50,909 alphafold2_ptm_model_1_seed_007 took 34.6s (0 recycles)
2026-04-03 00:33:26,028 alphafold2_ptm_model_2_seed_007 recycle=0 pLDDT=69.2 pTM=0.54
2026-04-03 00:33:26,029 alphafold2_ptm_model_2_seed_007 took 34.6s (0 recycles)
2026-04-03 00:33:58,390 alphafold2_ptm_model_3_seed_007 recycle=0 pLDDT=29 pTM=0.318
2026-04-03 00:33:58,391 alphafold2_ptm_model_3_seed_007 took 31.9s (0 recycles)
2026-04-03 00:34:30,776 alphafold2_ptm_model_4_seed_007 recycle=0 pLDDT=67.6 pTM=0.417
2026-04-03 00:34:30,777 alphafold2_ptm_model_4_seed_007 took 31.9s (0 recycles)
2026-04-03 00:35:03,181 alphafold2_ptm_model_5_seed_007 recycle=0 pLDDT=74.8 pTM=0.511
2026-04-03 00:35:03,182 alphafold2_ptm_model_5_seed_007 took 31.9s (0 recycles)
2026-04-03 00:35:44,573 alphafold2_ptm_model_1_seed_008 recycle=0 pLDDT=81 pTM=0.737
2026-04-03 00:35:44,574 alphafold2_ptm_model_1_seed_008 took 34.6s (0 recycles)
2026-04-03 00:36:19,720 alphafold2_ptm_model_2_seed_008 recycle=0 pLDDT=75.8 pTM=0.611
2026-04-03 00:36:19,721 alphafold2_ptm_model_2_seed_008 took 34.7s (0 recycles)
2026-04-03 00:36:52,083 alphafold2_ptm_model_3_seed_008 recycle=0 pLDDT=32.7 pTM=0.635
2026-04-03 00:36:52,084 alphafold2_ptm_model_3_seed_008 took 31.9s (0 recycles)
2026-04-03 00:37:24,520 alphafold2_ptm_model_4_seed_008 recycle=0 pLDDT=74.9 pTM=0.48
2026-04-03 00:37:24,521 alphafold2_ptm_model_4_seed_008 took 31.9s (0 recycles)
2026-04-03 00:37:56,929 alphafold2_ptm_model_5_seed_008 recycle=0 pLDDT=79.8 pTM=0.63
2026-04-03 00:37:56,930 alphafold2_ptm_model_5_seed_008 took 31.9s (0 recycles)
2026-04-03 00:38:38,137 alphafold2_ptm_model_1_seed_009 recycle=0 pLDDT=78.4 pTM=0.74
2026-04-03 00:38:38,138 alphafold2_ptm_model_1_seed_009 took 34.6s (0 recycles)
2026-04-03 00:39:13,248 alphafold2_ptm_model_2_seed_009 recycle=0 pLDDT=75.8 pTM=0.597
2026-04-03 00:39:13,249 alphafold2_ptm_model_2_seed_009 took 34.6s (0 recycles)
2026-04-03 00:39:45,619 alphafold2_ptm_model_3_seed_009 recycle=0 pLDDT=60.8 pTM=0.413
2026-04-03 00:39:45,620 alphafold2_ptm_model_3_seed_009 took 31.9s (0 recycles)
2026-04-03 00:40:18,017 alphafold2_ptm_model_4_seed_009 recycle=0 pLDDT=76.1 pTM=0.457
2026-04-03 00:40:18,018 alphafold2_ptm_model_4_seed_009 took 31.9s (0 recycles)
2026-04-03 00:40:50,403 alphafold2_ptm_model_5_seed_009 recycle=0 pLDDT=75.5 pTM=0.501
2026-04-03 00:40:50,405 alphafold2_ptm_model_5_seed_009 took 31.9s (0 recycles)
2026-04-03 00:41:31,642 alphafold2_ptm_model_1_seed_010 recycle=0 pLDDT=79.9 pTM=0.741
2026-04-03 00:41:31,643 alphafold2_ptm_model_1_seed_010 took 34.6s (0 recycles)
2026-04-03 00:42:06,767 alphafold2_ptm_model_2_seed_010 recycle=0 pLDDT=76.2 pTM=0.627
2026-04-03 00:42:06,768 alphafold2_ptm_model_2_seed_010 took 34.6s (0 recycles)
2026-04-03 00:42:39,133 alphafold2_ptm_model_3_seed_010 recycle=0 pLDDT=50.2 pTM=0.332
2026-04-03 00:42:39,134 alphafold2_ptm_model_3_seed_010 took 31.9s (0 recycles)
2026-04-03 00:43:11,538 alphafold2_ptm_model_4_seed_010 recycle=0 pLDDT=71.4 pTM=0.439
2026-04-03 00:43:11,539 alphafold2_ptm_model_4_seed_010 took 31.9s (0 recycles)
2026-04-03 00:43:43,926 alphafold2_ptm_model_5_seed_010 recycle=0 pLDDT=72.2 pTM=0.521
2026-04-03 00:43:43,927 alphafold2_ptm_model_5_seed_010 took 31.9s (0 recycles)
2026-04-03 00:44:25,202 alphafold2_ptm_model_1_seed_011 recycle=0 pLDDT=77.9 pTM=0.709
2026-04-03 00:44:25,203 alphafold2_ptm_model_1_seed_011 took 34.7s (0 recycles)
2026-04-03 00:45:00,354 alphafold2_ptm_model_2_seed_011 recycle=0 pLDDT=74.8 pTM=0.588
2026-04-03 00:45:00,355 alphafold2_ptm_model_2_seed_011 took 34.7s (0 recycles)
2026-04-03 00:45:32,713 alphafold2_ptm_model_3_seed_011 recycle=0 pLDDT=39.4 pTM=0.292
2026-04-03 00:45:32,714 alphafold2_ptm_model_3_seed_011 took 31.9s (0 recycles)
2026-04-03 00:46:05,099 alphafold2_ptm_model_4_seed_011 recycle=0 pLDDT=71.1 pTM=0.448
2026-04-03 00:46:05,100 alphafold2_ptm_model_4_seed_011 took 31.9s (0 recycles)
2026-04-03 00:46:37,993 alphafold2_ptm_model_5_seed_011 recycle=0 pLDDT=77 pTM=0.594
2026-04-03 00:46:37,995 alphafold2_ptm_model_5_seed_011 took 32.4s (0 recycles)
2026-04-03 00:47:19,309 alphafold2_ptm_model_1_seed_012 recycle=0 pLDDT=75.5 pTM=0.685
2026-04-03 00:47:19,310 alphafold2_ptm_model_1_seed_012 took 34.6s (0 recycles)
2026-04-03 00:47:54,445 alphafold2_ptm_model_2_seed_012 recycle=0 pLDDT=69.1 pTM=0.525
2026-04-03 00:47:54,447 alphafold2_ptm_model_2_seed_012 took 34.6s (0 recycles)
2026-04-03 00:48:26,813 alphafold2_ptm_model_3_seed_012 recycle=0 pLDDT=29.9 pTM=0.308
2026-04-03 00:48:26,814 alphafold2_ptm_model_3_seed_012 took 31.9s (0 recycles)
2026-04-03 00:48:59,229 alphafold2_ptm_model_4_seed_012 recycle=0 pLDDT=68.4 pTM=0.426
2026-04-03 00:48:59,230 alphafold2_ptm_model_4_seed_012 took 31.9s (0 recycles)
2026-04-03 00:49:31,815 alphafold2_ptm_model_5_seed_012 recycle=0 pLDDT=77.4 pTM=0.589
2026-04-03 00:49:31,816 alphafold2_ptm_model_5_seed_012 took 31.9s (0 recycles)
2026-04-03 00:50:13,025 alphafold2_ptm_model_1_seed_013 recycle=0 pLDDT=79.7 pTM=0.736
2026-04-03 00:50:13,026 alphafold2_ptm_model_1_seed_013 took 34.6s (0 recycles)
2026-04-03 00:50:48,583 alphafold2_ptm_model_2_seed_013 recycle=0 pLDDT=72.1 pTM=0.565
2026-04-03 00:50:48,590 alphafold2_ptm_model_2_seed_013 took 35.1s (0 recycles)
2026-04-03 00:51:21,404 alphafold2_ptm_model_3_seed_013 recycle=0 pLDDT=40.3 pTM=0.257
2026-04-03 00:51:21,411 alphafold2_ptm_model_3_seed_013 took 32.1s (0 recycles)
2026-04-03 00:51:53,817 alphafold2_ptm_model_4_seed_013 recycle=0 pLDDT=70.1 pTM=0.451
2026-04-03 00:51:53,818 alphafold2_ptm_model_4_seed_013 took 31.9s (0 recycles)
2026-04-03 00:52:26,629 alphafold2_ptm_model_5_seed_013 recycle=0 pLDDT=73.2 pTM=0.508
2026-04-03 00:52:26,637 alphafold2_ptm_model_5_seed_013 took 32.3s (0 recycles)
2026-04-03 00:53:14,329 alphafold2_ptm_model_1_seed_014 recycle=0 pLDDT=76.9 pTM=0.72
2026-04-03 00:53:14,330 alphafold2_ptm_model_1_seed_014 took 34.6s (0 recycles)
2026-04-03 00:53:49,867 alphafold2_ptm_model_2_seed_014 recycle=0 pLDDT=66.1 pTM=0.493
2026-04-03 00:53:49,875 alphafold2_ptm_model_2_seed_014 took 35.1s (0 recycles)
2026-04-03 00:54:22,455 alphafold2_ptm_model_3_seed_014 recycle=0 pLDDT=35.9 pTM=0.241
2026-04-03 00:54:22,463 alphafold2_ptm_model_3_seed_014 took 32.1s (0 recycles)
2026-04-03 00:54:55,093 alphafold2_ptm_model_4_seed_014 recycle=0 pLDDT=66.7 pTM=0.417
2026-04-03 00:54:55,101 alphafold2_ptm_model_4_seed_014 took 32.1s (0 recycles)
2026-04-03 00:55:27,741 alphafold2_ptm_model_5_seed_014 recycle=0 pLDDT=69.4 pTM=0.483
2026-04-03 00:55:27,749 alphafold2_ptm_model_5_seed_014 took 32.1s (0 recycles)
2026-04-03 00:56:16,847 alphafold2_ptm_model_1_seed_015 recycle=0 pLDDT=76.1 pTM=0.683
2026-04-03 00:56:16,854 alphafold2_ptm_model_1_seed_015 took 34.8s (0 recycles)
2026-04-03 00:56:52,222 alphafold2_ptm_model_2_seed_015 recycle=0 pLDDT=69.8 pTM=0.515
2026-04-03 00:56:52,230 alphafold2_ptm_model_2_seed_015 took 34.9s (0 recycles)
2026-04-03 00:57:24,797 alphafold2_ptm_model_3_seed_015 recycle=0 pLDDT=26.7 pTM=0.276
2026-04-03 00:57:24,804 alphafold2_ptm_model_3_seed_015 took 32.1s (0 recycles)
2026-04-03 00:57:57,430 alphafold2_ptm_model_4_seed_015 recycle=0 pLDDT=68.4 pTM=0.461
2026-04-03 00:57:57,437 alphafold2_ptm_model_4_seed_015 took 32.1s (0 recycles)
2026-04-03 00:58:30,051 alphafold2_ptm_model_5_seed_015 recycle=0 pLDDT=72.4 pTM=0.494
2026-04-03 00:58:30,059 alphafold2_ptm_model_5_seed_015 took 32.1s (0 recycles)
2026-04-03 00:59:18,611 alphafold2_ptm_model_1_seed_016 recycle=0 pLDDT=78.8 pTM=0.745
2026-04-03 00:59:18,618 alphafold2_ptm_model_1_seed_016 took 34.8s (0 recycles)
2026-04-03 00:59:54,009 alphafold2_ptm_model_2_seed_016 recycle=0 pLDDT=70.9 pTM=0.552
2026-04-03 00:59:54,016 alphafold2_ptm_model_2_seed_016 took 34.9s (0 recycles)
2026-04-03 01:00:26,851 alphafold2_ptm_model_3_seed_016 recycle=0 pLDDT=44.7 pTM=0.303
2026-04-03 01:00:26,858 alphafold2_ptm_model_3_seed_016 took 32.3s (0 recycles)
2026-04-03 01:00:59,472 alphafold2_ptm_model_4_seed_016 recycle=0 pLDDT=72.6 pTM=0.466
2026-04-03 01:00:59,480 alphafold2_ptm_model_4_seed_016 took 32.1s (0 recycles)
2026-04-03 01:01:32,092 alphafold2_ptm_model_5_seed_016 recycle=0 pLDDT=75.8 pTM=0.556
2026-04-03 01:01:32,099 alphafold2_ptm_model_5_seed_016 took 32.1s (0 recycles)
2026-04-03 01:02:20,220 alphafold2_ptm_model_1_seed_017 recycle=0 pLDDT=72.6 pTM=0.644
2026-04-03 01:02:20,228 alphafold2_ptm_model_1_seed_017 took 34.8s (0 recycles)
2026-04-03 01:02:55,584 alphafold2_ptm_model_2_seed_017 recycle=0 pLDDT=66.4 pTM=0.509
2026-04-03 01:02:55,592 alphafold2_ptm_model_2_seed_017 took 34.9s (0 recycles)
2026-04-03 01:03:28,173 alphafold2_ptm_model_3_seed_017 recycle=0 pLDDT=27.5 pTM=0.315
2026-04-03 01:03:28,181 alphafold2_ptm_model_3_seed_017 took 32.1s (0 recycles)
2026-04-03 01:04:01,036 alphafold2_ptm_model_4_seed_017 recycle=0 pLDDT=56.9 pTM=0.363
2026-04-03 01:04:01,044 alphafold2_ptm_model_4_seed_017 took 32.1s (0 recycles)
2026-04-03 01:04:33,843 alphafold2_ptm_model_5_seed_017 recycle=0 pLDDT=73.8 pTM=0.479
2026-04-03 01:04:33,851 alphafold2_ptm_model_5_seed_017 took 32.1s (0 recycles)
2026-04-03 01:05:21,492 alphafold2_ptm_model_1_seed_018 recycle=0 pLDDT=76.6 pTM=0.692
2026-04-03 01:05:21,493 alphafold2_ptm_model_1_seed_018 took 34.6s (0 recycles)
2026-04-03 01:05:56,638 alphafold2_ptm_model_2_seed_018 recycle=0 pLDDT=73.1 pTM=0.556
2026-04-03 01:05:56,639 alphafold2_ptm_model_2_seed_018 took 34.7s (0 recycles)
2026-04-03 01:06:28,995 alphafold2_ptm_model_3_seed_018 recycle=0 pLDDT=45 pTM=0.295
2026-04-03 01:06:28,996 alphafold2_ptm_model_3_seed_018 took 31.9s (0 recycles)
2026-04-03 01:07:01,382 alphafold2_ptm_model_4_seed_018 recycle=0 pLDDT=68 pTM=0.446
2026-04-03 01:07:01,383 alphafold2_ptm_model_4_seed_018 took 31.9s (0 recycles)
2026-04-03 01:07:33,748 alphafold2_ptm_model_5_seed_018 recycle=0 pLDDT=75.1 pTM=0.559
2026-04-03 01:07:33,749 alphafold2_ptm_model_5_seed_018 took 31.9s (0 recycles)
2026-04-03 01:08:15,654 alphafold2_ptm_model_1_seed_019 recycle=0 pLDDT=77.1 pTM=0.691
2026-04-03 01:08:15,661 alphafold2_ptm_model_1_seed_019 took 35.0s (0 recycles)
2026-04-03 01:08:51,013 alphafold2_ptm_model_2_seed_019 recycle=0 pLDDT=76.1 pTM=0.595
2026-04-03 01:08:51,020 alphafold2_ptm_model_2_seed_019 took 34.9s (0 recycles)
2026-04-03 01:09:23,601 alphafold2_ptm_model_3_seed_019 recycle=0 pLDDT=48.2 pTM=0.306
2026-04-03 01:09:23,609 alphafold2_ptm_model_3_seed_019 took 32.1s (0 recycles)
2026-04-03 01:09:56,220 alphafold2_ptm_model_4_seed_019 recycle=0 pLDDT=72.9 pTM=0.483
2026-04-03 01:09:56,227 alphafold2_ptm_model_4_seed_019 took 32.1s (0 recycles)
2026-04-03 01:10:28,865 alphafold2_ptm_model_5_seed_019 recycle=0 pLDDT=76.9 pTM=0.545
2026-04-03 01:10:28,867 alphafold2_ptm_model_5_seed_019 took 31.9s (0 recycles)
2026-04-03 01:11:10,278 alphafold2_ptm_model_1_seed_020 recycle=0 pLDDT=79.9 pTM=0.737
2026-04-03 01:11:10,279 alphafold2_ptm_model_1_seed_020 took 34.6s (0 recycles)
2026-04-03 01:11:45,427 alphafold2_ptm_model_2_seed_020 recycle=0 pLDDT=76 pTM=0.625
2026-04-03 01:11:45,428 alphafold2_ptm_model_2_seed_020 took 34.7s (0 recycles)
2026-04-03 01:12:17,785 alphafold2_ptm_model_3_seed_020 recycle=0 pLDDT=37.1 pTM=0.597
2026-04-03 01:12:17,786 alphafold2_ptm_model_3_seed_020 took 31.9s (0 recycles)
2026-04-03 01:12:50,169 alphafold2_ptm_model_4_seed_020 recycle=0 pLDDT=69.1 pTM=0.443
2026-04-03 01:12:50,170 alphafold2_ptm_model_4_seed_020 took 31.9s (0 recycles)
2026-04-03 01:13:22,530 alphafold2_ptm_model_5_seed_020 recycle=0 pLDDT=68.5 pTM=0.591
2026-04-03 01:13:22,531 alphafold2_ptm_model_5_seed_020 took 31.9s (0 recycles)
2026-04-03 01:14:03,745 alphafold2_ptm_model_1_seed_021 recycle=0 pLDDT=77.2 pTM=0.711
2026-04-03 01:14:03,746 alphafold2_ptm_model_1_seed_021 took 34.6s (0 recycles)
2026-04-03 01:14:38,866 alphafold2_ptm_model_2_seed_021 recycle=0 pLDDT=74 pTM=0.584
2026-04-03 01:14:38,867 alphafold2_ptm_model_2_seed_021 took 34.6s (0 recycles)
2026-04-03 01:15:11,207 alphafold2_ptm_model_3_seed_021 recycle=0 pLDDT=49.4 pTM=0.297
2026-04-03 01:15:11,208 alphafold2_ptm_model_3_seed_021 took 31.9s (0 recycles)
2026-04-03 01:15:43,617 alphafold2_ptm_model_4_seed_021 recycle=0 pLDDT=71.2 pTM=0.469
2026-04-03 01:15:43,619 alphafold2_ptm_model_4_seed_021 took 31.9s (0 recycles)
2026-04-03 01:16:16,018 alphafold2_ptm_model_5_seed_021 recycle=0 pLDDT=77.4 pTM=0.533
2026-04-03 01:16:16,019 alphafold2_ptm_model_5_seed_021 took 31.9s (0 recycles)
2026-04-03 01:16:57,216 alphafold2_ptm_model_1_seed_022 recycle=0 pLDDT=69.4 pTM=0.586
2026-04-03 01:16:57,217 alphafold2_ptm_model_1_seed_022 took 34.6s (0 recycles)
2026-04-03 01:17:32,332 alphafold2_ptm_model_2_seed_022 recycle=0 pLDDT=65.5 pTM=0.488
2026-04-03 01:17:32,333 alphafold2_ptm_model_2_seed_022 took 34.6s (0 recycles)
2026-04-03 01:18:04,683 alphafold2_ptm_model_3_seed_022 recycle=0 pLDDT=40.8 pTM=0.413
2026-04-03 01:18:04,684 alphafold2_ptm_model_3_seed_022 took 31.9s (0 recycles)
2026-04-03 01:18:37,051 alphafold2_ptm_model_4_seed_022 recycle=0 pLDDT=71.4 pTM=0.543
2026-04-03 01:18:37,052 alphafold2_ptm_model_4_seed_022 took 31.9s (0 recycles)
2026-04-03 01:19:09,407 alphafold2_ptm_model_5_seed_022 recycle=0 pLDDT=75.7 pTM=0.697
2026-04-03 01:19:09,408 alphafold2_ptm_model_5_seed_022 took 31.9s (0 recycles)
2026-04-03 01:19:50,612 alphafold2_ptm_model_1_seed_023 recycle=0 pLDDT=74.9 pTM=0.674
2026-04-03 01:19:50,613 alphafold2_ptm_model_1_seed_023 took 34.6s (0 recycles)
2026-04-03 01:20:25,694 alphafold2_ptm_model_2_seed_023 recycle=0 pLDDT=70.5 pTM=0.545
2026-04-03 01:20:25,695 alphafold2_ptm_model_2_seed_023 took 34.6s (0 recycles)
2026-04-03 01:20:58,078 alphafold2_ptm_model_3_seed_023 recycle=0 pLDDT=35.7 pTM=0.245
2026-04-03 01:20:58,079 alphafold2_ptm_model_3_seed_023 took 31.9s (0 recycles)
2026-04-03 01:21:30,478 alphafold2_ptm_model_4_seed_023 recycle=0 pLDDT=69.6 pTM=0.47
2026-04-03 01:21:30,479 alphafold2_ptm_model_4_seed_023 took 31.9s (0 recycles)
2026-04-03 01:22:02,865 alphafold2_ptm_model_5_seed_023 recycle=0 pLDDT=76.1 pTM=0.725
2026-04-03 01:22:02,866 alphafold2_ptm_model_5_seed_023 took 31.9s (0 recycles)
2026-04-03 01:22:44,136 alphafold2_ptm_model_1_seed_024 recycle=0 pLDDT=75.1 pTM=0.693
2026-04-03 01:22:44,137 alphafold2_ptm_model_1_seed_024 took 34.6s (0 recycles)
2026-04-03 01:23:19,291 alphafold2_ptm_model_2_seed_024 recycle=0 pLDDT=70.6 pTM=0.55
2026-04-03 01:23:19,293 alphafold2_ptm_model_2_seed_024 took 34.6s (0 recycles)
2026-04-03 01:23:51,668 alphafold2_ptm_model_3_seed_024 recycle=0 pLDDT=38.1 pTM=0.302
2026-04-03 01:23:51,669 alphafold2_ptm_model_3_seed_024 took 31.9s (0 recycles)
2026-04-03 01:24:24,064 alphafold2_ptm_model_4_seed_024 recycle=0 pLDDT=67.9 pTM=0.429
2026-04-03 01:24:24,066 alphafold2_ptm_model_4_seed_024 took 31.9s (0 recycles)
2026-04-03 01:24:56,456 alphafold2_ptm_model_5_seed_024 recycle=0 pLDDT=71 pTM=0.461
2026-04-03 01:24:56,457 alphafold2_ptm_model_5_seed_024 took 31.9s (0 recycles)
2026-04-03 01:24:56,961 reranking models by 'plddt' metric
2026-04-03 01:24:56,961 rank_001_alphafold2_ptm_model_1_seed_008 pLDDT=81 pTM=0.737
2026-04-03 01:24:56,963 rank_002_alphafold2_ptm_model_1_seed_010 pLDDT=79.9 pTM=0.741
2026-04-03 01:24:56,965 rank_003_alphafold2_ptm_model_1_seed_020 pLDDT=79.9 pTM=0.737
2026-04-03 01:24:56,967 rank_004_alphafold2_ptm_model_5_seed_008 pLDDT=79.8 pTM=0.63
2026-04-03 01:24:56,969 rank_005_alphafold2_ptm_model_1_seed_013 pLDDT=79.7 pTM=0.736
2026-04-03 01:24:56,971 rank_006_alphafold2_ptm_model_1_seed_001 pLDDT=79.6 pTM=0.744
2026-04-03 01:24:56,973 rank_007_alphafold2_ptm_model_1_seed_006 pLDDT=79 pTM=0.718
2026-04-03 01:24:56,975 rank_008_alphafold2_ptm_model_1_seed_003 pLDDT=78.9 pTM=0.724
2026-04-03 01:24:56,976 rank_009_alphafold2_ptm_model_1_seed_016 pLDDT=78.8 pTM=0.745
2026-04-03 01:24:56,978 rank_010_alphafold2_ptm_model_1_seed_009 pLDDT=78.4 pTM=0.74
2026-04-03 01:24:56,980 rank_011_alphafold2_ptm_model_1_seed_002 pLDDT=78.4 pTM=0.726
2026-04-03 01:24:56,982 rank_012_alphafold2_ptm_model_1_seed_011 pLDDT=77.9 pTM=0.709
2026-04-03 01:24:56,984 rank_013_alphafold2_ptm_model_5_seed_006 pLDDT=77.8 pTM=0.6
2026-04-03 01:24:56,986 rank_014_alphafold2_ptm_model_5_seed_021 pLDDT=77.4 pTM=0.533
2026-04-03 01:24:56,988 rank_015_alphafold2_ptm_model_5_seed_012 pLDDT=77.4 pTM=0.589
2026-04-03 01:24:56,989 rank_016_alphafold2_ptm_model_1_seed_021 pLDDT=77.2 pTM=0.711
2026-04-03 01:24:56,991 rank_017_alphafold2_ptm_model_1_seed_019 pLDDT=77.1 pTM=0.691
2026-04-03 01:24:56,993 rank_018_alphafold2_ptm_model_5_seed_011 pLDDT=77 pTM=0.594
2026-04-03 01:24:56,995 rank_019_alphafold2_ptm_model_5_seed_019 pLDDT=76.9 pTM=0.545
2026-04-03 01:24:56,997 rank_020_alphafold2_ptm_model_1_seed_014 pLDDT=76.9 pTM=0.72
2026-04-03 01:24:56,998 rank_021_alphafold2_ptm_model_1_seed_000 pLDDT=76.8 pTM=0.685
2026-04-03 01:24:57,000 rank_022_alphafold2_ptm_model_1_seed_018 pLDDT=76.6 pTM=0.692
2026-04-03 01:24:57,002 rank_023_alphafold2_ptm_model_2_seed_010 pLDDT=76.2 pTM=0.627
2026-04-03 01:24:57,004 rank_024_alphafold2_ptm_model_4_seed_009 pLDDT=76.1 pTM=0.457
2026-04-03 01:24:57,006 rank_025_alphafold2_ptm_model_5_seed_023 pLDDT=76.1 pTM=0.725
2026-04-03 01:24:57,010 rank_026_alphafold2_ptm_model_2_seed_002 pLDDT=76.1 pTM=0.599
2026-04-03 01:24:57,012 rank_027_alphafold2_ptm_model_2_seed_019 pLDDT=76.1 pTM=0.595
2026-04-03 01:24:57,013 rank_028_alphafold2_ptm_model_1_seed_015 pLDDT=76.1 pTM=0.683
2026-04-03 01:24:57,015 rank_029_alphafold2_ptm_model_2_seed_020 pLDDT=76 pTM=0.625
2026-04-03 01:24:57,017 rank_030_alphafold2_ptm_model_5_seed_016 pLDDT=75.8 pTM=0.556
2026-04-03 01:24:57,019 rank_031_alphafold2_ptm_model_2_seed_008 pLDDT=75.8 pTM=0.611
2026-04-03 01:24:57,020 rank_032_alphafold2_ptm_model_2_seed_009 pLDDT=75.8 pTM=0.597
2026-04-03 01:24:57,022 rank_033_alphafold2_ptm_model_5_seed_022 pLDDT=75.7 pTM=0.697
2026-04-03 01:24:57,024 rank_034_alphafold2_ptm_model_1_seed_012 pLDDT=75.5 pTM=0.685
2026-04-03 01:24:57,026 rank_035_alphafold2_ptm_model_5_seed_009 pLDDT=75.5 pTM=0.501
2026-04-03 01:24:57,028 rank_036_alphafold2_ptm_model_2_seed_000 pLDDT=75.3 pTM=0.598
2026-04-03 01:24:57,030 rank_037_alphafold2_ptm_model_1_seed_024 pLDDT=75.1 pTM=0.693
2026-04-03 01:24:57,032 rank_038_alphafold2_ptm_model_5_seed_018 pLDDT=75.1 pTM=0.559
2026-04-03 01:24:57,034 rank_039_alphafold2_ptm_model_5_seed_004 pLDDT=75 pTM=0.545
2026-04-03 01:24:57,036 rank_040_alphafold2_ptm_model_1_seed_023 pLDDT=74.9 pTM=0.674
2026-04-03 01:24:57,038 rank_041_alphafold2_ptm_model_4_seed_008 pLDDT=74.9 pTM=0.48
2026-04-03 01:24:57,040 rank_042_alphafold2_ptm_model_5_seed_000 pLDDT=74.9 pTM=0.521
2026-04-03 01:24:57,042 rank_043_alphafold2_ptm_model_2_seed_011 pLDDT=74.8 pTM=0.588
2026-04-03 01:24:57,044 rank_044_alphafold2_ptm_model_5_seed_007 pLDDT=74.8 pTM=0.511
2026-04-03 01:24:57,046 rank_045_alphafold2_ptm_model_5_seed_005 pLDDT=74.4 pTM=0.55
2026-04-03 01:24:57,048 rank_046_alphafold2_ptm_model_2_seed_021 pLDDT=74 pTM=0.584
2026-04-03 01:24:57,050 rank_047_alphafold2_ptm_model_5_seed_017 pLDDT=73.8 pTM=0.479
2026-04-03 01:24:57,052 rank_048_alphafold2_ptm_model_2_seed_001 pLDDT=73.8 pTM=0.594
2026-04-03 01:24:57,054 rank_049_alphafold2_ptm_model_5_seed_013 pLDDT=73.2 pTM=0.508
2026-04-03 01:24:57,056 rank_050_alphafold2_ptm_model_2_seed_018 pLDDT=73.1 pTM=0.556
2026-04-03 01:24:57,058 rank_051_alphafold2_ptm_model_5_seed_001 pLDDT=72.9 pTM=0.468
2026-04-03 01:24:57,060 rank_052_alphafold2_ptm_model_4_seed_019 pLDDT=72.9 pTM=0.483
2026-04-03 01:24:57,062 rank_053_alphafold2_ptm_model_1_seed_004 pLDDT=72.8 pTM=0.672
2026-04-03 01:24:57,064 rank_054_alphafold2_ptm_model_1_seed_017 pLDDT=72.6 pTM=0.644
2026-04-03 01:24:57,066 rank_055_alphafold2_ptm_model_4_seed_016 pLDDT=72.6 pTM=0.466
2026-04-03 01:24:57,068 rank_056_alphafold2_ptm_model_1_seed_007 pLDDT=72.6 pTM=0.668
2026-04-03 01:24:57,070 rank_057_alphafold2_ptm_model_2_seed_003 pLDDT=72.5 pTM=0.563
2026-04-03 01:24:57,072 rank_058_alphafold2_ptm_model_5_seed_015 pLDDT=72.4 pTM=0.494
2026-04-03 01:24:57,074 rank_059_alphafold2_ptm_model_5_seed_010 pLDDT=72.2 pTM=0.521
2026-04-03 01:24:57,076 rank_060_alphafold2_ptm_model_5_seed_002 pLDDT=72.1 pTM=0.493
2026-04-03 01:24:57,078 rank_061_alphafold2_ptm_model_2_seed_013 pLDDT=72.1 pTM=0.565
2026-04-03 01:24:57,080 rank_062_alphafold2_ptm_model_2_seed_006 pLDDT=71.8 pTM=0.56
2026-04-03 01:24:57,082 rank_063_alphafold2_ptm_model_1_seed_005 pLDDT=71.8 pTM=0.636
2026-04-03 01:24:57,084 rank_064_alphafold2_ptm_model_4_seed_010 pLDDT=71.4 pTM=0.439
2026-04-03 01:24:57,086 rank_065_alphafold2_ptm_model_4_seed_022 pLDDT=71.4 pTM=0.543
2026-04-03 01:24:57,088 rank_066_alphafold2_ptm_model_4_seed_021 pLDDT=71.2 pTM=0.469
2026-04-03 01:24:57,090 rank_067_alphafold2_ptm_model_4_seed_011 pLDDT=71.1 pTM=0.448
2026-04-03 01:24:57,092 rank_068_alphafold2_ptm_model_5_seed_024 pLDDT=71 pTM=0.461
2026-04-03 01:24:57,094 rank_069_alphafold2_ptm_model_2_seed_016 pLDDT=70.9 pTM=0.552
2026-04-03 01:24:57,096 rank_070_alphafold2_ptm_model_5_seed_003 pLDDT=70.6 pTM=0.481
2026-04-03 01:24:57,098 rank_071_alphafold2_ptm_model_2_seed_024 pLDDT=70.6 pTM=0.55
2026-04-03 01:24:57,100 rank_072_alphafold2_ptm_model_2_seed_023 pLDDT=70.5 pTM=0.545
2026-04-03 01:24:57,102 rank_073_alphafold2_ptm_model_4_seed_013 pLDDT=70.1 pTM=0.451
2026-04-03 01:24:57,104 rank_074_alphafold2_ptm_model_2_seed_015 pLDDT=69.8 pTM=0.515
2026-04-03 01:24:57,106 rank_075_alphafold2_ptm_model_4_seed_023 pLDDT=69.6 pTM=0.47
2026-04-03 01:24:57,107 rank_076_alphafold2_ptm_model_1_seed_022 pLDDT=69.4 pTM=0.586
2026-04-03 01:24:57,109 rank_077_alphafold2_ptm_model_5_seed_014 pLDDT=69.4 pTM=0.483
2026-04-03 01:24:57,111 rank_078_alphafold2_ptm_model_4_seed_000 pLDDT=69.3 pTM=0.45
2026-04-03 01:24:57,114 rank_079_alphafold2_ptm_model_2_seed_007 pLDDT=69.2 pTM=0.54
2026-04-03 01:24:57,115 rank_080_alphafold2_ptm_model_4_seed_020 pLDDT=69.1 pTM=0.443
2026-04-03 01:24:57,117 rank_081_alphafold2_ptm_model_2_seed_012 pLDDT=69.1 pTM=0.525
2026-04-03 01:24:57,119 rank_082_alphafold2_ptm_model_4_seed_003 pLDDT=68.7 pTM=0.458
2026-04-03 01:24:57,121 rank_083_alphafold2_ptm_model_5_seed_020 pLDDT=68.5 pTM=0.591
2026-04-03 01:24:57,123 rank_084_alphafold2_ptm_model_4_seed_015 pLDDT=68.4 pTM=0.461
2026-04-03 01:24:57,125 rank_085_alphafold2_ptm_model_4_seed_012 pLDDT=68.4 pTM=0.426
2026-04-03 01:24:57,127 rank_086_alphafold2_ptm_model_4_seed_001 pLDDT=68.3 pTM=0.418
2026-04-03 01:24:57,129 rank_087_alphafold2_ptm_model_2_seed_004 pLDDT=68.2 pTM=0.515
2026-04-03 01:24:57,131 rank_088_alphafold2_ptm_model_4_seed_018 pLDDT=68 pTM=0.446
2026-04-03 01:24:57,133 rank_089_alphafold2_ptm_model_4_seed_006 pLDDT=68 pTM=0.436
2026-04-03 01:24:57,135 rank_090_alphafold2_ptm_model_4_seed_024 pLDDT=67.9 pTM=0.429
2026-04-03 01:24:57,137 rank_091_alphafold2_ptm_model_4_seed_007 pLDDT=67.6 pTM=0.417
2026-04-03 01:24:57,139 rank_092_alphafold2_ptm_model_4_seed_004 pLDDT=67.1 pTM=0.428
2026-04-03 01:24:57,141 rank_093_alphafold2_ptm_model_4_seed_014 pLDDT=66.7 pTM=0.417
2026-04-03 01:24:57,143 rank_094_alphafold2_ptm_model_4_seed_005 pLDDT=66.6 pTM=0.448
2026-04-03 01:24:57,145 rank_095_alphafold2_ptm_model_2_seed_005 pLDDT=66.5 pTM=0.486
2026-04-03 01:24:57,147 rank_096_alphafold2_ptm_model_2_seed_017 pLDDT=66.4 pTM=0.509
2026-04-03 01:24:57,149 rank_097_alphafold2_ptm_model_2_seed_014 pLDDT=66.1 pTM=0.493
2026-04-03 01:24:57,151 rank_098_alphafold2_ptm_model_2_seed_022 pLDDT=65.5 pTM=0.488
2026-04-03 01:24:57,153 rank_099_alphafold2_ptm_model_4_seed_002 pLDDT=63.1 pTM=0.428
2026-04-03 01:24:57,155 rank_100_alphafold2_ptm_model_3_seed_009 pLDDT=60.8 pTM=0.413
2026-04-03 01:24:57,157 rank_101_alphafold2_ptm_model_4_seed_017 pLDDT=56.9 pTM=0.363
2026-04-03 01:24:57,159 rank_102_alphafold2_ptm_model_3_seed_000 pLDDT=55.9 pTM=0.394
2026-04-03 01:24:57,161 rank_103_alphafold2_ptm_model_3_seed_010 pLDDT=50.2 pTM=0.332
2026-04-03 01:24:57,163 rank_104_alphafold2_ptm_model_3_seed_021 pLDDT=49.4 pTM=0.297
2026-04-03 01:24:57,165 rank_105_alphafold2_ptm_model_3_seed_019 pLDDT=48.2 pTM=0.306
2026-04-03 01:24:57,167 rank_106_alphafold2_ptm_model_3_seed_006 pLDDT=45.4 pTM=0.288
2026-04-03 01:24:57,169 rank_107_alphafold2_ptm_model_3_seed_018 pLDDT=45 pTM=0.295
2026-04-03 01:24:57,171 rank_108_alphafold2_ptm_model_3_seed_016 pLDDT=44.7 pTM=0.303
2026-04-03 01:24:57,173 rank_109_alphafold2_ptm_model_3_seed_022 pLDDT=40.8 pTM=0.413
2026-04-03 01:24:57,175 rank_110_alphafold2_ptm_model_3_seed_013 pLDDT=40.3 pTM=0.257
2026-04-03 01:24:57,177 rank_111_alphafold2_ptm_model_3_seed_011 pLDDT=39.4 pTM=0.292
2026-04-03 01:24:57,179 rank_112_alphafold2_ptm_model_3_seed_024 pLDDT=38.1 pTM=0.302
2026-04-03 01:24:57,181 rank_113_alphafold2_ptm_model_3_seed_020 pLDDT=37.1 pTM=0.597
2026-04-03 01:24:57,183 rank_114_alphafold2_ptm_model_3_seed_003 pLDDT=36.7 pTM=0.246
2026-04-03 01:24:57,185 rank_115_alphafold2_ptm_model_3_seed_014 pLDDT=35.9 pTM=0.241
2026-04-03 01:24:57,187 rank_116_alphafold2_ptm_model_3_seed_023 pLDDT=35.7 pTM=0.245
2026-04-03 01:24:57,189 rank_117_alphafold2_ptm_model_3_seed_008 pLDDT=32.7 pTM=0.635
2026-04-03 01:24:57,191 rank_118_alphafold2_ptm_model_3_seed_004 pLDDT=32.3 pTM=0.2
2026-04-03 01:24:57,193 rank_119_alphafold2_ptm_model_3_seed_012 pLDDT=29.9 pTM=0.308
2026-04-03 01:24:57,195 rank_120_alphafold2_ptm_model_3_seed_002 pLDDT=29.1 pTM=0.535
2026-04-03 01:24:57,197 rank_121_alphafold2_ptm_model_3_seed_007 pLDDT=29 pTM=0.318
2026-04-03 01:24:57,199 rank_122_alphafold2_ptm_model_3_seed_005 pLDDT=28.4 pTM=0.644
2026-04-03 01:24:57,201 rank_123_alphafold2_ptm_model_3_seed_017 pLDDT=27.5 pTM=0.315
2026-04-03 01:24:57,203 rank_124_alphafold2_ptm_model_3_seed_015 pLDDT=26.7 pTM=0.276
2026-04-03 01:24:57,205 rank_125_alphafold2_ptm_model_3_seed_001 pLDDT=23.5 pTM=0.501
2026-04-03 01:25:00,403 Done
WARNING: All log messages before absl::InitializeLog() is called are written to STDERR
E0000 00:00:1775193947.311395   19381 cuda_dnn.cc:8310] Unable to register cuDNN factory: Attempting to register factory for plugin cuDNN when one has already been registered
E0000 00:00:1775193947.323098   19381 cuda_blas.cc:1418] Unable to register cuBLAS factory: Attempting to register factory for plugin cuBLAS when one has already been registered
2026-04-03 01:25:55,259 Running colabfold 1.5.5 (e2ca9e8f992cd65c986de5b64885d5572d8b8ad9)
2026-04-03 01:25:56,531 Running on GPU
2026-04-03 01:25:57,529 Found 8 citations for tools or databases
2026-04-03 01:26:41,344 Query 1/1: UvrD (length 644)
  0%|          | 0/150 [elapsed: 00:00 remaining: ?]SUBMIT:   0%|          | 0/150 [elapsed: 00:00 remaining: ?]COMPLETE:   0%|          | 0/150 [elapsed: 00:00 remaining: ?]COMPLETE: 100%|██████████| 150/150 [elapsed: 00:00 remaining: 00:00]COMPLETE: 100%|██████████| 150/150 [elapsed: 00:19 remaining: 00:00]
WARNING: All log messages before absl::InitializeLog() is called are written to STDERR
I0000 00:00:1775194045.254716   19381 mlir_graph_optimization_pass.cc:401] MLIR V1 optimization pass is not enabled
2026-04-03 01:27:11,669 Sequence 0 found templates: ['0005_A', '0068_A', '0045_A', '0026_A', '0006_A', '0069_A', '0046_A', '0027_A', '0007_A', '0070_A', '0047_A', '0028_A', '0008_A', '0071_A', '0048_A', '0029_A', '0009_A', '0072_A', '0049_A', '0030_A']
2026-04-03 01:27:17,423 Setting max_seq=16, max_extra_seq=32
2026-04-03 01:28:31,940 alphafold2_ptm_model_1_seed_000 recycle=0 pLDDT=78.2 pTM=0.717
2026-04-03 01:28:31,941 alphafold2_ptm_model_1_seed_000 took 61.9s (0 recycles)
2026-04-03 01:29:07,019 alphafold2_ptm_model_2_seed_000 recycle=0 pLDDT=77 pTM=0.649
2026-04-03 01:29:07,020 alphafold2_ptm_model_2_seed_000 took 34.6s (0 recycles)
2026-04-03 01:29:53,411 alphafold2_ptm_model_3_seed_000 recycle=0 pLDDT=55.9 pTM=0.394
2026-04-03 01:29:53,413 alphafold2_ptm_model_3_seed_000 took 45.9s (0 recycles)
2026-04-03 01:30:25,866 alphafold2_ptm_model_4_seed_000 recycle=0 pLDDT=69.3 pTM=0.45
2026-04-03 01:30:25,867 alphafold2_ptm_model_4_seed_000 took 31.9s (0 recycles)
2026-04-03 01:30:58,291 alphafold2_ptm_model_5_seed_000 recycle=0 pLDDT=74.9 pTM=0.521
2026-04-03 01:30:58,293 alphafold2_ptm_model_5_seed_000 took 31.9s (0 recycles)
2026-04-03 01:31:39,981 alphafold2_ptm_model_1_seed_001 recycle=0 pLDDT=79.8 pTM=0.769
2026-04-03 01:31:39,989 alphafold2_ptm_model_1_seed_001 took 34.9s (0 recycles)
2026-04-03 01:32:15,407 alphafold2_ptm_model_2_seed_001 recycle=0 pLDDT=75.8 pTM=0.659
2026-04-03 01:32:15,415 alphafold2_ptm_model_2_seed_001 took 34.9s (0 recycles)
2026-04-03 01:32:48,038 alphafold2_ptm_model_3_seed_001 recycle=0 pLDDT=23.5 pTM=0.501
2026-04-03 01:32:48,047 alphafold2_ptm_model_3_seed_001 took 32.1s (0 recycles)
2026-04-03 01:33:20,744 alphafold2_ptm_model_4_seed_001 recycle=0 pLDDT=68.3 pTM=0.418
2026-04-03 01:33:20,753 alphafold2_ptm_model_4_seed_001 took 32.2s (0 recycles)
2026-04-03 01:33:53,430 alphafold2_ptm_model_5_seed_001 recycle=0 pLDDT=72.9 pTM=0.468
2026-04-03 01:33:53,438 alphafold2_ptm_model_5_seed_001 took 32.1s (0 recycles)
2026-04-03 01:34:42,097 alphafold2_ptm_model_1_seed_002 recycle=0 pLDDT=79.4 pTM=0.76
2026-04-03 01:34:42,098 alphafold2_ptm_model_1_seed_002 took 34.6s (0 recycles)
2026-04-03 01:35:17,331 alphafold2_ptm_model_2_seed_002 recycle=0 pLDDT=77.2 pTM=0.646
2026-04-03 01:35:17,332 alphafold2_ptm_model_2_seed_002 took 34.7s (0 recycles)
2026-04-03 01:35:49,745 alphafold2_ptm_model_3_seed_002 recycle=0 pLDDT=29.1 pTM=0.535
2026-04-03 01:35:49,746 alphafold2_ptm_model_3_seed_002 took 31.9s (0 recycles)
2026-04-03 01:36:22,204 alphafold2_ptm_model_4_seed_002 recycle=0 pLDDT=63.1 pTM=0.428
2026-04-03 01:36:22,205 alphafold2_ptm_model_4_seed_002 took 31.9s (0 recycles)
2026-04-03 01:36:54,641 alphafold2_ptm_model_5_seed_002 recycle=0 pLDDT=72.1 pTM=0.493
2026-04-03 01:36:54,642 alphafold2_ptm_model_5_seed_002 took 31.9s (0 recycles)
2026-04-03 01:37:35,980 alphafold2_ptm_model_1_seed_003 recycle=0 pLDDT=80.9 pTM=0.763
2026-04-03 01:37:35,981 alphafold2_ptm_model_1_seed_003 took 34.6s (0 recycles)
2026-04-03 01:38:11,170 alphafold2_ptm_model_2_seed_003 recycle=0 pLDDT=73.7 pTM=0.625
2026-04-03 01:38:11,171 alphafold2_ptm_model_2_seed_003 took 34.7s (0 recycles)
2026-04-03 01:38:43,801 alphafold2_ptm_model_3_seed_003 recycle=0 pLDDT=36.7 pTM=0.246
2026-04-03 01:38:43,803 alphafold2_ptm_model_3_seed_003 took 31.9s (0 recycles)
2026-04-03 01:39:16,248 alphafold2_ptm_model_4_seed_003 recycle=0 pLDDT=68.7 pTM=0.458
2026-04-03 01:39:16,249 alphafold2_ptm_model_4_seed_003 took 31.9s (0 recycles)
2026-04-03 01:39:48,674 alphafold2_ptm_model_5_seed_003 recycle=0 pLDDT=70.6 pTM=0.481
2026-04-03 01:39:48,675 alphafold2_ptm_model_5_seed_003 took 31.9s (0 recycles)
2026-04-03 01:40:29,963 alphafold2_ptm_model_1_seed_004 recycle=0 pLDDT=73.4 pTM=0.716
2026-04-03 01:40:29,964 alphafold2_ptm_model_1_seed_004 took 34.6s (0 recycles)
2026-04-03 01:41:05,145 alphafold2_ptm_model_2_seed_004 recycle=0 pLDDT=68.9 pTM=0.541
2026-04-03 01:41:05,147 alphafold2_ptm_model_2_seed_004 took 34.7s (0 recycles)
2026-04-03 01:41:37,527 alphafold2_ptm_model_3_seed_004 recycle=0 pLDDT=32.3 pTM=0.2
2026-04-03 01:41:37,528 alphafold2_ptm_model_3_seed_004 took 31.9s (0 recycles)
2026-04-03 01:42:09,954 alphafold2_ptm_model_4_seed_004 recycle=0 pLDDT=67.1 pTM=0.428
2026-04-03 01:42:09,955 alphafold2_ptm_model_4_seed_004 took 31.9s (0 recycles)
2026-04-03 01:42:42,368 alphafold2_ptm_model_5_seed_004 recycle=0 pLDDT=75 pTM=0.545
2026-04-03 01:42:42,369 alphafold2_ptm_model_5_seed_004 took 31.9s (0 recycles)
2026-04-03 01:43:23,642 alphafold2_ptm_model_1_seed_005 recycle=0 pLDDT=72.8 pTM=0.679
2026-04-03 01:43:23,643 alphafold2_ptm_model_1_seed_005 took 34.6s (0 recycles)
2026-04-03 01:43:58,771 alphafold2_ptm_model_2_seed_005 recycle=0 pLDDT=68 pTM=0.532
2026-04-03 01:43:58,772 alphafold2_ptm_model_2_seed_005 took 34.6s (0 recycles)
2026-04-03 01:44:31,163 alphafold2_ptm_model_3_seed_005 recycle=0 pLDDT=28.4 pTM=0.644
2026-04-03 01:44:31,164 alphafold2_ptm_model_3_seed_005 took 31.9s (0 recycles)
2026-04-03 01:45:03,582 alphafold2_ptm_model_4_seed_005 recycle=0 pLDDT=66.6 pTM=0.448
2026-04-03 01:45:03,583 alphafold2_ptm_model_4_seed_005 took 31.9s (0 recycles)
2026-04-03 01:45:35,984 alphafold2_ptm_model_5_seed_005 recycle=0 pLDDT=74.4 pTM=0.55
2026-04-03 01:45:35,985 alphafold2_ptm_model_5_seed_005 took 31.9s (0 recycles)
2026-04-03 01:46:17,368 alphafold2_ptm_model_1_seed_006 recycle=0 pLDDT=80.1 pTM=0.752
2026-04-03 01:46:17,369 alphafold2_ptm_model_1_seed_006 took 34.7s (0 recycles)
2026-04-03 01:46:52,550 alphafold2_ptm_model_2_seed_006 recycle=0 pLDDT=74.2 pTM=0.62
2026-04-03 01:46:52,551 alphafold2_ptm_model_2_seed_006 took 34.7s (0 recycles)
2026-04-03 01:47:24,942 alphafold2_ptm_model_3_seed_006 recycle=0 pLDDT=45.4 pTM=0.288
2026-04-03 01:47:24,943 alphafold2_ptm_model_3_seed_006 took 31.9s (0 recycles)
2026-04-03 01:47:57,363 alphafold2_ptm_model_4_seed_006 recycle=0 pLDDT=68 pTM=0.436
2026-04-03 01:47:57,364 alphafold2_ptm_model_4_seed_006 took 31.9s (0 recycles)
2026-04-03 01:48:29,792 alphafold2_ptm_model_5_seed_006 recycle=0 pLDDT=77.8 pTM=0.6
2026-04-03 01:48:29,793 alphafold2_ptm_model_5_seed_006 took 31.9s (0 recycles)
2026-04-03 01:49:11,020 alphafold2_ptm_model_1_seed_007 recycle=0 pLDDT=73.7 pTM=0.682
2026-04-03 01:49:11,021 alphafold2_ptm_model_1_seed_007 took 34.6s (0 recycles)
2026-04-03 01:49:46,207 alphafold2_ptm_model_2_seed_007 recycle=0 pLDDT=70.4 pTM=0.585
2026-04-03 01:49:46,208 alphafold2_ptm_model_2_seed_007 took 34.7s (0 recycles)
2026-04-03 01:50:18,598 alphafold2_ptm_model_3_seed_007 recycle=0 pLDDT=29 pTM=0.318
2026-04-03 01:50:18,599 alphafold2_ptm_model_3_seed_007 took 31.9s (0 recycles)
2026-04-03 01:50:51,039 alphafold2_ptm_model_4_seed_007 recycle=0 pLDDT=67.6 pTM=0.417
2026-04-03 01:50:51,041 alphafold2_ptm_model_4_seed_007 took 31.9s (0 recycles)
2026-04-03 01:51:23,480 alphafold2_ptm_model_5_seed_007 recycle=0 pLDDT=74.8 pTM=0.511
2026-04-03 01:51:23,481 alphafold2_ptm_model_5_seed_007 took 31.9s (0 recycles)
2026-04-03 01:52:04,825 alphafold2_ptm_model_1_seed_008 recycle=0 pLDDT=82.1 pTM=0.757
2026-04-03 01:52:04,826 alphafold2_ptm_model_1_seed_008 took 34.6s (0 recycles)
2026-04-03 01:52:40,016 alphafold2_ptm_model_2_seed_008 recycle=0 pLDDT=76.9 pTM=0.638
2026-04-03 01:52:40,017 alphafold2_ptm_model_2_seed_008 took 34.7s (0 recycles)
2026-04-03 01:53:12,398 alphafold2_ptm_model_3_seed_008 recycle=0 pLDDT=32.7 pTM=0.635
2026-04-03 01:53:12,399 alphafold2_ptm_model_3_seed_008 took 31.9s (0 recycles)
2026-04-03 01:53:44,835 alphafold2_ptm_model_4_seed_008 recycle=0 pLDDT=74.9 pTM=0.48
2026-04-03 01:53:44,836 alphafold2_ptm_model_4_seed_008 took 31.9s (0 recycles)
2026-04-03 01:54:17,282 alphafold2_ptm_model_5_seed_008 recycle=0 pLDDT=79.8 pTM=0.63
2026-04-03 01:54:17,283 alphafold2_ptm_model_5_seed_008 took 31.9s (0 recycles)
2026-04-03 01:54:58,579 alphafold2_ptm_model_1_seed_009 recycle=0 pLDDT=78.6 pTM=0.758
2026-04-03 01:54:58,580 alphafold2_ptm_model_1_seed_009 took 34.6s (0 recycles)
2026-04-03 01:55:33,713 alphafold2_ptm_model_2_seed_009 recycle=0 pLDDT=77.3 pTM=0.653
2026-04-03 01:55:33,714 alphafold2_ptm_model_2_seed_009 took 34.6s (0 recycles)
2026-04-03 01:56:06,134 alphafold2_ptm_model_3_seed_009 recycle=0 pLDDT=60.8 pTM=0.413
2026-04-03 01:56:06,135 alphafold2_ptm_model_3_seed_009 took 31.9s (0 recycles)
2026-04-03 01:56:38,578 alphafold2_ptm_model_4_seed_009 recycle=0 pLDDT=76.1 pTM=0.457
2026-04-03 01:56:38,579 alphafold2_ptm_model_4_seed_009 took 31.9s (0 recycles)
2026-04-03 01:57:11,016 alphafold2_ptm_model_5_seed_009 recycle=0 pLDDT=75.5 pTM=0.501
2026-04-03 01:57:11,017 alphafold2_ptm_model_5_seed_009 took 31.9s (0 recycles)
2026-04-03 01:57:52,996 alphafold2_ptm_model_1_seed_010 recycle=0 pLDDT=80.6 pTM=0.763
2026-04-03 01:57:53,004 alphafold2_ptm_model_1_seed_010 took 35.0s (0 recycles)
2026-04-03 01:58:28,434 alphafold2_ptm_model_2_seed_010 recycle=0 pLDDT=78 pTM=0.673
2026-04-03 01:58:28,442 alphafold2_ptm_model_2_seed_010 took 34.9s (0 recycles)
2026-04-03 01:59:01,074 alphafold2_ptm_model_3_seed_010 recycle=0 pLDDT=50.2 pTM=0.332
2026-04-03 01:59:01,082 alphafold2_ptm_model_3_seed_010 took 32.1s (0 recycles)
2026-04-03 01:59:33,754 alphafold2_ptm_model_4_seed_010 recycle=0 pLDDT=71.4 pTM=0.439
2026-04-03 01:59:33,762 alphafold2_ptm_model_4_seed_010 took 32.1s (0 recycles)
2026-04-03 02:00:06,424 alphafold2_ptm_model_5_seed_010 recycle=0 pLDDT=72.2 pTM=0.521
2026-04-03 02:00:06,432 alphafold2_ptm_model_5_seed_010 took 32.1s (0 recycles)
2026-04-03 02:00:54,526 alphafold2_ptm_model_1_seed_011 recycle=0 pLDDT=79.8 pTM=0.74
2026-04-03 02:00:54,534 alphafold2_ptm_model_1_seed_011 took 34.8s (0 recycles)
2026-04-03 02:01:29,971 alphafold2_ptm_model_2_seed_011 recycle=0 pLDDT=76.6 pTM=0.664
2026-04-03 02:01:29,980 alphafold2_ptm_model_2_seed_011 took 34.9s (0 recycles)
2026-04-03 02:02:02,619 alphafold2_ptm_model_3_seed_011 recycle=0 pLDDT=39.4 pTM=0.292
2026-04-03 02:02:02,628 alphafold2_ptm_model_3_seed_011 took 32.1s (0 recycles)
2026-04-03 02:02:35,317 alphafold2_ptm_model_4_seed_011 recycle=0 pLDDT=71.1 pTM=0.448
2026-04-03 02:02:35,325 alphafold2_ptm_model_4_seed_011 took 32.2s (0 recycles)
2026-04-03 02:03:07,990 alphafold2_ptm_model_5_seed_011 recycle=0 pLDDT=77 pTM=0.594
2026-04-03 02:03:07,999 alphafold2_ptm_model_5_seed_011 took 32.1s (0 recycles)
2026-04-03 02:03:51,296 alphafold2_ptm_model_1_seed_012 recycle=0 pLDDT=76.8 pTM=0.727
2026-04-03 02:03:51,297 alphafold2_ptm_model_1_seed_012 took 34.6s (0 recycles)
2026-04-03 02:04:26,474 alphafold2_ptm_model_2_seed_012 recycle=0 pLDDT=70.5 pTM=0.578
2026-04-03 02:04:26,475 alphafold2_ptm_model_2_seed_012 took 34.7s (0 recycles)
2026-04-03 02:04:58,861 alphafold2_ptm_model_3_seed_012 recycle=0 pLDDT=29.9 pTM=0.308
2026-04-03 02:04:58,862 alphafold2_ptm_model_3_seed_012 took 31.9s (0 recycles)
2026-04-03 02:05:31,752 alphafold2_ptm_model_4_seed_012 recycle=0 pLDDT=68.4 pTM=0.426
2026-04-03 02:05:31,759 alphafold2_ptm_model_4_seed_012 took 32.2s (0 recycles)
2026-04-03 02:06:04,415 alphafold2_ptm_model_5_seed_012 recycle=0 pLDDT=77.4 pTM=0.589
2026-04-03 02:06:04,422 alphafold2_ptm_model_5_seed_012 took 32.1s (0 recycles)
2026-04-03 02:06:52,312 alphafold2_ptm_model_1_seed_013 recycle=0 pLDDT=80.2 pTM=0.756
2026-04-03 02:06:52,313 alphafold2_ptm_model_1_seed_013 took 34.6s (0 recycles)
2026-04-03 02:07:27,490 alphafold2_ptm_model_2_seed_013 recycle=0 pLDDT=73.8 pTM=0.625
2026-04-03 02:07:27,492 alphafold2_ptm_model_2_seed_013 took 34.6s (0 recycles)
2026-04-03 02:07:59,914 alphafold2_ptm_model_3_seed_013 recycle=0 pLDDT=40.3 pTM=0.257
2026-04-03 02:07:59,915 alphafold2_ptm_model_3_seed_013 took 31.9s (0 recycles)
2026-04-03 02:08:32,386 alphafold2_ptm_model_4_seed_013 recycle=0 pLDDT=70.1 pTM=0.451
2026-04-03 02:08:32,388 alphafold2_ptm_model_4_seed_013 took 31.9s (0 recycles)
2026-04-03 02:09:04,805 alphafold2_ptm_model_5_seed_013 recycle=0 pLDDT=73.2 pTM=0.508
2026-04-03 02:09:04,806 alphafold2_ptm_model_5_seed_013 took 31.9s (0 recycles)
2026-04-03 02:09:46,479 alphafold2_ptm_model_1_seed_014 recycle=0 pLDDT=78.3 pTM=0.75
2026-04-03 02:09:46,480 alphafold2_ptm_model_1_seed_014 took 34.6s (0 recycles)
2026-04-03 02:10:21,627 alphafold2_ptm_model_2_seed_014 recycle=0 pLDDT=66.5 pTM=0.547
2026-04-03 02:10:21,628 alphafold2_ptm_model_2_seed_014 took 34.6s (0 recycles)
2026-04-03 02:10:54,028 alphafold2_ptm_model_3_seed_014 recycle=0 pLDDT=35.9 pTM=0.241
2026-04-03 02:10:54,030 alphafold2_ptm_model_3_seed_014 took 31.9s (0 recycles)
2026-04-03 02:11:26,477 alphafold2_ptm_model_4_seed_014 recycle=0 pLDDT=66.7 pTM=0.417
2026-04-03 02:11:26,478 alphafold2_ptm_model_4_seed_014 took 31.9s (0 recycles)
2026-04-03 02:11:58,901 alphafold2_ptm_model_5_seed_014 recycle=0 pLDDT=69.4 pTM=0.483
2026-04-03 02:11:58,902 alphafold2_ptm_model_5_seed_014 took 31.9s (0 recycles)
2026-04-03 02:12:40,971 alphafold2_ptm_model_1_seed_015 recycle=0 pLDDT=77.7 pTM=0.717
2026-04-03 02:12:40,972 alphafold2_ptm_model_1_seed_015 took 34.6s (0 recycles)
2026-04-03 02:13:16,156 alphafold2_ptm_model_2_seed_015 recycle=0 pLDDT=71.5 pTM=0.574
2026-04-03 02:13:16,158 alphafold2_ptm_model_2_seed_015 took 34.7s (0 recycles)
2026-04-03 02:13:48,549 alphafold2_ptm_model_3_seed_015 recycle=0 pLDDT=26.7 pTM=0.276
2026-04-03 02:13:48,551 alphafold2_ptm_model_3_seed_015 took 31.9s (0 recycles)
2026-04-03 02:14:20,988 alphafold2_ptm_model_4_seed_015 recycle=0 pLDDT=68.4 pTM=0.461
2026-04-03 02:14:20,989 alphafold2_ptm_model_4_seed_015 took 31.9s (0 recycles)
2026-04-03 02:14:53,431 alphafold2_ptm_model_5_seed_015 recycle=0 pLDDT=72.4 pTM=0.494
2026-04-03 02:14:53,432 alphafold2_ptm_model_5_seed_015 took 31.9s (0 recycles)
2026-04-03 02:15:35,746 alphafold2_ptm_model_1_seed_016 recycle=0 pLDDT=80 pTM=0.768
2026-04-03 02:15:35,747 alphafold2_ptm_model_1_seed_016 took 34.6s (0 recycles)
2026-04-03 02:16:10,926 alphafold2_ptm_model_2_seed_016 recycle=0 pLDDT=73.4 pTM=0.608
2026-04-03 02:16:10,927 alphafold2_ptm_model_2_seed_016 took 34.7s (0 recycles)
2026-04-03 02:16:43,320 alphafold2_ptm_model_3_seed_016 recycle=0 pLDDT=44.7 pTM=0.303
2026-04-03 02:16:43,322 alphafold2_ptm_model_3_seed_016 took 31.9s (0 recycles)
2026-04-03 02:17:15,741 alphafold2_ptm_model_4_seed_016 recycle=0 pLDDT=72.6 pTM=0.466
2026-04-03 02:17:15,743 alphafold2_ptm_model_4_seed_016 took 31.9s (0 recycles)
2026-04-03 02:17:48,590 alphafold2_ptm_model_5_seed_016 recycle=0 pLDDT=75.8 pTM=0.556
2026-04-03 02:17:48,598 alphafold2_ptm_model_5_seed_016 took 32.3s (0 recycles)
2026-04-03 02:18:37,698 alphafold2_ptm_model_1_seed_017 recycle=0 pLDDT=75.4 pTM=0.704
2026-04-03 02:18:37,706 alphafold2_ptm_model_1_seed_017 took 34.9s (0 recycles)
2026-04-03 02:19:13,121 alphafold2_ptm_model_2_seed_017 recycle=0 pLDDT=67.3 pTM=0.554
2026-04-03 02:19:13,130 alphafold2_ptm_model_2_seed_017 took 34.9s (0 recycles)
2026-04-03 02:19:45,745 alphafold2_ptm_model_3_seed_017 recycle=0 pLDDT=27.5 pTM=0.315
2026-04-03 02:19:45,754 alphafold2_ptm_model_3_seed_017 took 32.1s (0 recycles)
2026-04-03 02:20:18,437 alphafold2_ptm_model_4_seed_017 recycle=0 pLDDT=56.9 pTM=0.363
2026-04-03 02:20:18,446 alphafold2_ptm_model_4_seed_017 took 32.1s (0 recycles)
2026-04-03 02:20:51,120 alphafold2_ptm_model_5_seed_017 recycle=0 pLDDT=73.8 pTM=0.479
2026-04-03 02:20:51,128 alphafold2_ptm_model_5_seed_017 took 32.1s (0 recycles)
2026-04-03 02:21:39,404 alphafold2_ptm_model_1_seed_018 recycle=0 pLDDT=77 pTM=0.727
2026-04-03 02:21:39,413 alphafold2_ptm_model_1_seed_018 took 34.8s (0 recycles)
2026-04-03 02:22:14,859 alphafold2_ptm_model_2_seed_018 recycle=0 pLDDT=75 pTM=0.627
2026-04-03 02:22:14,867 alphafold2_ptm_model_2_seed_018 took 34.9s (0 recycles)
2026-04-03 02:22:47,306 alphafold2_ptm_model_3_seed_018 recycle=0 pLDDT=45 pTM=0.295
2026-04-03 02:22:47,307 alphafold2_ptm_model_3_seed_018 took 31.9s (0 recycles)
2026-04-03 02:23:19,954 alphafold2_ptm_model_4_seed_018 recycle=0 pLDDT=68 pTM=0.446
2026-04-03 02:23:19,955 alphafold2_ptm_model_4_seed_018 took 31.9s (0 recycles)
2026-04-03 02:23:52,356 alphafold2_ptm_model_5_seed_018 recycle=0 pLDDT=75.1 pTM=0.559
2026-04-03 02:23:52,357 alphafold2_ptm_model_5_seed_018 took 31.9s (0 recycles)
2026-04-03 02:24:33,649 alphafold2_ptm_model_1_seed_019 recycle=0 pLDDT=77.8 pTM=0.713
2026-04-03 02:24:33,650 alphafold2_ptm_model_1_seed_019 took 34.6s (0 recycles)
2026-04-03 02:25:08,853 alphafold2_ptm_model_2_seed_019 recycle=0 pLDDT=77.1 pTM=0.639
2026-04-03 02:25:08,854 alphafold2_ptm_model_2_seed_019 took 34.7s (0 recycles)
2026-04-03 02:25:41,256 alphafold2_ptm_model_3_seed_019 recycle=0 pLDDT=48.2 pTM=0.306
2026-04-03 02:25:41,257 alphafold2_ptm_model_3_seed_019 took 31.9s (0 recycles)
2026-04-03 02:26:13,704 alphafold2_ptm_model_4_seed_019 recycle=0 pLDDT=72.9 pTM=0.483
2026-04-03 02:26:13,705 alphafold2_ptm_model_4_seed_019 took 31.9s (0 recycles)
2026-04-03 02:26:46,162 alphafold2_ptm_model_5_seed_019 recycle=0 pLDDT=76.9 pTM=0.545
2026-04-03 02:26:46,163 alphafold2_ptm_model_5_seed_019 took 31.9s (0 recycles)
2026-04-03 02:27:27,488 alphafold2_ptm_model_1_seed_020 recycle=0 pLDDT=82.9 pTM=0.78
2026-04-03 02:27:27,489 alphafold2_ptm_model_1_seed_020 took 34.6s (0 recycles)
2026-04-03 02:28:02,693 alphafold2_ptm_model_2_seed_020 recycle=0 pLDDT=77.9 pTM=0.684
2026-04-03 02:28:02,694 alphafold2_ptm_model_2_seed_020 took 34.7s (0 recycles)
2026-04-03 02:28:35,083 alphafold2_ptm_model_3_seed_020 recycle=0 pLDDT=37.1 pTM=0.597
2026-04-03 02:28:35,084 alphafold2_ptm_model_3_seed_020 took 31.9s (0 recycles)
2026-04-03 02:29:07,501 alphafold2_ptm_model_4_seed_020 recycle=0 pLDDT=69.1 pTM=0.443
2026-04-03 02:29:07,502 alphafold2_ptm_model_4_seed_020 took 31.9s (0 recycles)
2026-04-03 02:29:39,906 alphafold2_ptm_model_5_seed_020 recycle=0 pLDDT=68.5 pTM=0.591
2026-04-03 02:29:39,907 alphafold2_ptm_model_5_seed_020 took 31.9s (0 recycles)
2026-04-03 02:30:21,257 alphafold2_ptm_model_1_seed_021 recycle=0 pLDDT=77.6 pTM=0.718
2026-04-03 02:30:21,258 alphafold2_ptm_model_1_seed_021 took 34.7s (0 recycles)
2026-04-03 02:30:56,425 alphafold2_ptm_model_2_seed_021 recycle=0 pLDDT=74.8 pTM=0.627
2026-04-03 02:30:56,426 alphafold2_ptm_model_2_seed_021 took 34.7s (0 recycles)
2026-04-03 02:31:29,048 alphafold2_ptm_model_3_seed_021 recycle=0 pLDDT=49.4 pTM=0.297
2026-04-03 02:31:29,049 alphafold2_ptm_model_3_seed_021 took 31.9s (0 recycles)
2026-04-03 02:32:01,488 alphafold2_ptm_model_4_seed_021 recycle=0 pLDDT=71.2 pTM=0.469
2026-04-03 02:32:01,489 alphafold2_ptm_model_4_seed_021 took 31.9s (0 recycles)
2026-04-03 02:32:33,923 alphafold2_ptm_model_5_seed_021 recycle=0 pLDDT=77.4 pTM=0.533
2026-04-03 02:32:33,925 alphafold2_ptm_model_5_seed_021 took 31.9s (0 recycles)
2026-04-03 02:33:15,222 alphafold2_ptm_model_1_seed_022 recycle=0 pLDDT=68.9 pTM=0.619
2026-04-03 02:33:15,223 alphafold2_ptm_model_1_seed_022 took 34.6s (0 recycles)
2026-04-03 02:33:50,317 alphafold2_ptm_model_2_seed_022 recycle=0 pLDDT=66.6 pTM=0.522
2026-04-03 02:33:50,318 alphafold2_ptm_model_2_seed_022 took 34.6s (0 recycles)
2026-04-03 02:34:22,694 alphafold2_ptm_model_3_seed_022 recycle=0 pLDDT=40.8 pTM=0.413
2026-04-03 02:34:22,696 alphafold2_ptm_model_3_seed_022 took 31.9s (0 recycles)
2026-04-03 02:34:55,545 alphafold2_ptm_model_4_seed_022 recycle=0 pLDDT=71.4 pTM=0.543
2026-04-03 02:34:55,553 alphafold2_ptm_model_4_seed_022 took 32.3s (0 recycles)
2026-04-03 02:35:28,194 alphafold2_ptm_model_5_seed_022 recycle=0 pLDDT=75.7 pTM=0.697
2026-04-03 02:35:28,202 alphafold2_ptm_model_5_seed_022 took 32.1s (0 recycles)
2026-04-03 02:36:16,200 alphafold2_ptm_model_1_seed_023 recycle=0 pLDDT=76.6 pTM=0.718
2026-04-03 02:36:16,209 alphafold2_ptm_model_1_seed_023 took 34.8s (0 recycles)
2026-04-03 02:36:51,645 alphafold2_ptm_model_2_seed_023 recycle=0 pLDDT=71.4 pTM=0.607
2026-04-03 02:36:51,653 alphafold2_ptm_model_2_seed_023 took 34.9s (0 recycles)
2026-04-03 02:37:24,562 alphafold2_ptm_model_3_seed_023 recycle=0 pLDDT=35.7 pTM=0.245
2026-04-03 02:37:24,570 alphafold2_ptm_model_3_seed_023 took 32.1s (0 recycles)
2026-04-03 02:37:57,277 alphafold2_ptm_model_4_seed_023 recycle=0 pLDDT=69.6 pTM=0.47
2026-04-03 02:37:57,278 alphafold2_ptm_model_4_seed_023 took 31.9s (0 recycles)
2026-04-03 02:38:29,733 alphafold2_ptm_model_5_seed_023 recycle=0 pLDDT=76.1 pTM=0.725
2026-04-03 02:38:29,734 alphafold2_ptm_model_5_seed_023 took 31.9s (0 recycles)
2026-04-03 02:39:11,160 alphafold2_ptm_model_1_seed_024 recycle=0 pLDDT=74.9 pTM=0.717
2026-04-03 02:39:11,162 alphafold2_ptm_model_1_seed_024 took 34.6s (0 recycles)
2026-04-03 02:39:46,506 alphafold2_ptm_model_2_seed_024 recycle=0 pLDDT=71.6 pTM=0.592
2026-04-03 02:39:46,507 alphafold2_ptm_model_2_seed_024 took 34.6s (0 recycles)
2026-04-03 02:40:18,901 alphafold2_ptm_model_3_seed_024 recycle=0 pLDDT=38.1 pTM=0.302
2026-04-03 02:40:18,902 alphafold2_ptm_model_3_seed_024 took 31.9s (0 recycles)
2026-04-03 02:40:51,343 alphafold2_ptm_model_4_seed_024 recycle=0 pLDDT=67.9 pTM=0.429
2026-04-03 02:40:51,344 alphafold2_ptm_model_4_seed_024 took 31.9s (0 recycles)
2026-04-03 02:41:23,765 alphafold2_ptm_model_5_seed_024 recycle=0 pLDDT=71 pTM=0.461
2026-04-03 02:41:23,766 alphafold2_ptm_model_5_seed_024 took 31.9s (0 recycles)
2026-04-03 02:41:24,281 reranking models by 'plddt' metric
2026-04-03 02:41:24,282 rank_001_alphafold2_ptm_model_1_seed_020 pLDDT=82.9 pTM=0.78
2026-04-03 02:41:24,284 rank_002_alphafold2_ptm_model_1_seed_008 pLDDT=82.1 pTM=0.757
2026-04-03 02:41:24,285 rank_003_alphafold2_ptm_model_1_seed_003 pLDDT=80.9 pTM=0.763
2026-04-03 02:41:24,287 rank_004_alphafold2_ptm_model_1_seed_010 pLDDT=80.6 pTM=0.763
2026-04-03 02:41:24,289 rank_005_alphafold2_ptm_model_1_seed_013 pLDDT=80.2 pTM=0.756
2026-04-03 02:41:24,291 rank_006_alphafold2_ptm_model_1_seed_006 pLDDT=80.1 pTM=0.752
2026-04-03 02:41:24,293 rank_007_alphafold2_ptm_model_1_seed_016 pLDDT=80 pTM=0.768
2026-04-03 02:41:24,294 rank_008_alphafold2_ptm_model_1_seed_001 pLDDT=79.8 pTM=0.769
2026-04-03 02:41:24,296 rank_009_alphafold2_ptm_model_1_seed_011 pLDDT=79.8 pTM=0.74
2026-04-03 02:41:24,298 rank_010_alphafold2_ptm_model_5_seed_008 pLDDT=79.8 pTM=0.63
2026-04-03 02:41:24,300 rank_011_alphafold2_ptm_model_1_seed_002 pLDDT=79.4 pTM=0.76
2026-04-03 02:41:24,302 rank_012_alphafold2_ptm_model_1_seed_009 pLDDT=78.6 pTM=0.758
2026-04-03 02:41:24,304 rank_013_alphafold2_ptm_model_1_seed_014 pLDDT=78.3 pTM=0.75
2026-04-03 02:41:24,306 rank_014_alphafold2_ptm_model_1_seed_000 pLDDT=78.2 pTM=0.717
2026-04-03 02:41:24,307 rank_015_alphafold2_ptm_model_2_seed_010 pLDDT=78 pTM=0.673
2026-04-03 02:41:24,309 rank_016_alphafold2_ptm_model_2_seed_020 pLDDT=77.9 pTM=0.684
2026-04-03 02:41:24,311 rank_017_alphafold2_ptm_model_5_seed_006 pLDDT=77.8 pTM=0.6
2026-04-03 02:41:24,312 rank_018_alphafold2_ptm_model_1_seed_019 pLDDT=77.8 pTM=0.713
2026-04-03 02:41:24,314 rank_019_alphafold2_ptm_model_1_seed_015 pLDDT=77.7 pTM=0.717
2026-04-03 02:41:24,316 rank_020_alphafold2_ptm_model_1_seed_021 pLDDT=77.6 pTM=0.718
2026-04-03 02:41:24,318 rank_021_alphafold2_ptm_model_5_seed_021 pLDDT=77.4 pTM=0.533
2026-04-03 02:41:24,320 rank_022_alphafold2_ptm_model_5_seed_012 pLDDT=77.4 pTM=0.589
2026-04-03 02:41:24,321 rank_023_alphafold2_ptm_model_2_seed_009 pLDDT=77.3 pTM=0.653
2026-04-03 02:41:24,323 rank_024_alphafold2_ptm_model_2_seed_002 pLDDT=77.2 pTM=0.646
2026-04-03 02:41:24,325 rank_025_alphafold2_ptm_model_2_seed_019 pLDDT=77.1 pTM=0.639
2026-04-03 02:41:24,329 rank_026_alphafold2_ptm_model_2_seed_000 pLDDT=77 pTM=0.649
2026-04-03 02:41:24,331 rank_027_alphafold2_ptm_model_1_seed_018 pLDDT=77 pTM=0.727
2026-04-03 02:41:24,332 rank_028_alphafold2_ptm_model_5_seed_011 pLDDT=77 pTM=0.594
2026-04-03 02:41:24,334 rank_029_alphafold2_ptm_model_5_seed_019 pLDDT=76.9 pTM=0.545
2026-04-03 02:41:24,336 rank_030_alphafold2_ptm_model_2_seed_008 pLDDT=76.9 pTM=0.638
2026-04-03 02:41:24,338 rank_031_alphafold2_ptm_model_1_seed_012 pLDDT=76.8 pTM=0.727
2026-04-03 02:41:24,339 rank_032_alphafold2_ptm_model_2_seed_011 pLDDT=76.6 pTM=0.664
2026-04-03 02:41:24,341 rank_033_alphafold2_ptm_model_1_seed_023 pLDDT=76.6 pTM=0.718
2026-04-03 02:41:24,343 rank_034_alphafold2_ptm_model_5_seed_023 pLDDT=76.1 pTM=0.725
2026-04-03 02:41:24,345 rank_035_alphafold2_ptm_model_4_seed_009 pLDDT=76.1 pTM=0.457
2026-04-03 02:41:24,346 rank_036_alphafold2_ptm_model_5_seed_016 pLDDT=75.8 pTM=0.556
2026-04-03 02:41:24,348 rank_037_alphafold2_ptm_model_2_seed_001 pLDDT=75.8 pTM=0.659
2026-04-03 02:41:24,350 rank_038_alphafold2_ptm_model_5_seed_022 pLDDT=75.7 pTM=0.697
2026-04-03 02:41:24,352 rank_039_alphafold2_ptm_model_5_seed_009 pLDDT=75.5 pTM=0.501
2026-04-03 02:41:24,354 rank_040_alphafold2_ptm_model_1_seed_017 pLDDT=75.4 pTM=0.704
2026-04-03 02:41:24,356 rank_041_alphafold2_ptm_model_5_seed_018 pLDDT=75.1 pTM=0.559
2026-04-03 02:41:24,357 rank_042_alphafold2_ptm_model_2_seed_018 pLDDT=75 pTM=0.627
2026-04-03 02:41:24,359 rank_043_alphafold2_ptm_model_5_seed_004 pLDDT=75 pTM=0.545
2026-04-03 02:41:24,361 rank_044_alphafold2_ptm_model_1_seed_024 pLDDT=74.9 pTM=0.717
2026-04-03 02:41:24,363 rank_045_alphafold2_ptm_model_4_seed_008 pLDDT=74.9 pTM=0.48
2026-04-03 02:41:24,365 rank_046_alphafold2_ptm_model_5_seed_000 pLDDT=74.9 pTM=0.521
2026-04-03 02:41:24,366 rank_047_alphafold2_ptm_model_2_seed_021 pLDDT=74.8 pTM=0.627
2026-04-03 02:41:24,368 rank_048_alphafold2_ptm_model_5_seed_007 pLDDT=74.8 pTM=0.511
2026-04-03 02:41:24,370 rank_049_alphafold2_ptm_model_5_seed_005 pLDDT=74.4 pTM=0.55
2026-04-03 02:41:24,372 rank_050_alphafold2_ptm_model_2_seed_006 pLDDT=74.2 pTM=0.62
2026-04-03 02:41:24,374 rank_051_alphafold2_ptm_model_5_seed_017 pLDDT=73.8 pTM=0.479
2026-04-03 02:41:24,375 rank_052_alphafold2_ptm_model_2_seed_013 pLDDT=73.8 pTM=0.625
2026-04-03 02:41:24,377 rank_053_alphafold2_ptm_model_2_seed_003 pLDDT=73.7 pTM=0.625
2026-04-03 02:41:24,379 rank_054_alphafold2_ptm_model_1_seed_007 pLDDT=73.7 pTM=0.682
2026-04-03 02:41:24,381 rank_055_alphafold2_ptm_model_2_seed_016 pLDDT=73.4 pTM=0.608
2026-04-03 02:41:24,382 rank_056_alphafold2_ptm_model_1_seed_004 pLDDT=73.4 pTM=0.716
2026-04-03 02:41:24,384 rank_057_alphafold2_ptm_model_5_seed_013 pLDDT=73.2 pTM=0.508
2026-04-03 02:41:24,386 rank_058_alphafold2_ptm_model_5_seed_001 pLDDT=72.9 pTM=0.468
2026-04-03 02:41:24,388 rank_059_alphafold2_ptm_model_4_seed_019 pLDDT=72.9 pTM=0.483
2026-04-03 02:41:24,390 rank_060_alphafold2_ptm_model_1_seed_005 pLDDT=72.8 pTM=0.679
2026-04-03 02:41:24,391 rank_061_alphafold2_ptm_model_4_seed_016 pLDDT=72.6 pTM=0.466
2026-04-03 02:41:24,393 rank_062_alphafold2_ptm_model_5_seed_015 pLDDT=72.4 pTM=0.494
2026-04-03 02:41:24,395 rank_063_alphafold2_ptm_model_5_seed_010 pLDDT=72.2 pTM=0.521
2026-04-03 02:41:24,397 rank_064_alphafold2_ptm_model_5_seed_002 pLDDT=72.1 pTM=0.493
2026-04-03 02:41:24,399 rank_065_alphafold2_ptm_model_2_seed_024 pLDDT=71.6 pTM=0.592
2026-04-03 02:41:24,401 rank_066_alphafold2_ptm_model_2_seed_015 pLDDT=71.5 pTM=0.574
2026-04-03 02:41:24,403 rank_067_alphafold2_ptm_model_4_seed_010 pLDDT=71.4 pTM=0.439
2026-04-03 02:41:24,404 rank_068_alphafold2_ptm_model_4_seed_022 pLDDT=71.4 pTM=0.543
2026-04-03 02:41:24,406 rank_069_alphafold2_ptm_model_2_seed_023 pLDDT=71.4 pTM=0.607
2026-04-03 02:41:24,408 rank_070_alphafold2_ptm_model_4_seed_021 pLDDT=71.2 pTM=0.469
2026-04-03 02:41:24,410 rank_071_alphafold2_ptm_model_4_seed_011 pLDDT=71.1 pTM=0.448
2026-04-03 02:41:24,412 rank_072_alphafold2_ptm_model_5_seed_024 pLDDT=71 pTM=0.461
2026-04-03 02:41:24,414 rank_073_alphafold2_ptm_model_5_seed_003 pLDDT=70.6 pTM=0.481
2026-04-03 02:41:24,415 rank_074_alphafold2_ptm_model_2_seed_012 pLDDT=70.5 pTM=0.578
2026-04-03 02:41:24,417 rank_075_alphafold2_ptm_model_2_seed_007 pLDDT=70.4 pTM=0.585
2026-04-03 02:41:24,419 rank_076_alphafold2_ptm_model_4_seed_013 pLDDT=70.1 pTM=0.451
2026-04-03 02:41:24,421 rank_077_alphafold2_ptm_model_4_seed_023 pLDDT=69.6 pTM=0.47
2026-04-03 02:41:24,422 rank_078_alphafold2_ptm_model_5_seed_014 pLDDT=69.4 pTM=0.483
2026-04-03 02:41:24,424 rank_079_alphafold2_ptm_model_4_seed_000 pLDDT=69.3 pTM=0.45
2026-04-03 02:41:24,426 rank_080_alphafold2_ptm_model_4_seed_020 pLDDT=69.1 pTM=0.443
2026-04-03 02:41:24,428 rank_081_alphafold2_ptm_model_1_seed_022 pLDDT=68.9 pTM=0.619
2026-04-03 02:41:24,430 rank_082_alphafold2_ptm_model_2_seed_004 pLDDT=68.9 pTM=0.541
2026-04-03 02:41:24,431 rank_083_alphafold2_ptm_model_4_seed_003 pLDDT=68.7 pTM=0.458
2026-04-03 02:41:24,433 rank_084_alphafold2_ptm_model_5_seed_020 pLDDT=68.5 pTM=0.591
2026-04-03 02:41:24,435 rank_085_alphafold2_ptm_model_4_seed_012 pLDDT=68.4 pTM=0.426
2026-04-03 02:41:24,437 rank_086_alphafold2_ptm_model_4_seed_015 pLDDT=68.4 pTM=0.461
2026-04-03 02:41:24,438 rank_087_alphafold2_ptm_model_4_seed_001 pLDDT=68.3 pTM=0.418
2026-04-03 02:41:24,440 rank_088_alphafold2_ptm_model_4_seed_018 pLDDT=68 pTM=0.446
2026-04-03 02:41:24,442 rank_089_alphafold2_ptm_model_4_seed_006 pLDDT=68 pTM=0.436
2026-04-03 02:41:24,444 rank_090_alphafold2_ptm_model_2_seed_005 pLDDT=68 pTM=0.532
2026-04-03 02:41:24,445 rank_091_alphafold2_ptm_model_4_seed_024 pLDDT=67.9 pTM=0.429
2026-04-03 02:41:24,447 rank_092_alphafold2_ptm_model_4_seed_007 pLDDT=67.6 pTM=0.417
2026-04-03 02:41:24,449 rank_093_alphafold2_ptm_model_2_seed_017 pLDDT=67.3 pTM=0.554
2026-04-03 02:41:24,451 rank_094_alphafold2_ptm_model_4_seed_004 pLDDT=67.1 pTM=0.428
2026-04-03 02:41:24,452 rank_095_alphafold2_ptm_model_4_seed_014 pLDDT=66.7 pTM=0.417
2026-04-03 02:41:24,454 rank_096_alphafold2_ptm_model_4_seed_005 pLDDT=66.6 pTM=0.448
2026-04-03 02:41:24,456 rank_097_alphafold2_ptm_model_2_seed_022 pLDDT=66.6 pTM=0.522
2026-04-03 02:41:24,458 rank_098_alphafold2_ptm_model_2_seed_014 pLDDT=66.5 pTM=0.547
2026-04-03 02:41:24,460 rank_099_alphafold2_ptm_model_4_seed_002 pLDDT=63.1 pTM=0.428
2026-04-03 02:41:24,462 rank_100_alphafold2_ptm_model_3_seed_009 pLDDT=60.8 pTM=0.413
2026-04-03 02:41:24,463 rank_101_alphafold2_ptm_model_4_seed_017 pLDDT=56.9 pTM=0.363
2026-04-03 02:41:24,465 rank_102_alphafold2_ptm_model_3_seed_000 pLDDT=55.9 pTM=0.394
2026-04-03 02:41:24,467 rank_103_alphafold2_ptm_model_3_seed_010 pLDDT=50.2 pTM=0.332
2026-04-03 02:41:24,469 rank_104_alphafold2_ptm_model_3_seed_021 pLDDT=49.4 pTM=0.297
2026-04-03 02:41:24,471 rank_105_alphafold2_ptm_model_3_seed_019 pLDDT=48.2 pTM=0.306
2026-04-03 02:41:24,473 rank_106_alphafold2_ptm_model_3_seed_006 pLDDT=45.4 pTM=0.288
2026-04-03 02:41:24,475 rank_107_alphafold2_ptm_model_3_seed_018 pLDDT=45 pTM=0.295
2026-04-03 02:41:24,477 rank_108_alphafold2_ptm_model_3_seed_016 pLDDT=44.7 pTM=0.303
2026-04-03 02:41:24,478 rank_109_alphafold2_ptm_model_3_seed_022 pLDDT=40.8 pTM=0.413
2026-04-03 02:41:24,480 rank_110_alphafold2_ptm_model_3_seed_013 pLDDT=40.3 pTM=0.257
2026-04-03 02:41:24,482 rank_111_alphafold2_ptm_model_3_seed_011 pLDDT=39.4 pTM=0.292
2026-04-03 02:41:24,484 rank_112_alphafold2_ptm_model_3_seed_024 pLDDT=38.1 pTM=0.302
2026-04-03 02:41:24,485 rank_113_alphafold2_ptm_model_3_seed_020 pLDDT=37.1 pTM=0.597
2026-04-03 02:41:24,487 rank_114_alphafold2_ptm_model_3_seed_003 pLDDT=36.7 pTM=0.246
2026-04-03 02:41:24,489 rank_115_alphafold2_ptm_model_3_seed_014 pLDDT=35.9 pTM=0.241
2026-04-03 02:41:24,491 rank_116_alphafold2_ptm_model_3_seed_023 pLDDT=35.7 pTM=0.245
2026-04-03 02:41:24,492 rank_117_alphafold2_ptm_model_3_seed_008 pLDDT=32.7 pTM=0.635
2026-04-03 02:41:24,494 rank_118_alphafold2_ptm_model_3_seed_004 pLDDT=32.3 pTM=0.2
2026-04-03 02:41:24,496 rank_119_alphafold2_ptm_model_3_seed_012 pLDDT=29.9 pTM=0.308
2026-04-03 02:41:24,498 rank_120_alphafold2_ptm_model_3_seed_002 pLDDT=29.1 pTM=0.535
2026-04-03 02:41:24,500 rank_121_alphafold2_ptm_model_3_seed_007 pLDDT=29 pTM=0.318
2026-04-03 02:41:24,502 rank_122_alphafold2_ptm_model_3_seed_005 pLDDT=28.4 pTM=0.644
2026-04-03 02:41:24,504 rank_123_alphafold2_ptm_model_3_seed_017 pLDDT=27.5 pTM=0.315
2026-04-03 02:41:24,505 rank_124_alphafold2_ptm_model_3_seed_015 pLDDT=26.7 pTM=0.276
2026-04-03 02:41:24,507 rank_125_alphafold2_ptm_model_3_seed_001 pLDDT=23.5 pTM=0.501
2026-04-03 02:41:26,747 Done
WARNING: All log messages before absl::InitializeLog() is called are written to STDERR
E0000 00:00:1775198533.236361   23426 cuda_dnn.cc:8310] Unable to register cuDNN factory: Attempting to register factory for plugin cuDNN when one has already been registered
E0000 00:00:1775198533.248528   23426 cuda_blas.cc:1418] Unable to register cuBLAS factory: Attempting to register factory for plugin cuBLAS when one has already been registered
2026-04-03 02:42:21,054 Running colabfold 1.5.5 (e2ca9e8f992cd65c986de5b64885d5572d8b8ad9)
2026-04-03 02:42:22,169 Running on GPU
2026-04-03 02:42:24,675 Found 8 citations for tools or databases
2026-04-03 02:43:08,969 Query 1/1: UvrD (length 644)
  0%|          | 0/150 [elapsed: 00:00 remaining: ?]SUBMIT:   0%|          | 0/150 [elapsed: 00:00 remaining: ?]COMPLETE:   0%|          | 0/150 [elapsed: 00:00 remaining: ?]COMPLETE: 100%|██████████| 150/150 [elapsed: 00:00 remaining: 00:00]COMPLETE: 100%|██████████| 150/150 [elapsed: 00:13 remaining: 00:00]
WARNING: All log messages before absl::InitializeLog() is called are written to STDERR
I0000 00:00:1775198627.480021   23426 mlir_graph_optimization_pass.cc:401] MLIR V1 optimization pass is not enabled
2026-04-03 02:43:33,049 Sequence 0 found templates: ['0056_A', '0027_A', '0007_A', '0028_A', '0057_A', '0029_A', '0008_A', '0038_A', '0058_A', '0030_A', '0009_A', '0037_A', '0059_A', '0031_A', '0010_A', '0039_A', '0060_A', '0032_A', '0011_A', '0040_A']
2026-04-03 02:43:38,354 Setting max_seq=16, max_extra_seq=32
2026-04-03 02:44:59,149 alphafold2_ptm_model_1_seed_000 recycle=0 pLDDT=61.7 pTM=0.408
2026-04-03 02:44:59,150 alphafold2_ptm_model_1_seed_000 took 61.4s (0 recycles)
2026-04-03 02:45:34,386 alphafold2_ptm_model_2_seed_000 recycle=0 pLDDT=55.4 pTM=0.388
2026-04-03 02:45:34,394 alphafold2_ptm_model_2_seed_000 took 34.7s (0 recycles)
2026-04-03 02:46:21,665 alphafold2_ptm_model_3_seed_000 recycle=0 pLDDT=55.9 pTM=0.394
2026-04-03 02:46:21,673 alphafold2_ptm_model_3_seed_000 took 46.6s (0 recycles)
2026-04-03 02:46:54,554 alphafold2_ptm_model_4_seed_000 recycle=0 pLDDT=69.3 pTM=0.45
2026-04-03 02:46:54,562 alphafold2_ptm_model_4_seed_000 took 32.1s (0 recycles)
2026-04-03 02:47:27,204 alphafold2_ptm_model_5_seed_000 recycle=0 pLDDT=74.9 pTM=0.521
2026-04-03 02:47:27,211 alphafold2_ptm_model_5_seed_000 took 32.1s (0 recycles)
2026-04-03 02:48:15,442 alphafold2_ptm_model_1_seed_001 recycle=0 pLDDT=64.9 pTM=0.43
2026-04-03 02:48:15,450 alphafold2_ptm_model_1_seed_001 took 34.9s (0 recycles)
2026-04-03 02:48:50,834 alphafold2_ptm_model_2_seed_001 recycle=0 pLDDT=56.8 pTM=0.385
2026-04-03 02:48:50,842 alphafold2_ptm_model_2_seed_001 took 34.9s (0 recycles)
2026-04-03 02:49:23,446 alphafold2_ptm_model_3_seed_001 recycle=0 pLDDT=23.5 pTM=0.501
2026-04-03 02:49:23,455 alphafold2_ptm_model_3_seed_001 took 32.1s (0 recycles)
2026-04-03 02:49:56,386 alphafold2_ptm_model_4_seed_001 recycle=0 pLDDT=68.3 pTM=0.418
2026-04-03 02:49:56,394 alphafold2_ptm_model_4_seed_001 took 32.4s (0 recycles)
2026-04-03 02:50:29,056 alphafold2_ptm_model_5_seed_001 recycle=0 pLDDT=72.9 pTM=0.468
2026-04-03 02:50:29,065 alphafold2_ptm_model_5_seed_001 took 32.1s (0 recycles)
2026-04-03 02:51:18,062 alphafold2_ptm_model_1_seed_002 recycle=0 pLDDT=64.4 pTM=0.407
2026-04-03 02:51:18,070 alphafold2_ptm_model_1_seed_002 took 34.8s (0 recycles)
2026-04-03 02:51:53,423 alphafold2_ptm_model_2_seed_002 recycle=0 pLDDT=59 pTM=0.383
2026-04-03 02:51:53,431 alphafold2_ptm_model_2_seed_002 took 34.8s (0 recycles)
2026-04-03 02:52:26,062 alphafold2_ptm_model_3_seed_002 recycle=0 pLDDT=29.1 pTM=0.535
2026-04-03 02:52:26,070 alphafold2_ptm_model_3_seed_002 took 32.1s (0 recycles)
2026-04-03 02:52:58,759 alphafold2_ptm_model_4_seed_002 recycle=0 pLDDT=63.1 pTM=0.428
2026-04-03 02:52:58,767 alphafold2_ptm_model_4_seed_002 took 32.2s (0 recycles)
2026-04-03 02:53:31,450 alphafold2_ptm_model_5_seed_002 recycle=0 pLDDT=72.1 pTM=0.493
2026-04-03 02:53:31,458 alphafold2_ptm_model_5_seed_002 took 32.2s (0 recycles)
2026-04-03 02:54:19,812 alphafold2_ptm_model_1_seed_003 recycle=0 pLDDT=60.4 pTM=0.409
2026-04-03 02:54:19,820 alphafold2_ptm_model_1_seed_003 took 35.0s (0 recycles)
2026-04-03 02:54:55,441 alphafold2_ptm_model_2_seed_003 recycle=0 pLDDT=55.9 pTM=0.364
2026-04-03 02:54:55,449 alphafold2_ptm_model_2_seed_003 took 35.1s (0 recycles)
2026-04-03 02:55:28,087 alphafold2_ptm_model_3_seed_003 recycle=0 pLDDT=36.7 pTM=0.246
2026-04-03 02:55:28,095 alphafold2_ptm_model_3_seed_003 took 32.1s (0 recycles)
2026-04-03 02:56:00,737 alphafold2_ptm_model_4_seed_003 recycle=0 pLDDT=68.7 pTM=0.458
2026-04-03 02:56:00,744 alphafold2_ptm_model_4_seed_003 took 32.1s (0 recycles)
2026-04-03 02:56:33,378 alphafold2_ptm_model_5_seed_003 recycle=0 pLDDT=70.6 pTM=0.481
2026-04-03 02:56:33,386 alphafold2_ptm_model_5_seed_003 took 32.1s (0 recycles)
2026-04-03 02:57:21,503 alphafold2_ptm_model_1_seed_004 recycle=0 pLDDT=60.6 pTM=0.407
2026-04-03 02:57:21,511 alphafold2_ptm_model_1_seed_004 took 34.8s (0 recycles)
2026-04-03 02:57:56,904 alphafold2_ptm_model_2_seed_004 recycle=0 pLDDT=54.5 pTM=0.347
2026-04-03 02:57:56,912 alphafold2_ptm_model_2_seed_004 took 34.9s (0 recycles)
2026-04-03 02:58:29,538 alphafold2_ptm_model_3_seed_004 recycle=0 pLDDT=32.3 pTM=0.2
2026-04-03 02:58:29,547 alphafold2_ptm_model_3_seed_004 took 32.1s (0 recycles)
2026-04-03 02:59:02,260 alphafold2_ptm_model_4_seed_004 recycle=0 pLDDT=67.1 pTM=0.428
2026-04-03 02:59:02,268 alphafold2_ptm_model_4_seed_004 took 32.2s (0 recycles)
2026-04-03 02:59:34,997 alphafold2_ptm_model_5_seed_004 recycle=0 pLDDT=75 pTM=0.545
2026-04-03 02:59:35,004 alphafold2_ptm_model_5_seed_004 took 32.2s (0 recycles)
2026-04-03 03:00:23,664 alphafold2_ptm_model_1_seed_005 recycle=0 pLDDT=59.4 pTM=0.406
2026-04-03 03:00:23,665 alphafold2_ptm_model_1_seed_005 took 34.6s (0 recycles)
2026-04-03 03:00:58,803 alphafold2_ptm_model_2_seed_005 recycle=0 pLDDT=53.2 pTM=0.337
2026-04-03 03:00:58,804 alphafold2_ptm_model_2_seed_005 took 34.6s (0 recycles)
2026-04-03 03:01:31,144 alphafold2_ptm_model_3_seed_005 recycle=0 pLDDT=28.4 pTM=0.644
2026-04-03 03:01:31,145 alphafold2_ptm_model_3_seed_005 took 31.8s (0 recycles)
2026-04-03 03:02:03,517 alphafold2_ptm_model_4_seed_005 recycle=0 pLDDT=66.6 pTM=0.448
2026-04-03 03:02:03,518 alphafold2_ptm_model_4_seed_005 took 31.9s (0 recycles)
2026-04-03 03:02:35,875 alphafold2_ptm_model_5_seed_005 recycle=0 pLDDT=74.4 pTM=0.55
2026-04-03 03:02:35,876 alphafold2_ptm_model_5_seed_005 took 31.9s (0 recycles)
2026-04-03 03:03:17,160 alphafold2_ptm_model_1_seed_006 recycle=0 pLDDT=60.1 pTM=0.421
2026-04-03 03:03:17,161 alphafold2_ptm_model_1_seed_006 took 34.6s (0 recycles)
2026-04-03 03:03:52,307 alphafold2_ptm_model_2_seed_006 recycle=0 pLDDT=59.8 pTM=0.366
2026-04-03 03:03:52,308 alphafold2_ptm_model_2_seed_006 took 34.7s (0 recycles)
2026-04-03 03:04:24,670 alphafold2_ptm_model_3_seed_006 recycle=0 pLDDT=45.4 pTM=0.288
2026-04-03 03:04:24,671 alphafold2_ptm_model_3_seed_006 took 31.9s (0 recycles)
2026-04-03 03:04:57,036 alphafold2_ptm_model_4_seed_006 recycle=0 pLDDT=68 pTM=0.436
2026-04-03 03:04:57,037 alphafold2_ptm_model_4_seed_006 took 31.9s (0 recycles)
2026-04-03 03:05:29,627 alphafold2_ptm_model_5_seed_006 recycle=0 pLDDT=77.8 pTM=0.6
2026-04-03 03:05:29,628 alphafold2_ptm_model_5_seed_006 took 31.9s (0 recycles)
2026-04-03 03:06:11,129 alphafold2_ptm_model_1_seed_007 recycle=0 pLDDT=63.4 pTM=0.416
2026-04-03 03:06:11,130 alphafold2_ptm_model_1_seed_007 took 34.6s (0 recycles)
2026-04-03 03:06:46,292 alphafold2_ptm_model_2_seed_007 recycle=0 pLDDT=57 pTM=0.361
2026-04-03 03:06:46,294 alphafold2_ptm_model_2_seed_007 took 34.7s (0 recycles)
2026-04-03 03:07:18,644 alphafold2_ptm_model_3_seed_007 recycle=0 pLDDT=29 pTM=0.318
2026-04-03 03:07:18,645 alphafold2_ptm_model_3_seed_007 took 31.8s (0 recycles)
2026-04-03 03:07:51,028 alphafold2_ptm_model_4_seed_007 recycle=0 pLDDT=67.6 pTM=0.417
2026-04-03 03:07:51,030 alphafold2_ptm_model_4_seed_007 took 31.9s (0 recycles)
2026-04-03 03:08:23,419 alphafold2_ptm_model_5_seed_007 recycle=0 pLDDT=74.8 pTM=0.511
2026-04-03 03:08:23,420 alphafold2_ptm_model_5_seed_007 took 31.9s (0 recycles)
2026-04-03 03:09:04,634 alphafold2_ptm_model_1_seed_008 recycle=0 pLDDT=64.8 pTM=0.451
2026-04-03 03:09:04,635 alphafold2_ptm_model_1_seed_008 took 34.6s (0 recycles)
2026-04-03 03:09:39,787 alphafold2_ptm_model_2_seed_008 recycle=0 pLDDT=57.2 pTM=0.374
2026-04-03 03:09:39,788 alphafold2_ptm_model_2_seed_008 took 34.7s (0 recycles)
2026-04-03 03:10:12,130 alphafold2_ptm_model_3_seed_008 recycle=0 pLDDT=32.7 pTM=0.635
2026-04-03 03:10:12,131 alphafold2_ptm_model_3_seed_008 took 31.9s (0 recycles)
2026-04-03 03:10:44,534 alphafold2_ptm_model_4_seed_008 recycle=0 pLDDT=74.9 pTM=0.48
2026-04-03 03:10:44,535 alphafold2_ptm_model_4_seed_008 took 31.9s (0 recycles)
2026-04-03 03:11:16,936 alphafold2_ptm_model_5_seed_008 recycle=0 pLDDT=79.8 pTM=0.63
2026-04-03 03:11:16,937 alphafold2_ptm_model_5_seed_008 took 31.9s (0 recycles)
2026-04-03 03:11:58,150 alphafold2_ptm_model_1_seed_009 recycle=0 pLDDT=62.8 pTM=0.428
2026-04-03 03:11:58,151 alphafold2_ptm_model_1_seed_009 took 34.6s (0 recycles)
2026-04-03 03:12:33,734 alphafold2_ptm_model_2_seed_009 recycle=0 pLDDT=56.4 pTM=0.366
2026-04-03 03:12:33,741 alphafold2_ptm_model_2_seed_009 took 35.1s (0 recycles)
2026-04-03 03:13:06,136 alphafold2_ptm_model_3_seed_009 recycle=0 pLDDT=60.8 pTM=0.413
2026-04-03 03:13:06,137 alphafold2_ptm_model_3_seed_009 took 31.9s (0 recycles)
2026-04-03 03:13:38,996 alphafold2_ptm_model_4_seed_009 recycle=0 pLDDT=76.1 pTM=0.457
2026-04-03 03:13:39,003 alphafold2_ptm_model_4_seed_009 took 32.4s (0 recycles)
2026-04-03 03:14:11,631 alphafold2_ptm_model_5_seed_009 recycle=0 pLDDT=75.5 pTM=0.501
2026-04-03 03:14:11,639 alphafold2_ptm_model_5_seed_009 took 32.1s (0 recycles)
2026-04-03 03:14:59,345 alphafold2_ptm_model_1_seed_010 recycle=0 pLDDT=68.4 pTM=0.442
2026-04-03 03:14:59,346 alphafold2_ptm_model_1_seed_010 took 34.6s (0 recycles)
2026-04-03 03:15:34,880 alphafold2_ptm_model_2_seed_010 recycle=0 pLDDT=57.9 pTM=0.392
2026-04-03 03:15:34,887 alphafold2_ptm_model_2_seed_010 took 35.0s (0 recycles)
2026-04-03 03:16:07,478 alphafold2_ptm_model_3_seed_010 recycle=0 pLDDT=50.2 pTM=0.332
2026-04-03 03:16:07,486 alphafold2_ptm_model_3_seed_010 took 32.1s (0 recycles)
2026-04-03 03:16:40,112 alphafold2_ptm_model_4_seed_010 recycle=0 pLDDT=71.4 pTM=0.439
2026-04-03 03:16:40,120 alphafold2_ptm_model_4_seed_010 took 32.1s (0 recycles)
2026-04-03 03:17:12,736 alphafold2_ptm_model_5_seed_010 recycle=0 pLDDT=72.2 pTM=0.521
2026-04-03 03:17:12,744 alphafold2_ptm_model_5_seed_010 took 32.1s (0 recycles)
2026-04-03 03:18:00,744 alphafold2_ptm_model_1_seed_011 recycle=0 pLDDT=67.8 pTM=0.446
2026-04-03 03:18:00,752 alphafold2_ptm_model_1_seed_011 took 34.8s (0 recycles)
2026-04-03 03:18:36,119 alphafold2_ptm_model_2_seed_011 recycle=0 pLDDT=60.6 pTM=0.405
2026-04-03 03:18:36,126 alphafold2_ptm_model_2_seed_011 took 34.9s (0 recycles)
2026-04-03 03:19:08,747 alphafold2_ptm_model_3_seed_011 recycle=0 pLDDT=39.4 pTM=0.292
2026-04-03 03:19:08,754 alphafold2_ptm_model_3_seed_011 took 32.1s (0 recycles)
2026-04-03 03:19:41,399 alphafold2_ptm_model_4_seed_011 recycle=0 pLDDT=71.1 pTM=0.448
2026-04-03 03:19:41,407 alphafold2_ptm_model_4_seed_011 took 32.1s (0 recycles)
2026-04-03 03:20:14,049 alphafold2_ptm_model_5_seed_011 recycle=0 pLDDT=77 pTM=0.594
2026-04-03 03:20:14,057 alphafold2_ptm_model_5_seed_011 took 32.1s (0 recycles)
2026-04-03 03:20:59,121 alphafold2_ptm_model_1_seed_012 recycle=0 pLDDT=61.6 pTM=0.406
2026-04-03 03:20:59,122 alphafold2_ptm_model_1_seed_012 took 34.6s (0 recycles)
2026-04-03 03:21:34,248 alphafold2_ptm_model_2_seed_012 recycle=0 pLDDT=54.9 pTM=0.356
2026-04-03 03:21:34,250 alphafold2_ptm_model_2_seed_012 took 34.6s (0 recycles)
2026-04-03 03:22:06,564 alphafold2_ptm_model_3_seed_012 recycle=0 pLDDT=29.9 pTM=0.308
2026-04-03 03:22:06,565 alphafold2_ptm_model_3_seed_012 took 31.8s (0 recycles)
2026-04-03 03:22:38,926 alphafold2_ptm_model_4_seed_012 recycle=0 pLDDT=68.4 pTM=0.426
2026-04-03 03:22:38,927 alphafold2_ptm_model_4_seed_012 took 31.9s (0 recycles)
2026-04-03 03:23:11,285 alphafold2_ptm_model_5_seed_012 recycle=0 pLDDT=77.4 pTM=0.589
2026-04-03 03:23:11,287 alphafold2_ptm_model_5_seed_012 took 31.9s (0 recycles)
2026-04-03 03:23:52,677 alphafold2_ptm_model_1_seed_013 recycle=0 pLDDT=64.9 pTM=0.425
2026-04-03 03:23:52,678 alphafold2_ptm_model_1_seed_013 took 34.6s (0 recycles)
2026-04-03 03:24:27,818 alphafold2_ptm_model_2_seed_013 recycle=0 pLDDT=57.1 pTM=0.37
2026-04-03 03:24:27,820 alphafold2_ptm_model_2_seed_013 took 34.6s (0 recycles)
2026-04-03 03:25:00,167 alphafold2_ptm_model_3_seed_013 recycle=0 pLDDT=40.3 pTM=0.257
2026-04-03 03:25:00,168 alphafold2_ptm_model_3_seed_013 took 31.8s (0 recycles)
2026-04-03 03:25:32,559 alphafold2_ptm_model_4_seed_013 recycle=0 pLDDT=70.1 pTM=0.451
2026-04-03 03:25:32,561 alphafold2_ptm_model_4_seed_013 took 31.9s (0 recycles)
2026-04-03 03:26:04,930 alphafold2_ptm_model_5_seed_013 recycle=0 pLDDT=73.2 pTM=0.508
2026-04-03 03:26:04,931 alphafold2_ptm_model_5_seed_013 took 31.9s (0 recycles)
2026-04-03 03:26:46,363 alphafold2_ptm_model_1_seed_014 recycle=0 pLDDT=61.7 pTM=0.415
2026-04-03 03:26:46,365 alphafold2_ptm_model_1_seed_014 took 34.6s (0 recycles)
2026-04-03 03:27:21,503 alphafold2_ptm_model_2_seed_014 recycle=0 pLDDT=53.1 pTM=0.34
2026-04-03 03:27:21,504 alphafold2_ptm_model_2_seed_014 took 34.6s (0 recycles)
2026-04-03 03:27:53,846 alphafold2_ptm_model_3_seed_014 recycle=0 pLDDT=35.9 pTM=0.241
2026-04-03 03:27:53,847 alphafold2_ptm_model_3_seed_014 took 31.8s (0 recycles)
2026-04-03 03:28:26,223 alphafold2_ptm_model_4_seed_014 recycle=0 pLDDT=66.7 pTM=0.417
2026-04-03 03:28:26,224 alphafold2_ptm_model_4_seed_014 took 31.9s (0 recycles)
2026-04-03 03:28:58,608 alphafold2_ptm_model_5_seed_014 recycle=0 pLDDT=69.4 pTM=0.483
2026-04-03 03:28:58,609 alphafold2_ptm_model_5_seed_014 took 31.9s (0 recycles)
2026-04-03 03:29:40,110 alphafold2_ptm_model_1_seed_015 recycle=0 pLDDT=60.6 pTM=0.426
2026-04-03 03:29:40,112 alphafold2_ptm_model_1_seed_015 took 34.6s (0 recycles)
2026-04-03 03:30:15,440 alphafold2_ptm_model_2_seed_015 recycle=0 pLDDT=53.2 pTM=0.348
2026-04-03 03:30:15,441 alphafold2_ptm_model_2_seed_015 took 34.6s (0 recycles)
2026-04-03 03:30:47,760 alphafold2_ptm_model_3_seed_015 recycle=0 pLDDT=26.7 pTM=0.276
2026-04-03 03:30:47,761 alphafold2_ptm_model_3_seed_015 took 31.8s (0 recycles)
2026-04-03 03:31:20,123 alphafold2_ptm_model_4_seed_015 recycle=0 pLDDT=68.4 pTM=0.461
2026-04-03 03:31:20,125 alphafold2_ptm_model_4_seed_015 took 31.9s (0 recycles)
2026-04-03 03:31:52,512 alphafold2_ptm_model_5_seed_015 recycle=0 pLDDT=72.4 pTM=0.494
2026-04-03 03:31:52,513 alphafold2_ptm_model_5_seed_015 took 31.9s (0 recycles)
2026-04-03 03:32:34,625 alphafold2_ptm_model_1_seed_016 recycle=0 pLDDT=64.3 pTM=0.444
2026-04-03 03:32:34,626 alphafold2_ptm_model_1_seed_016 took 34.6s (0 recycles)
2026-04-03 03:33:09,755 alphafold2_ptm_model_2_seed_016 recycle=0 pLDDT=57.5 pTM=0.383
2026-04-03 03:33:09,756 alphafold2_ptm_model_2_seed_016 took 34.6s (0 recycles)
2026-04-03 03:33:42,573 alphafold2_ptm_model_3_seed_016 recycle=0 pLDDT=44.7 pTM=0.303
2026-04-03 03:33:42,580 alphafold2_ptm_model_3_seed_016 took 32.3s (0 recycles)
2026-04-03 03:34:15,188 alphafold2_ptm_model_4_seed_016 recycle=0 pLDDT=72.6 pTM=0.466
2026-04-03 03:34:15,196 alphafold2_ptm_model_4_seed_016 took 32.1s (0 recycles)
2026-04-03 03:34:47,822 alphafold2_ptm_model_5_seed_016 recycle=0 pLDDT=75.8 pTM=0.556
2026-04-03 03:34:47,830 alphafold2_ptm_model_5_seed_016 took 32.1s (0 recycles)
2026-04-03 03:35:33,269 alphafold2_ptm_model_1_seed_017 recycle=0 pLDDT=61.6 pTM=0.43
2026-04-03 03:35:33,271 alphafold2_ptm_model_1_seed_017 took 34.6s (0 recycles)
2026-04-03 03:36:08,408 alphafold2_ptm_model_2_seed_017 recycle=0 pLDDT=54.4 pTM=0.349
2026-04-03 03:36:08,409 alphafold2_ptm_model_2_seed_017 took 34.6s (0 recycles)
2026-04-03 03:36:40,727 alphafold2_ptm_model_3_seed_017 recycle=0 pLDDT=27.5 pTM=0.315
2026-04-03 03:36:40,728 alphafold2_ptm_model_3_seed_017 took 31.8s (0 recycles)
2026-04-03 03:37:13,088 alphafold2_ptm_model_4_seed_017 recycle=0 pLDDT=56.9 pTM=0.363
2026-04-03 03:37:13,089 alphafold2_ptm_model_4_seed_017 took 31.9s (0 recycles)
2026-04-03 03:37:45,435 alphafold2_ptm_model_5_seed_017 recycle=0 pLDDT=73.8 pTM=0.479
2026-04-03 03:37:45,436 alphafold2_ptm_model_5_seed_017 took 31.9s (0 recycles)
2026-04-03 03:38:26,736 alphafold2_ptm_model_1_seed_018 recycle=0 pLDDT=63.1 pTM=0.413
2026-04-03 03:38:26,737 alphafold2_ptm_model_1_seed_018 took 34.6s (0 recycles)
2026-04-03 03:39:01,883 alphafold2_ptm_model_2_seed_018 recycle=0 pLDDT=55.7 pTM=0.365
2026-04-03 03:39:01,884 alphafold2_ptm_model_2_seed_018 took 34.7s (0 recycles)
2026-04-03 03:39:34,251 alphafold2_ptm_model_3_seed_018 recycle=0 pLDDT=45 pTM=0.295
2026-04-03 03:39:34,252 alphafold2_ptm_model_3_seed_018 took 31.9s (0 recycles)
2026-04-03 03:40:06,646 alphafold2_ptm_model_4_seed_018 recycle=0 pLDDT=68 pTM=0.446
2026-04-03 03:40:06,647 alphafold2_ptm_model_4_seed_018 took 31.9s (0 recycles)
2026-04-03 03:40:39,004 alphafold2_ptm_model_5_seed_018 recycle=0 pLDDT=75.1 pTM=0.559
2026-04-03 03:40:39,005 alphafold2_ptm_model_5_seed_018 took 31.9s (0 recycles)
2026-04-03 03:41:20,375 alphafold2_ptm_model_1_seed_019 recycle=0 pLDDT=66.1 pTM=0.445
2026-04-03 03:41:20,376 alphafold2_ptm_model_1_seed_019 took 34.6s (0 recycles)
2026-04-03 03:41:55,537 alphafold2_ptm_model_2_seed_019 recycle=0 pLDDT=57.8 pTM=0.38
2026-04-03 03:41:55,538 alphafold2_ptm_model_2_seed_019 took 34.7s (0 recycles)
2026-04-03 03:42:27,909 alphafold2_ptm_model_3_seed_019 recycle=0 pLDDT=48.2 pTM=0.306
2026-04-03 03:42:27,910 alphafold2_ptm_model_3_seed_019 took 31.9s (0 recycles)
2026-04-03 03:43:00,530 alphafold2_ptm_model_4_seed_019 recycle=0 pLDDT=72.9 pTM=0.483
2026-04-03 03:43:00,531 alphafold2_ptm_model_4_seed_019 took 31.9s (0 recycles)
2026-04-03 03:43:33,368 alphafold2_ptm_model_5_seed_019 recycle=0 pLDDT=76.9 pTM=0.545
2026-04-03 03:43:33,376 alphafold2_ptm_model_5_seed_019 took 32.4s (0 recycles)
2026-04-03 03:44:21,363 alphafold2_ptm_model_1_seed_020 recycle=0 pLDDT=63.9 pTM=0.433
2026-04-03 03:44:21,371 alphafold2_ptm_model_1_seed_020 took 34.8s (0 recycles)
2026-04-03 03:44:56,754 alphafold2_ptm_model_2_seed_020 recycle=0 pLDDT=57.5 pTM=0.384
2026-04-03 03:44:56,762 alphafold2_ptm_model_2_seed_020 took 34.9s (0 recycles)
2026-04-03 03:45:29,415 alphafold2_ptm_model_3_seed_020 recycle=0 pLDDT=37.1 pTM=0.597
2026-04-03 03:45:29,417 alphafold2_ptm_model_3_seed_020 took 32.1s (0 recycles)
2026-04-03 03:46:01,867 alphafold2_ptm_model_4_seed_020 recycle=0 pLDDT=69.1 pTM=0.443
2026-04-03 03:46:01,868 alphafold2_ptm_model_4_seed_020 took 31.9s (0 recycles)
2026-04-03 03:46:34,231 alphafold2_ptm_model_5_seed_020 recycle=0 pLDDT=68.5 pTM=0.591
2026-04-03 03:46:34,232 alphafold2_ptm_model_5_seed_020 took 31.9s (0 recycles)
2026-04-03 03:47:15,483 alphafold2_ptm_model_1_seed_021 recycle=0 pLDDT=65 pTM=0.423
2026-04-03 03:47:15,484 alphafold2_ptm_model_1_seed_021 took 34.6s (0 recycles)
2026-04-03 03:47:50,628 alphafold2_ptm_model_2_seed_021 recycle=0 pLDDT=57.6 pTM=0.374
2026-04-03 03:47:50,629 alphafold2_ptm_model_2_seed_021 took 34.7s (0 recycles)
2026-04-03 03:48:22,986 alphafold2_ptm_model_3_seed_021 recycle=0 pLDDT=49.4 pTM=0.297
2026-04-03 03:48:22,987 alphafold2_ptm_model_3_seed_021 took 31.9s (0 recycles)
2026-04-03 03:48:55,382 alphafold2_ptm_model_4_seed_021 recycle=0 pLDDT=71.2 pTM=0.469
2026-04-03 03:48:55,384 alphafold2_ptm_model_4_seed_021 took 31.9s (0 recycles)
2026-04-03 03:49:27,794 alphafold2_ptm_model_5_seed_021 recycle=0 pLDDT=77.4 pTM=0.533
2026-04-03 03:49:27,796 alphafold2_ptm_model_5_seed_021 took 31.9s (0 recycles)
2026-04-03 03:50:09,073 alphafold2_ptm_model_1_seed_022 recycle=0 pLDDT=54.9 pTM=0.397
2026-04-03 03:50:09,074 alphafold2_ptm_model_1_seed_022 took 34.6s (0 recycles)
2026-04-03 03:50:44,206 alphafold2_ptm_model_2_seed_022 recycle=0 pLDDT=54.4 pTM=0.355
2026-04-03 03:50:44,207 alphafold2_ptm_model_2_seed_022 took 34.6s (0 recycles)
2026-04-03 03:51:16,563 alphafold2_ptm_model_3_seed_022 recycle=0 pLDDT=40.8 pTM=0.413
2026-04-03 03:51:16,564 alphafold2_ptm_model_3_seed_022 took 31.9s (0 recycles)
2026-04-03 03:51:48,916 alphafold2_ptm_model_4_seed_022 recycle=0 pLDDT=71.4 pTM=0.543
2026-04-03 03:51:48,917 alphafold2_ptm_model_4_seed_022 took 31.9s (0 recycles)
2026-04-03 03:52:21,269 alphafold2_ptm_model_5_seed_022 recycle=0 pLDDT=75.7 pTM=0.697
2026-04-03 03:52:21,270 alphafold2_ptm_model_5_seed_022 took 31.9s (0 recycles)
2026-04-03 03:53:02,661 alphafold2_ptm_model_1_seed_023 recycle=0 pLDDT=62.9 pTM=0.41
2026-04-03 03:53:02,662 alphafold2_ptm_model_1_seed_023 took 34.6s (0 recycles)
2026-04-03 03:53:37,785 alphafold2_ptm_model_2_seed_023 recycle=0 pLDDT=54.8 pTM=0.356
2026-04-03 03:53:37,786 alphafold2_ptm_model_2_seed_023 took 34.6s (0 recycles)
2026-04-03 03:54:10,120 alphafold2_ptm_model_3_seed_023 recycle=0 pLDDT=35.7 pTM=0.245
2026-04-03 03:54:10,121 alphafold2_ptm_model_3_seed_023 took 31.8s (0 recycles)
2026-04-03 03:54:42,711 alphafold2_ptm_model_4_seed_023 recycle=0 pLDDT=69.6 pTM=0.47
2026-04-03 03:54:42,712 alphafold2_ptm_model_4_seed_023 took 31.9s (0 recycles)
2026-04-03 03:55:15,108 alphafold2_ptm_model_5_seed_023 recycle=0 pLDDT=76.1 pTM=0.725
2026-04-03 03:55:15,109 alphafold2_ptm_model_5_seed_023 took 31.9s (0 recycles)
2026-04-03 03:55:56,445 alphafold2_ptm_model_1_seed_024 recycle=0 pLDDT=63.6 pTM=0.434
2026-04-03 03:55:56,446 alphafold2_ptm_model_1_seed_024 took 34.6s (0 recycles)
2026-04-03 03:56:31,586 alphafold2_ptm_model_2_seed_024 recycle=0 pLDDT=55.7 pTM=0.353
2026-04-03 03:56:31,587 alphafold2_ptm_model_2_seed_024 took 34.6s (0 recycles)
2026-04-03 03:57:03,942 alphafold2_ptm_model_3_seed_024 recycle=0 pLDDT=38.1 pTM=0.302
2026-04-03 03:57:03,943 alphafold2_ptm_model_3_seed_024 took 31.9s (0 recycles)
2026-04-03 03:57:36,336 alphafold2_ptm_model_4_seed_024 recycle=0 pLDDT=67.9 pTM=0.429
2026-04-03 03:57:36,338 alphafold2_ptm_model_4_seed_024 took 31.9s (0 recycles)
2026-04-03 03:58:08,685 alphafold2_ptm_model_5_seed_024 recycle=0 pLDDT=71 pTM=0.461
2026-04-03 03:58:08,687 alphafold2_ptm_model_5_seed_024 took 31.9s (0 recycles)
2026-04-03 03:58:09,174 reranking models by 'plddt' metric
2026-04-03 03:58:09,175 rank_001_alphafold2_ptm_model_5_seed_008 pLDDT=79.8 pTM=0.63
2026-04-03 03:58:09,176 rank_002_alphafold2_ptm_model_5_seed_006 pLDDT=77.8 pTM=0.6
2026-04-03 03:58:09,178 rank_003_alphafold2_ptm_model_5_seed_021 pLDDT=77.4 pTM=0.533
2026-04-03 03:58:09,180 rank_004_alphafold2_ptm_model_5_seed_012 pLDDT=77.4 pTM=0.589
2026-04-03 03:58:09,182 rank_005_alphafold2_ptm_model_5_seed_011 pLDDT=77 pTM=0.594
2026-04-03 03:58:09,184 rank_006_alphafold2_ptm_model_5_seed_019 pLDDT=76.9 pTM=0.545
2026-04-03 03:58:09,186 rank_007_alphafold2_ptm_model_5_seed_023 pLDDT=76.1 pTM=0.725
2026-04-03 03:58:09,187 rank_008_alphafold2_ptm_model_4_seed_009 pLDDT=76.1 pTM=0.457
2026-04-03 03:58:09,189 rank_009_alphafold2_ptm_model_5_seed_016 pLDDT=75.8 pTM=0.556
2026-04-03 03:58:09,191 rank_010_alphafold2_ptm_model_5_seed_022 pLDDT=75.7 pTM=0.697
2026-04-03 03:58:09,193 rank_011_alphafold2_ptm_model_5_seed_009 pLDDT=75.5 pTM=0.501
2026-04-03 03:58:09,195 rank_012_alphafold2_ptm_model_5_seed_018 pLDDT=75.1 pTM=0.559
2026-04-03 03:58:09,196 rank_013_alphafold2_ptm_model_5_seed_004 pLDDT=75 pTM=0.545
2026-04-03 03:58:09,198 rank_014_alphafold2_ptm_model_4_seed_008 pLDDT=74.9 pTM=0.48
2026-04-03 03:58:09,200 rank_015_alphafold2_ptm_model_5_seed_000 pLDDT=74.9 pTM=0.521
2026-04-03 03:58:09,202 rank_016_alphafold2_ptm_model_5_seed_007 pLDDT=74.8 pTM=0.511
2026-04-03 03:58:09,204 rank_017_alphafold2_ptm_model_5_seed_005 pLDDT=74.4 pTM=0.55
2026-04-03 03:58:09,205 rank_018_alphafold2_ptm_model_5_seed_017 pLDDT=73.8 pTM=0.479
2026-04-03 03:58:09,207 rank_019_alphafold2_ptm_model_5_seed_013 pLDDT=73.2 pTM=0.508
2026-04-03 03:58:09,209 rank_020_alphafold2_ptm_model_5_seed_001 pLDDT=72.9 pTM=0.468
2026-04-03 03:58:09,211 rank_021_alphafold2_ptm_model_4_seed_019 pLDDT=72.9 pTM=0.483
2026-04-03 03:58:09,213 rank_022_alphafold2_ptm_model_4_seed_016 pLDDT=72.6 pTM=0.466
2026-04-03 03:58:09,215 rank_023_alphafold2_ptm_model_5_seed_015 pLDDT=72.4 pTM=0.494
2026-04-03 03:58:09,216 rank_024_alphafold2_ptm_model_5_seed_010 pLDDT=72.2 pTM=0.521
2026-04-03 03:58:09,218 rank_025_alphafold2_ptm_model_5_seed_002 pLDDT=72.1 pTM=0.493
2026-04-03 03:58:09,222 rank_026_alphafold2_ptm_model_4_seed_010 pLDDT=71.4 pTM=0.439
2026-04-03 03:58:09,224 rank_027_alphafold2_ptm_model_4_seed_022 pLDDT=71.4 pTM=0.543
2026-04-03 03:58:09,226 rank_028_alphafold2_ptm_model_4_seed_021 pLDDT=71.2 pTM=0.469
2026-04-03 03:58:09,227 rank_029_alphafold2_ptm_model_4_seed_011 pLDDT=71.1 pTM=0.448
2026-04-03 03:58:09,229 rank_030_alphafold2_ptm_model_5_seed_024 pLDDT=71 pTM=0.461
2026-04-03 03:58:09,231 rank_031_alphafold2_ptm_model_5_seed_003 pLDDT=70.6 pTM=0.481
2026-04-03 03:58:09,233 rank_032_alphafold2_ptm_model_4_seed_013 pLDDT=70.1 pTM=0.451
2026-04-03 03:58:09,235 rank_033_alphafold2_ptm_model_4_seed_023 pLDDT=69.6 pTM=0.47
2026-04-03 03:58:09,236 rank_034_alphafold2_ptm_model_5_seed_014 pLDDT=69.4 pTM=0.483
2026-04-03 03:58:09,238 rank_035_alphafold2_ptm_model_4_seed_000 pLDDT=69.3 pTM=0.45
2026-04-03 03:58:09,240 rank_036_alphafold2_ptm_model_4_seed_020 pLDDT=69.1 pTM=0.443
2026-04-03 03:58:09,241 rank_037_alphafold2_ptm_model_4_seed_003 pLDDT=68.7 pTM=0.458
2026-04-03 03:58:09,243 rank_038_alphafold2_ptm_model_5_seed_020 pLDDT=68.5 pTM=0.591
2026-04-03 03:58:09,245 rank_039_alphafold2_ptm_model_4_seed_012 pLDDT=68.4 pTM=0.426
2026-04-03 03:58:09,246 rank_040_alphafold2_ptm_model_1_seed_010 pLDDT=68.4 pTM=0.442
2026-04-03 03:58:09,248 rank_041_alphafold2_ptm_model_4_seed_015 pLDDT=68.4 pTM=0.461
2026-04-03 03:58:09,250 rank_042_alphafold2_ptm_model_4_seed_001 pLDDT=68.3 pTM=0.418
2026-04-03 03:58:09,252 rank_043_alphafold2_ptm_model_4_seed_018 pLDDT=68 pTM=0.446
2026-04-03 03:58:09,254 rank_044_alphafold2_ptm_model_4_seed_006 pLDDT=68 pTM=0.436
2026-04-03 03:58:09,255 rank_045_alphafold2_ptm_model_4_seed_024 pLDDT=67.9 pTM=0.429
2026-04-03 03:58:09,257 rank_046_alphafold2_ptm_model_1_seed_011 pLDDT=67.8 pTM=0.446
2026-04-03 03:58:09,259 rank_047_alphafold2_ptm_model_4_seed_007 pLDDT=67.6 pTM=0.417
2026-04-03 03:58:09,261 rank_048_alphafold2_ptm_model_4_seed_004 pLDDT=67.1 pTM=0.428
2026-04-03 03:58:09,262 rank_049_alphafold2_ptm_model_4_seed_014 pLDDT=66.7 pTM=0.417
2026-04-03 03:58:09,264 rank_050_alphafold2_ptm_model_4_seed_005 pLDDT=66.6 pTM=0.448
2026-04-03 03:58:09,266 rank_051_alphafold2_ptm_model_1_seed_019 pLDDT=66.1 pTM=0.445
2026-04-03 03:58:09,268 rank_052_alphafold2_ptm_model_1_seed_021 pLDDT=65 pTM=0.423
2026-04-03 03:58:09,269 rank_053_alphafold2_ptm_model_1_seed_001 pLDDT=64.9 pTM=0.43
2026-04-03 03:58:09,271 rank_054_alphafold2_ptm_model_1_seed_013 pLDDT=64.9 pTM=0.425
2026-04-03 03:58:09,273 rank_055_alphafold2_ptm_model_1_seed_008 pLDDT=64.8 pTM=0.451
2026-04-03 03:58:09,274 rank_056_alphafold2_ptm_model_1_seed_002 pLDDT=64.4 pTM=0.407
2026-04-03 03:58:09,276 rank_057_alphafold2_ptm_model_1_seed_016 pLDDT=64.3 pTM=0.444
2026-04-03 03:58:09,278 rank_058_alphafold2_ptm_model_1_seed_020 pLDDT=63.9 pTM=0.433
2026-04-03 03:58:09,280 rank_059_alphafold2_ptm_model_1_seed_024 pLDDT=63.6 pTM=0.434
2026-04-03 03:58:09,282 rank_060_alphafold2_ptm_model_1_seed_007 pLDDT=63.4 pTM=0.416
2026-04-03 03:58:09,284 rank_061_alphafold2_ptm_model_4_seed_002 pLDDT=63.1 pTM=0.428
2026-04-03 03:58:09,286 rank_062_alphafold2_ptm_model_1_seed_018 pLDDT=63.1 pTM=0.413
2026-04-03 03:58:09,288 rank_063_alphafold2_ptm_model_1_seed_023 pLDDT=62.9 pTM=0.41
2026-04-03 03:58:09,289 rank_064_alphafold2_ptm_model_1_seed_009 pLDDT=62.8 pTM=0.428
2026-04-03 03:58:09,291 rank_065_alphafold2_ptm_model_1_seed_000 pLDDT=61.7 pTM=0.408
2026-04-03 03:58:09,293 rank_066_alphafold2_ptm_model_1_seed_014 pLDDT=61.7 pTM=0.415
2026-04-03 03:58:09,294 rank_067_alphafold2_ptm_model_1_seed_012 pLDDT=61.6 pTM=0.406
2026-04-03 03:58:09,296 rank_068_alphafold2_ptm_model_1_seed_017 pLDDT=61.6 pTM=0.43
2026-04-03 03:58:09,298 rank_069_alphafold2_ptm_model_3_seed_009 pLDDT=60.8 pTM=0.413
2026-04-03 03:58:09,300 rank_070_alphafold2_ptm_model_2_seed_011 pLDDT=60.6 pTM=0.405
2026-04-03 03:58:09,301 rank_071_alphafold2_ptm_model_1_seed_004 pLDDT=60.6 pTM=0.407
2026-04-03 03:58:09,303 rank_072_alphafold2_ptm_model_1_seed_015 pLDDT=60.6 pTM=0.426
2026-04-03 03:58:09,305 rank_073_alphafold2_ptm_model_1_seed_003 pLDDT=60.4 pTM=0.409
2026-04-03 03:58:09,307 rank_074_alphafold2_ptm_model_1_seed_006 pLDDT=60.1 pTM=0.421
2026-04-03 03:58:09,308 rank_075_alphafold2_ptm_model_2_seed_006 pLDDT=59.8 pTM=0.366
2026-04-03 03:58:09,310 rank_076_alphafold2_ptm_model_1_seed_005 pLDDT=59.4 pTM=0.406
2026-04-03 03:58:09,312 rank_077_alphafold2_ptm_model_2_seed_002 pLDDT=59 pTM=0.383
2026-04-03 03:58:09,313 rank_078_alphafold2_ptm_model_2_seed_010 pLDDT=57.9 pTM=0.392
2026-04-03 03:58:09,315 rank_079_alphafold2_ptm_model_2_seed_019 pLDDT=57.8 pTM=0.38
2026-04-03 03:58:09,317 rank_080_alphafold2_ptm_model_2_seed_021 pLDDT=57.6 pTM=0.374
2026-04-03 03:58:09,318 rank_081_alphafold2_ptm_model_2_seed_020 pLDDT=57.5 pTM=0.384
2026-04-03 03:58:09,320 rank_082_alphafold2_ptm_model_2_seed_016 pLDDT=57.5 pTM=0.383
2026-04-03 03:58:09,322 rank_083_alphafold2_ptm_model_2_seed_008 pLDDT=57.2 pTM=0.374
2026-04-03 03:58:09,323 rank_084_alphafold2_ptm_model_2_seed_013 pLDDT=57.1 pTM=0.37
2026-04-03 03:58:09,325 rank_085_alphafold2_ptm_model_2_seed_007 pLDDT=57 pTM=0.361
2026-04-03 03:58:09,327 rank_086_alphafold2_ptm_model_4_seed_017 pLDDT=56.9 pTM=0.363
2026-04-03 03:58:09,328 rank_087_alphafold2_ptm_model_2_seed_001 pLDDT=56.8 pTM=0.385
2026-04-03 03:58:09,330 rank_088_alphafold2_ptm_model_2_seed_009 pLDDT=56.4 pTM=0.366
2026-04-03 03:58:09,332 rank_089_alphafold2_ptm_model_2_seed_003 pLDDT=55.9 pTM=0.364
2026-04-03 03:58:09,334 rank_090_alphafold2_ptm_model_3_seed_000 pLDDT=55.9 pTM=0.394
2026-04-03 03:58:09,336 rank_091_alphafold2_ptm_model_2_seed_024 pLDDT=55.7 pTM=0.353
2026-04-03 03:58:09,338 rank_092_alphafold2_ptm_model_2_seed_018 pLDDT=55.7 pTM=0.365
2026-04-03 03:58:09,340 rank_093_alphafold2_ptm_model_2_seed_000 pLDDT=55.4 pTM=0.388
2026-04-03 03:58:09,342 rank_094_alphafold2_ptm_model_1_seed_022 pLDDT=54.9 pTM=0.397
2026-04-03 03:58:09,344 rank_095_alphafold2_ptm_model_2_seed_012 pLDDT=54.9 pTM=0.356
2026-04-03 03:58:09,345 rank_096_alphafold2_ptm_model_2_seed_023 pLDDT=54.8 pTM=0.356
2026-04-03 03:58:09,347 rank_097_alphafold2_ptm_model_2_seed_004 pLDDT=54.5 pTM=0.347
2026-04-03 03:58:09,349 rank_098_alphafold2_ptm_model_2_seed_017 pLDDT=54.4 pTM=0.349
2026-04-03 03:58:09,351 rank_099_alphafold2_ptm_model_2_seed_022 pLDDT=54.4 pTM=0.355
2026-04-03 03:58:09,353 rank_100_alphafold2_ptm_model_2_seed_005 pLDDT=53.2 pTM=0.337
2026-04-03 03:58:09,355 rank_101_alphafold2_ptm_model_2_seed_015 pLDDT=53.2 pTM=0.348
2026-04-03 03:58:09,357 rank_102_alphafold2_ptm_model_2_seed_014 pLDDT=53.1 pTM=0.34
2026-04-03 03:58:09,359 rank_103_alphafold2_ptm_model_3_seed_010 pLDDT=50.2 pTM=0.332
2026-04-03 03:58:09,361 rank_104_alphafold2_ptm_model_3_seed_021 pLDDT=49.4 pTM=0.297
2026-04-03 03:58:09,363 rank_105_alphafold2_ptm_model_3_seed_019 pLDDT=48.2 pTM=0.306
2026-04-03 03:58:09,365 rank_106_alphafold2_ptm_model_3_seed_006 pLDDT=45.4 pTM=0.288
2026-04-03 03:58:09,367 rank_107_alphafold2_ptm_model_3_seed_018 pLDDT=45 pTM=0.295
2026-04-03 03:58:09,369 rank_108_alphafold2_ptm_model_3_seed_016 pLDDT=44.7 pTM=0.303
2026-04-03 03:58:09,370 rank_109_alphafold2_ptm_model_3_seed_022 pLDDT=40.8 pTM=0.413
2026-04-03 03:58:09,372 rank_110_alphafold2_ptm_model_3_seed_013 pLDDT=40.3 pTM=0.257
2026-04-03 03:58:09,374 rank_111_alphafold2_ptm_model_3_seed_011 pLDDT=39.4 pTM=0.292
2026-04-03 03:58:09,376 rank_112_alphafold2_ptm_model_3_seed_024 pLDDT=38.1 pTM=0.302
2026-04-03 03:58:09,378 rank_113_alphafold2_ptm_model_3_seed_020 pLDDT=37.1 pTM=0.597
2026-04-03 03:58:09,380 rank_114_alphafold2_ptm_model_3_seed_003 pLDDT=36.7 pTM=0.246
2026-04-03 03:58:09,382 rank_115_alphafold2_ptm_model_3_seed_014 pLDDT=35.9 pTM=0.241
2026-04-03 03:58:09,384 rank_116_alphafold2_ptm_model_3_seed_023 pLDDT=35.7 pTM=0.245
2026-04-03 03:58:09,386 rank_117_alphafold2_ptm_model_3_seed_008 pLDDT=32.7 pTM=0.635
2026-04-03 03:58:09,387 rank_118_alphafold2_ptm_model_3_seed_004 pLDDT=32.3 pTM=0.2
2026-04-03 03:58:09,389 rank_119_alphafold2_ptm_model_3_seed_012 pLDDT=29.9 pTM=0.308
2026-04-03 03:58:09,391 rank_120_alphafold2_ptm_model_3_seed_002 pLDDT=29.1 pTM=0.535
2026-04-03 03:58:09,393 rank_121_alphafold2_ptm_model_3_seed_007 pLDDT=29 pTM=0.318
2026-04-03 03:58:09,395 rank_122_alphafold2_ptm_model_3_seed_005 pLDDT=28.4 pTM=0.644
2026-04-03 03:58:09,397 rank_123_alphafold2_ptm_model_3_seed_017 pLDDT=27.5 pTM=0.315
2026-04-03 03:58:09,399 rank_124_alphafold2_ptm_model_3_seed_015 pLDDT=26.7 pTM=0.276
2026-04-03 03:58:09,400 rank_125_alphafold2_ptm_model_3_seed_001 pLDDT=23.5 pTM=0.501
2026-04-03 03:58:12,026 Done
>>> WRITING SHELL SCRIPT
>>> APPENDING JSON TO jobs.json
###### COMPLETE ######
>>> ATTEMPTING TO RUN COLABFOLD

desired_count: 0
desired_count: 1
1
1
desired_count: 3
3
4
desired_count: 8
8
12
desired_count: 16
16
28
desired_count: 21
21
49
desired_count: 20
20
69
desired_count: 13
13
82
desired_count: 6
6
88
desired_count: 2
2
90
desired_count: 0
desired_count: 0
desired_count: 0
desired_count: 0
desired_count: 0
desired_count: 0
desired_count: 0
desired_count: 0
desired_count: 0
>>> CREATING DIRECTORY FOR BEST TEMPLATES
###### UvrD_unrelaxed_rank_049_alphafold2_ptm_model_4_seed_009.pdb ADDED TO iteration1 (0.05521378952100739 A) ######
###### UvrD_unrelaxed_rank_096_alphafold2_ptm_model_4_seed_004.pdb ADDED TO iteration1 (0.10936513635285867 A) ######
###### UvrD_unrelaxed_rank_073_alphafold2_ptm_model_5_seed_015.pdb ADDED TO iteration1 (0.1029041470433438 A) ######
###### UvrD_unrelaxed_rank_041_alphafold2_ptm_model_5_seed_021.pdb ADDED TO iteration1 (0.10675833342013229 A) ######
###### UvrD_unrelaxed_rank_108_alphafold2_ptm_model_3_seed_016.pdb ADDED TO iteration1 (0.16611372052714302 A) ######
###### UvrD_unrelaxed_rank_103_alphafold2_ptm_model_3_seed_010.pdb ADDED TO iteration1 (0.19137397591527272 A) ######
###### UvrD_unrelaxed_rank_075_alphafold2_ptm_model_5_seed_002.pdb ADDED TO iteration1 (0.17184852507197526 A) ######
###### UvrD_unrelaxed_rank_036_alphafold2_ptm_model_5_seed_006.pdb ADDED TO iteration1 (0.15408508396694853 A) ######
###### UvrD_unrelaxed_rank_079_alphafold2_ptm_model_4_seed_011.pdb ADDED TO iteration1 (0.18265519191008775 A) ######
###### UvrD_unrelaxed_rank_063_alphafold2_ptm_model_5_seed_005.pdb ADDED TO iteration1 (0.15912429274111597 A) ######
###### UvrD_unrelaxed_rank_077_alphafold2_ptm_model_4_seed_022.pdb ADDED TO iteration1 (0.17360349484218485 A) ######
###### UvrD_unrelaxed_rank_121_alphafold2_ptm_model_3_seed_007.pdb ADDED TO iteration1 (0.19216494067384765 A) ######
###### UvrD_unrelaxed_rank_076_alphafold2_ptm_model_4_seed_010.pdb ADDED TO iteration1 (0.22942295750503242 A) ######
###### UvrD_unrelaxed_rank_076_alphafold2_ptm_model_4_seed_010_dupe1.pdb ADDED TO iteration1 (0.22942295750503242 A) ######
###### UvrD_unrelaxed_rank_104_alphafold2_ptm_model_3_seed_021.pdb ADDED TO iteration1 (0.2262459873479272 A) ######
###### UvrD_unrelaxed_rank_076_alphafold2_ptm_model_4_seed_010_dupe2.pdb ADDED TO iteration1 (0.22942295750503242 A) ######
###### UvrD_unrelaxed_rank_076_alphafold2_ptm_model_4_seed_010_dupe3.pdb ADDED TO iteration1 (0.22942295750503242 A) ######
###### UvrD_unrelaxed_rank_104_alphafold2_ptm_model_3_seed_021_dupe1.pdb ADDED TO iteration1 (0.2262459873479272 A) ######
###### UvrD_unrelaxed_rank_104_alphafold2_ptm_model_3_seed_021_dupe2.pdb ADDED TO iteration1 (0.2262459873479272 A) ######
###### UvrD_unrelaxed_rank_104_alphafold2_ptm_model_3_seed_021_dupe3.pdb ADDED TO iteration1 (0.2262459873479272 A) ######
###### UvrD_unrelaxed_rank_104_alphafold2_ptm_model_3_seed_021_dupe4.pdb ADDED TO iteration1 (0.2262459873479272 A) ######
###### UvrD_unrelaxed_rank_104_alphafold2_ptm_model_3_seed_021_dupe5.pdb ADDED TO iteration1 (0.2262459873479272 A) ######
###### UvrD_unrelaxed_rank_076_alphafold2_ptm_model_4_seed_010_dupe4.pdb ADDED TO iteration1 (0.22942295750503242 A) ######
###### UvrD_unrelaxed_rank_076_alphafold2_ptm_model_4_seed_010_dupe5.pdb ADDED TO iteration1 (0.22942295750503242 A) ######
###### UvrD_unrelaxed_rank_076_alphafold2_ptm_model_4_seed_010_dupe6.pdb ADDED TO iteration1 (0.22942295750503242 A) ######
###### UvrD_unrelaxed_rank_104_alphafold2_ptm_model_3_seed_021_dupe6.pdb ADDED TO iteration1 (0.2262459873479272 A) ######
###### UvrD_unrelaxed_rank_076_alphafold2_ptm_model_4_seed_010_dupe7.pdb ADDED TO iteration1 (0.22942295750503242 A) ######
###### UvrD_unrelaxed_rank_104_alphafold2_ptm_model_3_seed_021_dupe7.pdb ADDED TO iteration1 (0.2262459873479272 A) ######
###### UvrD_unrelaxed_rank_111_alphafold2_ptm_model_3_seed_011.pdb ADDED TO iteration1 (0.29641995107625546 A) ######
###### UvrD_unrelaxed_rank_111_alphafold2_ptm_model_3_seed_011_dupe1.pdb ADDED TO iteration1 (0.29641995107625546 A) ######
###### UvrD_unrelaxed_rank_095_alphafold2_ptm_model_4_seed_007.pdb ADDED TO iteration1 (0.2780566308105673 A) ######
###### UvrD_unrelaxed_rank_111_alphafold2_ptm_model_3_seed_011_dupe2.pdb ADDED TO iteration1 (0.29641995107625546 A) ######
###### UvrD_unrelaxed_rank_095_alphafold2_ptm_model_4_seed_007_dupe1.pdb ADDED TO iteration1 (0.2780566308105673 A) ######
###### UvrD_unrelaxed_rank_095_alphafold2_ptm_model_4_seed_007_dupe2.pdb ADDED TO iteration1 (0.2780566308105673 A) ######
###### UvrD_unrelaxed_rank_111_alphafold2_ptm_model_3_seed_011_dupe3.pdb ADDED TO iteration1 (0.29641995107625546 A) ######
###### UvrD_unrelaxed_rank_095_alphafold2_ptm_model_4_seed_007_dupe3.pdb ADDED TO iteration1 (0.2780566308105673 A) ######
###### UvrD_unrelaxed_rank_111_alphafold2_ptm_model_3_seed_011_dupe4.pdb ADDED TO iteration1 (0.29641995107625546 A) ######
###### UvrD_unrelaxed_rank_095_alphafold2_ptm_model_4_seed_007_dupe4.pdb ADDED TO iteration1 (0.2780566308105673 A) ######
###### UvrD_unrelaxed_rank_095_alphafold2_ptm_model_4_seed_007_dupe5.pdb ADDED TO iteration1 (0.2780566308105673 A) ######
###### UvrD_unrelaxed_rank_111_alphafold2_ptm_model_3_seed_011_dupe5.pdb ADDED TO iteration1 (0.29641995107625546 A) ######
###### UvrD_unrelaxed_rank_095_alphafold2_ptm_model_4_seed_007_dupe6.pdb ADDED TO iteration1 (0.2780566308105673 A) ######
###### UvrD_unrelaxed_rank_111_alphafold2_ptm_model_3_seed_011_dupe6.pdb ADDED TO iteration1 (0.29641995107625546 A) ######
###### UvrD_unrelaxed_rank_095_alphafold2_ptm_model_4_seed_007_dupe7.pdb ADDED TO iteration1 (0.2780566308105673 A) ######
###### UvrD_unrelaxed_rank_095_alphafold2_ptm_model_4_seed_007_dupe8.pdb ADDED TO iteration1 (0.2780566308105673 A) ######
###### UvrD_unrelaxed_rank_111_alphafold2_ptm_model_3_seed_011_dupe7.pdb ADDED TO iteration1 (0.29641995107625546 A) ######
###### UvrD_unrelaxed_rank_095_alphafold2_ptm_model_4_seed_007_dupe9.pdb ADDED TO iteration1 (0.2780566308105673 A) ######
###### UvrD_unrelaxed_rank_111_alphafold2_ptm_model_3_seed_011_dupe8.pdb ADDED TO iteration1 (0.29641995107625546 A) ######
###### UvrD_unrelaxed_rank_095_alphafold2_ptm_model_4_seed_007_dupe10.pdb ADDED TO iteration1 (0.2780566308105673 A) ######
###### UvrD_unrelaxed_rank_111_alphafold2_ptm_model_3_seed_011_dupe9.pdb ADDED TO iteration1 (0.29641995107625546 A) ######
###### UvrD_unrelaxed_rank_105_alphafold2_ptm_model_3_seed_019.pdb ADDED TO iteration1 (0.3273227114089576 A) ######
###### UvrD_unrelaxed_rank_040_alphafold2_ptm_model_2_seed_023.pdb ADDED TO iteration1 (0.34854272668275 A) ######
###### UvrD_unrelaxed_rank_023_alphafold2_ptm_model_5_seed_008.pdb ADDED TO iteration1 (0.32444009305778215 A) ######
###### UvrD_unrelaxed_rank_040_alphafold2_ptm_model_2_seed_023_dupe1.pdb ADDED TO iteration1 (0.34854272668275 A) ######
###### UvrD_unrelaxed_rank_118_alphafold2_ptm_model_3_seed_004.pdb ADDED TO iteration1 (0.3279862811805453 A) ######
###### UvrD_unrelaxed_rank_040_alphafold2_ptm_model_2_seed_023_dupe2.pdb ADDED TO iteration1 (0.34854272668275 A) ######
###### UvrD_unrelaxed_rank_105_alphafold2_ptm_model_3_seed_019_dupe1.pdb ADDED TO iteration1 (0.3273227114089576 A) ######
###### UvrD_unrelaxed_rank_118_alphafold2_ptm_model_3_seed_004_dupe1.pdb ADDED TO iteration1 (0.3279862811805453 A) ######
###### UvrD_unrelaxed_rank_105_alphafold2_ptm_model_3_seed_019_dupe2.pdb ADDED TO iteration1 (0.3273227114089576 A) ######
###### UvrD_unrelaxed_rank_023_alphafold2_ptm_model_5_seed_008_dupe1.pdb ADDED TO iteration1 (0.32444009305778215 A) ######
###### UvrD_unrelaxed_rank_105_alphafold2_ptm_model_3_seed_019_dupe3.pdb ADDED TO iteration1 (0.3273227114089576 A) ######
###### UvrD_unrelaxed_rank_118_alphafold2_ptm_model_3_seed_004_dupe2.pdb ADDED TO iteration1 (0.3279862811805453 A) ######
###### UvrD_unrelaxed_rank_118_alphafold2_ptm_model_3_seed_004_dupe3.pdb ADDED TO iteration1 (0.3279862811805453 A) ######
###### UvrD_unrelaxed_rank_023_alphafold2_ptm_model_5_seed_008_dupe2.pdb ADDED TO iteration1 (0.32444009305778215 A) ######
###### UvrD_unrelaxed_rank_118_alphafold2_ptm_model_3_seed_004_dupe4.pdb ADDED TO iteration1 (0.3279862811805453 A) ######
###### UvrD_unrelaxed_rank_023_alphafold2_ptm_model_5_seed_008_dupe3.pdb ADDED TO iteration1 (0.32444009305778215 A) ######
###### UvrD_unrelaxed_rank_023_alphafold2_ptm_model_5_seed_008_dupe4.pdb ADDED TO iteration1 (0.32444009305778215 A) ######
###### UvrD_unrelaxed_rank_040_alphafold2_ptm_model_2_seed_023_dupe3.pdb ADDED TO iteration1 (0.34854272668275 A) ######
###### UvrD_unrelaxed_rank_105_alphafold2_ptm_model_3_seed_019_dupe4.pdb ADDED TO iteration1 (0.3273227114089576 A) ######
###### UvrD_unrelaxed_rank_040_alphafold2_ptm_model_2_seed_023_dupe4.pdb ADDED TO iteration1 (0.34854272668275 A) ######
###### UvrD_unrelaxed_rank_004_alphafold2_ptm_model_2_seed_002.pdb ADDED TO iteration1 (0.3631417489363089 A) ######
###### UvrD_unrelaxed_rank_065_alphafold2_ptm_model_2_seed_022.pdb ADDED TO iteration1 (0.38050142606353926 A) ######
###### UvrD_unrelaxed_rank_050_alphafold2_ptm_model_2_seed_005.pdb ADDED TO iteration1 (0.36702987200768517 A) ######
###### UvrD_unrelaxed_rank_016_alphafold2_ptm_model_2_seed_000.pdb ADDED TO iteration1 (0.3722232643734537 A) ######
###### UvrD_unrelaxed_rank_025_alphafold2_ptm_model_2_seed_021.pdb ADDED TO iteration1 (0.3713088761728811 A) ######
###### UvrD_unrelaxed_rank_033_alphafold2_ptm_model_2_seed_024.pdb ADDED TO iteration1 (0.3912776430684514 A) ######
###### UvrD_unrelaxed_rank_038_alphafold2_ptm_model_2_seed_004.pdb ADDED TO iteration1 (0.35598657655106813 A) ######
###### UvrD_unrelaxed_rank_013_alphafold2_ptm_model_1_seed_009.pdb ADDED TO iteration1 (0.39673851738538296 A) ######
###### UvrD_unrelaxed_rank_042_alphafold2_ptm_model_1_seed_014.pdb ADDED TO iteration1 (0.38796093128557735 A) ######
###### UvrD_unrelaxed_rank_054_alphafold2_ptm_model_2_seed_017.pdb ADDED TO iteration1 (0.3964719778818171 A) ######
###### UvrD_unrelaxed_rank_006_alphafold2_ptm_model_2_seed_010.pdb ADDED TO iteration1 (0.36158147537325147 A) ######
###### UvrD_unrelaxed_rank_010_alphafold2_ptm_model_2_seed_011.pdb ADDED TO iteration1 (0.351376943295287 A) ######
###### UvrD_unrelaxed_rank_039_alphafold2_ptm_model_2_seed_007.pdb ADDED TO iteration1 (0.39989486673794417 A) ######
###### UvrD_unrelaxed_rank_044_alphafold2_ptm_model_1_seed_023.pdb ADDED TO iteration1 (0.41724646022820194 A) ######
###### UvrD_unrelaxed_rank_003_alphafold2_ptm_model_1_seed_011.pdb ADDED TO iteration1 (0.4293351008612461 A) ######
###### UvrD_unrelaxed_rank_022_alphafold2_ptm_model_1_seed_024.pdb ADDED TO iteration1 (0.43362378012247155 A) ######
###### UvrD_unrelaxed_rank_012_alphafold2_ptm_model_1_seed_008.pdb ADDED TO iteration1 (0.44660313383534145 A) ######
###### UvrD_unrelaxed_rank_024_alphafold2_ptm_model_1_seed_012.pdb ADDED TO iteration1 (0.4395938498586408 A) ######
###### UvrD_unrelaxed_rank_028_alphafold2_ptm_model_1_seed_006.pdb ADDED TO iteration1 (0.4102353528913001 A) ######
###### UvrD_unrelaxed_rank_114_alphafold2_ptm_model_3_seed_003.pdb ADDED TO iteration1 (0.4578377514127674 A) ######
###### UvrD_unrelaxed_rank_067_alphafold2_ptm_model_1_seed_022.pdb ADDED TO iteration1 (0.45567662440695716 A) ######
desired_count: 0
desired_count: 1
1
1
desired_count: 3
3
4
desired_count: 8
8
12
desired_count: 16
16
28
desired_count: 21
21
49
desired_count: 20
20
69
desired_count: 13
13
82
desired_count: 6
6
88
desired_count: 2
2
90
desired_count: 0
desired_count: 0
desired_count: 0
desired_count: 0
desired_count: 0
desired_count: 0
desired_count: 0
desired_count: 0
desired_count: 0
>>> APPENDING TO ITERATIONS DIRECTORY
###### UvrD_unrelaxed_rank_063_alphafold2_ptm_model_5_seed_024.pdb ADDED TO iteration2 (0.07782774482608074 A) ######
###### UvrD_unrelaxed_rank_093_alphafold2_ptm_model_4_seed_004.pdb ADDED TO iteration2 (0.10936513635285867 A) ######
###### UvrD_unrelaxed_rank_017_alphafold2_ptm_model_5_seed_009.pdb ADDED TO iteration2 (0.12509172437573826 A) ######
###### UvrD_unrelaxed_rank_102_alphafold2_ptm_model_3_seed_000.pdb ADDED TO iteration2 (0.11104768223179935 A) ######
###### UvrD_unrelaxed_rank_028_alphafold2_ptm_model_5_seed_005.pdb ADDED TO iteration2 (0.15912429274111597 A) ######
###### UvrD_unrelaxed_rank_053_alphafold2_ptm_model_5_seed_002.pdb ADDED TO iteration2 (0.17184852507197526 A) ######
###### UvrD_unrelaxed_rank_057_alphafold2_ptm_model_4_seed_022.pdb ADDED TO iteration2 (0.17360349484218485 A) ######
###### UvrD_unrelaxed_rank_108_alphafold2_ptm_model_3_seed_016.pdb ADDED TO iteration2 (0.16611372052714302 A) ######
###### UvrD_unrelaxed_rank_002_alphafold2_ptm_model_5_seed_006.pdb ADDED TO iteration2 (0.15408508396694853 A) ######
###### UvrD_unrelaxed_rank_103_alphafold2_ptm_model_3_seed_010.pdb ADDED TO iteration2 (0.19137397591527272 A) ######
###### UvrD_unrelaxed_rank_061_alphafold2_ptm_model_4_seed_011.pdb ADDED TO iteration2 (0.18265519191008775 A) ######
###### UvrD_unrelaxed_rank_121_alphafold2_ptm_model_3_seed_007.pdb ADDED TO iteration2 (0.19216494067384765 A) ######
###### UvrD_unrelaxed_rank_056_alphafold2_ptm_model_4_seed_010.pdb ADDED TO iteration2 (0.22942295750503242 A) ######
###### UvrD_unrelaxed_rank_056_alphafold2_ptm_model_4_seed_010_dupe1.pdb ADDED TO iteration2 (0.22942295750503242 A) ######
###### UvrD_unrelaxed_rank_056_alphafold2_ptm_model_4_seed_010_dupe2.pdb ADDED TO iteration2 (0.22942295750503242 A) ######
###### UvrD_unrelaxed_rank_104_alphafold2_ptm_model_3_seed_021.pdb ADDED TO iteration2 (0.2262459873479272 A) ######
###### UvrD_unrelaxed_rank_104_alphafold2_ptm_model_3_seed_021_dupe1.pdb ADDED TO iteration2 (0.2262459873479272 A) ######
###### UvrD_unrelaxed_rank_104_alphafold2_ptm_model_3_seed_021_dupe2.pdb ADDED TO iteration2 (0.2262459873479272 A) ######
###### UvrD_unrelaxed_rank_104_alphafold2_ptm_model_3_seed_021_dupe3.pdb ADDED TO iteration2 (0.2262459873479272 A) ######
###### UvrD_unrelaxed_rank_104_alphafold2_ptm_model_3_seed_021_dupe4.pdb ADDED TO iteration2 (0.2262459873479272 A) ######
###### UvrD_unrelaxed_rank_056_alphafold2_ptm_model_4_seed_010_dupe3.pdb ADDED TO iteration2 (0.22942295750503242 A) ######
###### UvrD_unrelaxed_rank_104_alphafold2_ptm_model_3_seed_021_dupe5.pdb ADDED TO iteration2 (0.2262459873479272 A) ######
###### UvrD_unrelaxed_rank_056_alphafold2_ptm_model_4_seed_010_dupe4.pdb ADDED TO iteration2 (0.22942295750503242 A) ######
###### UvrD_unrelaxed_rank_056_alphafold2_ptm_model_4_seed_010_dupe5.pdb ADDED TO iteration2 (0.22942295750503242 A) ######
###### UvrD_unrelaxed_rank_104_alphafold2_ptm_model_3_seed_021_dupe6.pdb ADDED TO iteration2 (0.2262459873479272 A) ######
###### UvrD_unrelaxed_rank_056_alphafold2_ptm_model_4_seed_010_dupe6.pdb ADDED TO iteration2 (0.22942295750503242 A) ######
###### UvrD_unrelaxed_rank_056_alphafold2_ptm_model_4_seed_010_dupe7.pdb ADDED TO iteration2 (0.22942295750503242 A) ######
###### UvrD_unrelaxed_rank_104_alphafold2_ptm_model_3_seed_021_dupe7.pdb ADDED TO iteration2 (0.2262459873479272 A) ######
###### UvrD_unrelaxed_rank_098_alphafold2_ptm_model_2_seed_014.pdb ADDED TO iteration2 (0.2988622290705486 A) ######
###### UvrD_unrelaxed_rank_088_alphafold2_ptm_model_2_seed_012.pdb ADDED TO iteration2 (0.29482245167067966 A) ######
###### UvrD_unrelaxed_rank_092_alphafold2_ptm_model_4_seed_007.pdb ADDED TO iteration2 (0.2780566308105673 A) ######
###### UvrD_unrelaxed_rank_089_alphafold2_ptm_model_2_seed_015.pdb ADDED TO iteration2 (0.29539065843192536 A) ######
###### UvrD_unrelaxed_rank_089_alphafold2_ptm_model_2_seed_015_dupe1.pdb ADDED TO iteration2 (0.29539065843192536 A) ######
###### UvrD_unrelaxed_rank_098_alphafold2_ptm_model_2_seed_014_dupe1.pdb ADDED TO iteration2 (0.2988622290705486 A) ######
###### UvrD_unrelaxed_rank_097_alphafold2_ptm_model_2_seed_005.pdb ADDED TO iteration2 (0.2987212355337944 A) ######
###### UvrD_unrelaxed_rank_111_alphafold2_ptm_model_3_seed_011.pdb ADDED TO iteration2 (0.29641995107625546 A) ######
###### UvrD_unrelaxed_rank_092_alphafold2_ptm_model_4_seed_007_dupe1.pdb ADDED TO iteration2 (0.2780566308105673 A) ######
###### UvrD_unrelaxed_rank_097_alphafold2_ptm_model_2_seed_005_dupe1.pdb ADDED TO iteration2 (0.2987212355337944 A) ######
###### UvrD_unrelaxed_rank_088_alphafold2_ptm_model_2_seed_012_dupe1.pdb ADDED TO iteration2 (0.29482245167067966 A) ######
###### UvrD_unrelaxed_rank_111_alphafold2_ptm_model_3_seed_011_dupe1.pdb ADDED TO iteration2 (0.29641995107625546 A) ######
###### UvrD_unrelaxed_rank_088_alphafold2_ptm_model_2_seed_012_dupe2.pdb ADDED TO iteration2 (0.29482245167067966 A) ######
###### UvrD_unrelaxed_rank_098_alphafold2_ptm_model_2_seed_014_dupe2.pdb ADDED TO iteration2 (0.2988622290705486 A) ######
###### UvrD_unrelaxed_rank_092_alphafold2_ptm_model_4_seed_007_dupe2.pdb ADDED TO iteration2 (0.2780566308105673 A) ######
###### UvrD_unrelaxed_rank_098_alphafold2_ptm_model_2_seed_014_dupe3.pdb ADDED TO iteration2 (0.2988622290705486 A) ######
###### UvrD_unrelaxed_rank_089_alphafold2_ptm_model_2_seed_015_dupe2.pdb ADDED TO iteration2 (0.29539065843192536 A) ######
###### UvrD_unrelaxed_rank_089_alphafold2_ptm_model_2_seed_015_dupe3.pdb ADDED TO iteration2 (0.29539065843192536 A) ######
###### UvrD_unrelaxed_rank_092_alphafold2_ptm_model_4_seed_007_dupe3.pdb ADDED TO iteration2 (0.2780566308105673 A) ######
###### UvrD_unrelaxed_rank_088_alphafold2_ptm_model_2_seed_012_dupe3.pdb ADDED TO iteration2 (0.29482245167067966 A) ######
###### UvrD_unrelaxed_rank_097_alphafold2_ptm_model_2_seed_005_dupe2.pdb ADDED TO iteration2 (0.2987212355337944 A) ######
###### UvrD_unrelaxed_rank_033_alphafold2_ptm_model_2_seed_011.pdb ADDED TO iteration2 (0.3263382357850456 A) ######
###### UvrD_unrelaxed_rank_096_alphafold2_ptm_model_2_seed_022.pdb ADDED TO iteration2 (0.3161050082454564 A) ######
###### UvrD_unrelaxed_rank_050_alphafold2_ptm_model_1_seed_015.pdb ADDED TO iteration2 (0.3242177374519125 A) ######
###### UvrD_unrelaxed_rank_001_alphafold2_ptm_model_5_seed_008.pdb ADDED TO iteration2 (0.32444009305778215 A) ######
###### UvrD_unrelaxed_rank_064_alphafold2_ptm_model_2_seed_008.pdb ADDED TO iteration2 (0.3372467373108376 A) ######
###### UvrD_unrelaxed_rank_041_alphafold2_ptm_model_2_seed_010.pdb ADDED TO iteration2 (0.3462617865336771 A) ######
###### UvrD_unrelaxed_rank_087_alphafold2_ptm_model_2_seed_007.pdb ADDED TO iteration2 (0.3024479292902426 A) ######
###### UvrD_unrelaxed_rank_105_alphafold2_ptm_model_3_seed_019.pdb ADDED TO iteration2 (0.3273227114089576 A) ######
###### UvrD_unrelaxed_rank_083_alphafold2_ptm_model_2_seed_004.pdb ADDED TO iteration2 (0.31049043191630066 A) ######
###### UvrD_unrelaxed_rank_091_alphafold2_ptm_model_2_seed_017.pdb ADDED TO iteration2 (0.3268394159378947 A) ######
###### UvrD_unrelaxed_rank_077_alphafold2_ptm_model_2_seed_023.pdb ADDED TO iteration2 (0.3264985734722236 A) ######
###### UvrD_unrelaxed_rank_025_alphafold2_ptm_model_1_seed_002.pdb ADDED TO iteration2 (0.32568618022944235 A) ######
###### UvrD_unrelaxed_rank_034_alphafold2_ptm_model_2_seed_002.pdb ADDED TO iteration2 (0.3317729804260935 A) ######
###### UvrD_unrelaxed_rank_072_alphafold2_ptm_model_2_seed_024.pdb ADDED TO iteration2 (0.31571468314897655 A) ######
###### UvrD_unrelaxed_rank_070_alphafold2_ptm_model_2_seed_003.pdb ADDED TO iteration2 (0.31381158490854183 A) ######
###### UvrD_unrelaxed_rank_118_alphafold2_ptm_model_3_seed_004.pdb ADDED TO iteration2 (0.3279862811805453 A) ######
###### UvrD_unrelaxed_rank_026_alphafold2_ptm_model_1_seed_003.pdb ADDED TO iteration2 (0.32621851460651297 A) ######
###### UvrD_unrelaxed_rank_054_alphafold2_ptm_model_2_seed_009.pdb ADDED TO iteration2 (0.34340644311238316 A) ######
###### UvrD_unrelaxed_rank_068_alphafold2_ptm_model_2_seed_013.pdb ADDED TO iteration2 (0.3315091211465252 A) ######
###### UvrD_unrelaxed_rank_044_alphafold2_ptm_model_1_seed_014.pdb ADDED TO iteration2 (0.31047142473755995 A) ######
###### UvrD_unrelaxed_rank_016_alphafold2_ptm_model_1_seed_016.pdb ADDED TO iteration2 (0.37857815146490914 A) ######
###### UvrD_unrelaxed_rank_062_alphafold2_ptm_model_1_seed_007.pdb ADDED TO iteration2 (0.3597002059011956 A) ######
###### UvrD_unrelaxed_rank_043_alphafold2_ptm_model_1_seed_012.pdb ADDED TO iteration2 (0.3592196399375675 A) ######
###### UvrD_unrelaxed_rank_030_alphafold2_ptm_model_1_seed_021.pdb ADDED TO iteration2 (0.3620931199527189 A) ######
###### UvrD_unrelaxed_rank_058_alphafold2_ptm_model_2_seed_001.pdb ADDED TO iteration2 (0.35485958717995064 A) ######
###### UvrD_unrelaxed_rank_019_alphafold2_ptm_model_1_seed_008.pdb ADDED TO iteration2 (0.3831064711532184 A) ######
###### UvrD_unrelaxed_rank_066_alphafold2_ptm_model_1_seed_004.pdb ADDED TO iteration2 (0.358977485403611 A) ######
###### UvrD_unrelaxed_rank_008_alphafold2_ptm_model_1_seed_001.pdb ADDED TO iteration2 (0.3951145447938949 A) ######
###### UvrD_unrelaxed_rank_059_alphafold2_ptm_model_2_seed_018.pdb ADDED TO iteration2 (0.36421519220596493 A) ######
###### UvrD_unrelaxed_rank_069_alphafold2_ptm_model_1_seed_017.pdb ADDED TO iteration2 (0.3765120770375531 A) ######
###### UvrD_unrelaxed_rank_007_alphafold2_ptm_model_1_seed_010.pdb ADDED TO iteration2 (0.3811088043768836 A) ######
###### UvrD_unrelaxed_rank_090_alphafold2_ptm_model_1_seed_022.pdb ADDED TO iteration2 (0.35884286251689057 A) ######
###### UvrD_unrelaxed_rank_013_alphafold2_ptm_model_1_seed_020.pdb ADDED TO iteration2 (0.3851713022682091 A) ######
###### UvrD_unrelaxed_rank_117_alphafold2_ptm_model_3_seed_008.pdb ADDED TO iteration2 (0.41759720045192783 A) ######
###### UvrD_unrelaxed_rank_101_alphafold2_ptm_model_4_seed_017.pdb ADDED TO iteration2 (0.4374562564562476 A) ######
###### UvrD_unrelaxed_rank_123_alphafold2_ptm_model_3_seed_017.pdb ADDED TO iteration2 (0.4264314597318264 A) ######
###### UvrD_unrelaxed_rank_101_alphafold2_ptm_model_4_seed_017_dupe1.pdb ADDED TO iteration2 (0.4374562564562476 A) ######
###### UvrD_unrelaxed_rank_117_alphafold2_ptm_model_3_seed_008_dupe1.pdb ADDED TO iteration2 (0.41759720045192783 A) ######
###### UvrD_unrelaxed_rank_123_alphafold2_ptm_model_3_seed_017_dupe1.pdb ADDED TO iteration2 (0.4264314597318264 A) ######
###### UvrD_unrelaxed_rank_110_alphafold2_ptm_model_3_seed_013.pdb ADDED TO iteration2 (0.47387621537359725 A) ######
###### UvrD_unrelaxed_rank_114_alphafold2_ptm_model_3_seed_003.pdb ADDED TO iteration2 (0.4578377514127674 A) ######
desired_count: 0
desired_count: 1
1
1
desired_count: 3
3
4
desired_count: 8
8
12
desired_count: 16
16
28
desired_count: 21
21
49
desired_count: 20
20
69
desired_count: 13
desired_count: 6
6
75
desired_count: 2
2
77
desired_count: 0
desired_count: 0
desired_count: 0
desired_count: 0
desired_count: 0
desired_count: 0
desired_count: 0
desired_count: 0
desired_count: 0
>>> APPENDING TO ITERATIONS DIRECTORY
###### UvrD_unrelaxed_rank_078_alphafold2_ptm_model_4_seed_000.pdb ADDED TO iteration3 (0.058172849433463 A) ######
###### UvrD_unrelaxed_rank_018_alphafold2_ptm_model_5_seed_011.pdb ADDED TO iteration3 (0.11986354732148155 A) ######
###### UvrD_unrelaxed_rank_120_alphafold2_ptm_model_3_seed_002.pdb ADDED TO iteration3 (0.1488346645657299 A) ######
###### UvrD_unrelaxed_rank_100_alphafold2_ptm_model_3_seed_009.pdb ADDED TO iteration3 (0.10917731051140936 A) ######
###### UvrD_unrelaxed_rank_060_alphafold2_ptm_model_5_seed_002.pdb ADDED TO iteration3 (0.17184852507197526 A) ######
###### UvrD_unrelaxed_rank_013_alphafold2_ptm_model_5_seed_006.pdb ADDED TO iteration3 (0.15408508396694853 A) ######
###### UvrD_unrelaxed_rank_121_alphafold2_ptm_model_3_seed_007.pdb ADDED TO iteration3 (0.19216494067384765 A) ######
###### UvrD_unrelaxed_rank_045_alphafold2_ptm_model_5_seed_005.pdb ADDED TO iteration3 (0.15912429274111597 A) ######
###### UvrD_unrelaxed_rank_108_alphafold2_ptm_model_3_seed_016.pdb ADDED TO iteration3 (0.16611372052714302 A) ######
###### UvrD_unrelaxed_rank_065_alphafold2_ptm_model_4_seed_022.pdb ADDED TO iteration3 (0.17360349484218485 A) ######
###### UvrD_unrelaxed_rank_067_alphafold2_ptm_model_4_seed_011.pdb ADDED TO iteration3 (0.18265519191008775 A) ######
###### UvrD_unrelaxed_rank_015_alphafold2_ptm_model_5_seed_012.pdb ADDED TO iteration3 (0.18230607589181683 A) ######
###### UvrD_unrelaxed_rank_064_alphafold2_ptm_model_4_seed_010.pdb ADDED TO iteration3 (0.22942295750503242 A) ######
###### UvrD_unrelaxed_rank_087_alphafold2_ptm_model_2_seed_004.pdb ADDED TO iteration3 (0.2301908421723891 A) ######
###### UvrD_unrelaxed_rank_062_alphafold2_ptm_model_2_seed_006.pdb ADDED TO iteration3 (0.23585125900932177 A) ######
###### UvrD_unrelaxed_rank_079_alphafold2_ptm_model_2_seed_007.pdb ADDED TO iteration3 (0.24098494215123292 A) ######
###### UvrD_unrelaxed_rank_095_alphafold2_ptm_model_2_seed_005.pdb ADDED TO iteration3 (0.24148693367749824 A) ######
###### UvrD_unrelaxed_rank_081_alphafold2_ptm_model_2_seed_012.pdb ADDED TO iteration3 (0.23092522776634042 A) ######
###### UvrD_unrelaxed_rank_087_alphafold2_ptm_model_2_seed_004_dupe1.pdb ADDED TO iteration3 (0.2301908421723891 A) ######
###### UvrD_unrelaxed_rank_104_alphafold2_ptm_model_3_seed_021.pdb ADDED TO iteration3 (0.2262459873479272 A) ######
###### UvrD_unrelaxed_rank_071_alphafold2_ptm_model_2_seed_024.pdb ADDED TO iteration3 (0.247231007227934 A) ######
###### UvrD_unrelaxed_rank_074_alphafold2_ptm_model_2_seed_015.pdb ADDED TO iteration3 (0.2401630916076201 A) ######
###### UvrD_unrelaxed_rank_026_alphafold2_ptm_model_2_seed_002.pdb ADDED TO iteration3 (0.23726204309086493 A) ######
###### UvrD_unrelaxed_rank_057_alphafold2_ptm_model_2_seed_003.pdb ADDED TO iteration3 (0.2383790687863021 A) ######
###### UvrD_unrelaxed_rank_057_alphafold2_ptm_model_2_seed_003_dupe1.pdb ADDED TO iteration3 (0.2383790687863021 A) ######
###### UvrD_unrelaxed_rank_072_alphafold2_ptm_model_2_seed_023.pdb ADDED TO iteration3 (0.2353805258898026 A) ######
###### UvrD_unrelaxed_rank_098_alphafold2_ptm_model_2_seed_022.pdb ADDED TO iteration3 (0.24341471342047666 A) ######
###### UvrD_unrelaxed_rank_096_alphafold2_ptm_model_2_seed_017.pdb ADDED TO iteration3 (0.249867757799563 A) ######
###### UvrD_unrelaxed_rank_036_alphafold2_ptm_model_2_seed_000.pdb ADDED TO iteration3 (0.2752841454126575 A) ######
###### UvrD_unrelaxed_rank_031_alphafold2_ptm_model_2_seed_008.pdb ADDED TO iteration3 (0.26136290411201346 A) ######
###### UvrD_unrelaxed_rank_007_alphafold2_ptm_model_1_seed_006.pdb ADDED TO iteration3 (0.28758274573100295 A) ######
###### UvrD_unrelaxed_rank_076_alphafold2_ptm_model_1_seed_022.pdb ADDED TO iteration3 (0.2834840329085802 A) ######
###### UvrD_unrelaxed_rank_043_alphafold2_ptm_model_2_seed_011.pdb ADDED TO iteration3 (0.25501776577208685 A) ######
###### UvrD_unrelaxed_rank_063_alphafold2_ptm_model_1_seed_005.pdb ADDED TO iteration3 (0.2832872455293833 A) ######
###### UvrD_unrelaxed_rank_048_alphafold2_ptm_model_2_seed_001.pdb ADDED TO iteration3 (0.28411360236186706 A) ######
###### UvrD_unrelaxed_rank_011_alphafold2_ptm_model_1_seed_002.pdb ADDED TO iteration3 (0.2715373773699608 A) ######
###### UvrD_unrelaxed_rank_050_alphafold2_ptm_model_2_seed_018.pdb ADDED TO iteration3 (0.2877124022621518 A) ######
###### UvrD_unrelaxed_rank_012_alphafold2_ptm_model_1_seed_011.pdb ADDED TO iteration3 (0.28721830544163945 A) ######
###### UvrD_unrelaxed_rank_034_alphafold2_ptm_model_1_seed_012.pdb ADDED TO iteration3 (0.27914117927431165 A) ######
###### UvrD_unrelaxed_rank_054_alphafold2_ptm_model_1_seed_017.pdb ADDED TO iteration3 (0.2833322668728046 A) ######
###### UvrD_unrelaxed_rank_040_alphafold2_ptm_model_1_seed_023.pdb ADDED TO iteration3 (0.28970532960498424 A) ######
###### UvrD_unrelaxed_rank_032_alphafold2_ptm_model_2_seed_009.pdb ADDED TO iteration3 (0.264379588428585 A) ######
###### UvrD_unrelaxed_rank_002_alphafold2_ptm_model_1_seed_010.pdb ADDED TO iteration3 (0.2992281572893894 A) ######
###### UvrD_unrelaxed_rank_111_alphafold2_ptm_model_3_seed_011.pdb ADDED TO iteration3 (0.29641995107625546 A) ######
###### UvrD_unrelaxed_rank_005_alphafold2_ptm_model_1_seed_013.pdb ADDED TO iteration3 (0.28807974923981716 A) ######
###### UvrD_unrelaxed_rank_022_alphafold2_ptm_model_1_seed_018.pdb ADDED TO iteration3 (0.2639609942200503 A) ######
###### UvrD_unrelaxed_rank_023_alphafold2_ptm_model_2_seed_010.pdb ADDED TO iteration3 (0.26237288981074125 A) ######
###### UvrD_unrelaxed_rank_020_alphafold2_ptm_model_1_seed_014.pdb ADDED TO iteration3 (0.2713913211486101 A) ######
###### UvrD_unrelaxed_rank_061_alphafold2_ptm_model_2_seed_013.pdb ADDED TO iteration3 (0.2518607145971781 A) ######
###### UvrD_unrelaxed_rank_006_alphafold2_ptm_model_1_seed_001.pdb ADDED TO iteration3 (0.3040295056587749 A) ######
###### UvrD_unrelaxed_rank_006_alphafold2_ptm_model_1_seed_001_dupe1.pdb ADDED TO iteration3 (0.3040295056587749 A) ######
###### UvrD_unrelaxed_rank_105_alphafold2_ptm_model_3_seed_019.pdb ADDED TO iteration3 (0.3273227114089576 A) ######
###### UvrD_unrelaxed_rank_105_alphafold2_ptm_model_3_seed_019_dupe1.pdb ADDED TO iteration3 (0.3273227114089576 A) ######
###### UvrD_unrelaxed_rank_001_alphafold2_ptm_model_1_seed_008.pdb ADDED TO iteration3 (0.30276485940221054 A) ######
###### UvrD_unrelaxed_rank_001_alphafold2_ptm_model_1_seed_008_dupe1.pdb ADDED TO iteration3 (0.30276485940221054 A) ######
###### UvrD_unrelaxed_rank_105_alphafold2_ptm_model_3_seed_019_dupe2.pdb ADDED TO iteration3 (0.3273227114089576 A) ######
###### UvrD_unrelaxed_rank_017_alphafold2_ptm_model_1_seed_019.pdb ADDED TO iteration3 (0.30068142494763495 A) ######
###### UvrD_unrelaxed_rank_017_alphafold2_ptm_model_1_seed_019_dupe1.pdb ADDED TO iteration3 (0.30068142494763495 A) ######
###### UvrD_unrelaxed_rank_118_alphafold2_ptm_model_3_seed_004.pdb ADDED TO iteration3 (0.3279862811805453 A) ######
###### UvrD_unrelaxed_rank_009_alphafold2_ptm_model_1_seed_016.pdb ADDED TO iteration3 (0.3012165193543397 A) ######
###### UvrD_unrelaxed_rank_004_alphafold2_ptm_model_5_seed_008.pdb ADDED TO iteration3 (0.32444009305778215 A) ######
###### UvrD_unrelaxed_rank_118_alphafold2_ptm_model_3_seed_004_dupe1.pdb ADDED TO iteration3 (0.3279862811805453 A) ######
###### UvrD_unrelaxed_rank_118_alphafold2_ptm_model_3_seed_004_dupe2.pdb ADDED TO iteration3 (0.3279862811805453 A) ######
###### UvrD_unrelaxed_rank_001_alphafold2_ptm_model_1_seed_008_dupe2.pdb ADDED TO iteration3 (0.30276485940221054 A) ######
###### UvrD_unrelaxed_rank_021_alphafold2_ptm_model_1_seed_000.pdb ADDED TO iteration3 (0.3115153128708712 A) ######
###### UvrD_unrelaxed_rank_009_alphafold2_ptm_model_1_seed_016_dupe1.pdb ADDED TO iteration3 (0.3012165193543397 A) ######
###### UvrD_unrelaxed_rank_009_alphafold2_ptm_model_1_seed_016_dupe2.pdb ADDED TO iteration3 (0.3012165193543397 A) ######
###### UvrD_unrelaxed_rank_004_alphafold2_ptm_model_5_seed_008_dupe1.pdb ADDED TO iteration3 (0.32444009305778215 A) ######
###### UvrD_unrelaxed_rank_004_alphafold2_ptm_model_5_seed_008_dupe2.pdb ADDED TO iteration3 (0.32444009305778215 A) ######
###### UvrD_unrelaxed_rank_123_alphafold2_ptm_model_3_seed_017.pdb ADDED TO iteration3 (0.4264314597318264 A) ######
###### UvrD_unrelaxed_rank_117_alphafold2_ptm_model_3_seed_008.pdb ADDED TO iteration3 (0.41759720045192783 A) ######
###### UvrD_unrelaxed_rank_101_alphafold2_ptm_model_4_seed_017.pdb ADDED TO iteration3 (0.4374562564562476 A) ######
###### UvrD_unrelaxed_rank_117_alphafold2_ptm_model_3_seed_008_dupe1.pdb ADDED TO iteration3 (0.41759720045192783 A) ######
###### UvrD_unrelaxed_rank_101_alphafold2_ptm_model_4_seed_017_dupe1.pdb ADDED TO iteration3 (0.4374562564562476 A) ######
###### UvrD_unrelaxed_rank_123_alphafold2_ptm_model_3_seed_017_dupe1.pdb ADDED TO iteration3 (0.4264314597318264 A) ######
###### UvrD_unrelaxed_rank_114_alphafold2_ptm_model_3_seed_003.pdb ADDED TO iteration3 (0.4578377514127674 A) ######
###### UvrD_unrelaxed_rank_110_alphafold2_ptm_model_3_seed_013.pdb ADDED TO iteration3 (0.47387621537359725 A) ######
desired_count: 0
desired_count: 1
1
1
desired_count: 3
3
4
desired_count: 8
8
12
desired_count: 16
16
28
desired_count: 21
21
49
desired_count: 20
20
69
desired_count: 13
desired_count: 6
6
75
desired_count: 2
2
77
desired_count: 0
desired_count: 0
desired_count: 0
desired_count: 0
desired_count: 0
desired_count: 0
desired_count: 0
desired_count: 0
desired_count: 0
>>> APPENDING TO ITERATIONS DIRECTORY
###### UvrD_unrelaxed_rank_096_alphafold2_ptm_model_4_seed_005.pdb ADDED TO iteration4 (0.07359594796768829 A) ######
###### UvrD_unrelaxed_rank_100_alphafold2_ptm_model_3_seed_009.pdb ADDED TO iteration4 (0.10917731051140936 A) ######
###### UvrD_unrelaxed_rank_028_alphafold2_ptm_model_5_seed_011.pdb ADDED TO iteration4 (0.11986354732148155 A) ######
###### UvrD_unrelaxed_rank_057_alphafold2_ptm_model_5_seed_013.pdb ADDED TO iteration4 (0.144008072156643 A) ######
###### UvrD_unrelaxed_rank_017_alphafold2_ptm_model_5_seed_006.pdb ADDED TO iteration4 (0.15408508396694853 A) ######
###### UvrD_unrelaxed_rank_103_alphafold2_ptm_model_3_seed_010.pdb ADDED TO iteration4 (0.19137397591527272 A) ######
###### UvrD_unrelaxed_rank_022_alphafold2_ptm_model_5_seed_012.pdb ADDED TO iteration4 (0.18230607589181683 A) ######
###### UvrD_unrelaxed_rank_121_alphafold2_ptm_model_3_seed_007.pdb ADDED TO iteration4 (0.19216494067384765 A) ######
###### UvrD_unrelaxed_rank_064_alphafold2_ptm_model_5_seed_002.pdb ADDED TO iteration4 (0.17184852507197526 A) ######
###### UvrD_unrelaxed_rank_049_alphafold2_ptm_model_5_seed_005.pdb ADDED TO iteration4 (0.15912429274111597 A) ######
###### UvrD_unrelaxed_rank_068_alphafold2_ptm_model_4_seed_022.pdb ADDED TO iteration4 (0.17360349484218485 A) ######
###### UvrD_unrelaxed_rank_082_alphafold2_ptm_model_2_seed_004.pdb ADDED TO iteration4 (0.18506286585045367 A) ######
###### UvrD_unrelaxed_rank_009_alphafold2_ptm_model_1_seed_011.pdb ADDED TO iteration4 (0.23145946419044125 A) ######
###### UvrD_unrelaxed_rank_075_alphafold2_ptm_model_2_seed_007.pdb ADDED TO iteration4 (0.21192071124785922 A) ######
###### UvrD_unrelaxed_rank_025_alphafold2_ptm_model_2_seed_019.pdb ADDED TO iteration4 (0.2209353346825831 A) ######
###### UvrD_unrelaxed_rank_044_alphafold2_ptm_model_1_seed_024.pdb ADDED TO iteration4 (0.23367651813736623 A) ######
###### UvrD_unrelaxed_rank_054_alphafold2_ptm_model_1_seed_007.pdb ADDED TO iteration4 (0.23648022906625152 A) ######
###### UvrD_unrelaxed_rank_060_alphafold2_ptm_model_1_seed_005.pdb ADDED TO iteration4 (0.23788694433928667 A) ######
###### UvrD_unrelaxed_rank_031_alphafold2_ptm_model_1_seed_012.pdb ADDED TO iteration4 (0.23428204870229413 A) ######
###### UvrD_unrelaxed_rank_081_alphafold2_ptm_model_1_seed_022.pdb ADDED TO iteration4 (0.2437865988648486 A) ######
###### UvrD_unrelaxed_rank_018_alphafold2_ptm_model_1_seed_019.pdb ADDED TO iteration4 (0.23456069519069725 A) ######
###### UvrD_unrelaxed_rank_015_alphafold2_ptm_model_2_seed_010.pdb ADDED TO iteration4 (0.21421098267099992 A) ######
###### UvrD_unrelaxed_rank_001_alphafold2_ptm_model_1_seed_020.pdb ADDED TO iteration4 (0.23054304201034126 A) ######
###### UvrD_unrelaxed_rank_104_alphafold2_ptm_model_3_seed_021.pdb ADDED TO iteration4 (0.2262459873479272 A) ######
###### UvrD_unrelaxed_rank_003_alphafold2_ptm_model_1_seed_003.pdb ADDED TO iteration4 (0.23103397561481565 A) ######
###### UvrD_unrelaxed_rank_020_alphafold2_ptm_model_1_seed_021.pdb ADDED TO iteration4 (0.2257310839871646 A) ######
###### UvrD_unrelaxed_rank_004_alphafold2_ptm_model_1_seed_010.pdb ADDED TO iteration4 (0.23514056946832765 A) ######
###### UvrD_unrelaxed_rank_067_alphafold2_ptm_model_4_seed_010.pdb ADDED TO iteration4 (0.22942295750503242 A) ######
###### UvrD_unrelaxed_rank_111_alphafold2_ptm_model_3_seed_011.pdb ADDED TO iteration4 (0.29641995107625546 A) ######
###### UvrD_unrelaxed_rank_092_alphafold2_ptm_model_4_seed_007.pdb ADDED TO iteration4 (0.2780566308105673 A) ######
###### UvrD_unrelaxed_rank_111_alphafold2_ptm_model_3_seed_011_dupe1.pdb ADDED TO iteration4 (0.29641995107625546 A) ######
###### UvrD_unrelaxed_rank_111_alphafold2_ptm_model_3_seed_011_dupe2.pdb ADDED TO iteration4 (0.29641995107625546 A) ######
###### UvrD_unrelaxed_rank_092_alphafold2_ptm_model_4_seed_007_dupe1.pdb ADDED TO iteration4 (0.2780566308105673 A) ######
###### UvrD_unrelaxed_rank_111_alphafold2_ptm_model_3_seed_011_dupe3.pdb ADDED TO iteration4 (0.29641995107625546 A) ######
###### UvrD_unrelaxed_rank_092_alphafold2_ptm_model_4_seed_007_dupe2.pdb ADDED TO iteration4 (0.2780566308105673 A) ######
###### UvrD_unrelaxed_rank_092_alphafold2_ptm_model_4_seed_007_dupe3.pdb ADDED TO iteration4 (0.2780566308105673 A) ######
###### UvrD_unrelaxed_rank_092_alphafold2_ptm_model_4_seed_007_dupe4.pdb ADDED TO iteration4 (0.2780566308105673 A) ######
###### UvrD_unrelaxed_rank_092_alphafold2_ptm_model_4_seed_007_dupe5.pdb ADDED TO iteration4 (0.2780566308105673 A) ######
###### UvrD_unrelaxed_rank_092_alphafold2_ptm_model_4_seed_007_dupe6.pdb ADDED TO iteration4 (0.2780566308105673 A) ######
###### UvrD_unrelaxed_rank_092_alphafold2_ptm_model_4_seed_007_dupe7.pdb ADDED TO iteration4 (0.2780566308105673 A) ######
###### UvrD_unrelaxed_rank_111_alphafold2_ptm_model_3_seed_011_dupe4.pdb ADDED TO iteration4 (0.29641995107625546 A) ######
###### UvrD_unrelaxed_rank_111_alphafold2_ptm_model_3_seed_011_dupe5.pdb ADDED TO iteration4 (0.29641995107625546 A) ######
###### UvrD_unrelaxed_rank_111_alphafold2_ptm_model_3_seed_011_dupe6.pdb ADDED TO iteration4 (0.29641995107625546 A) ######
###### UvrD_unrelaxed_rank_092_alphafold2_ptm_model_4_seed_007_dupe8.pdb ADDED TO iteration4 (0.2780566308105673 A) ######
###### UvrD_unrelaxed_rank_111_alphafold2_ptm_model_3_seed_011_dupe7.pdb ADDED TO iteration4 (0.29641995107625546 A) ######
###### UvrD_unrelaxed_rank_111_alphafold2_ptm_model_3_seed_011_dupe8.pdb ADDED TO iteration4 (0.29641995107625546 A) ######
###### UvrD_unrelaxed_rank_111_alphafold2_ptm_model_3_seed_011_dupe9.pdb ADDED TO iteration4 (0.29641995107625546 A) ######
###### UvrD_unrelaxed_rank_092_alphafold2_ptm_model_4_seed_007_dupe9.pdb ADDED TO iteration4 (0.2780566308105673 A) ######
###### UvrD_unrelaxed_rank_092_alphafold2_ptm_model_4_seed_007_dupe10.pdb ADDED TO iteration4 (0.2780566308105673 A) ######
###### UvrD_unrelaxed_rank_118_alphafold2_ptm_model_3_seed_004.pdb ADDED TO iteration4 (0.3279862811805453 A) ######
###### UvrD_unrelaxed_rank_010_alphafold2_ptm_model_5_seed_008.pdb ADDED TO iteration4 (0.32444009305778215 A) ######
###### UvrD_unrelaxed_rank_118_alphafold2_ptm_model_3_seed_004_dupe1.pdb ADDED TO iteration4 (0.3279862811805453 A) ######
###### UvrD_unrelaxed_rank_118_alphafold2_ptm_model_3_seed_004_dupe2.pdb ADDED TO iteration4 (0.3279862811805453 A) ######
###### UvrD_unrelaxed_rank_010_alphafold2_ptm_model_5_seed_008_dupe1.pdb ADDED TO iteration4 (0.32444009305778215 A) ######
###### UvrD_unrelaxed_rank_010_alphafold2_ptm_model_5_seed_008_dupe2.pdb ADDED TO iteration4 (0.32444009305778215 A) ######
###### UvrD_unrelaxed_rank_118_alphafold2_ptm_model_3_seed_004_dupe3.pdb ADDED TO iteration4 (0.3279862811805453 A) ######
###### UvrD_unrelaxed_rank_105_alphafold2_ptm_model_3_seed_019.pdb ADDED TO iteration4 (0.3273227114089576 A) ######
###### UvrD_unrelaxed_rank_118_alphafold2_ptm_model_3_seed_004_dupe4.pdb ADDED TO iteration4 (0.3279862811805453 A) ######
###### UvrD_unrelaxed_rank_118_alphafold2_ptm_model_3_seed_004_dupe5.pdb ADDED TO iteration4 (0.3279862811805453 A) ######
###### UvrD_unrelaxed_rank_105_alphafold2_ptm_model_3_seed_019_dupe1.pdb ADDED TO iteration4 (0.3273227114089576 A) ######
###### UvrD_unrelaxed_rank_105_alphafold2_ptm_model_3_seed_019_dupe2.pdb ADDED TO iteration4 (0.3273227114089576 A) ######
###### UvrD_unrelaxed_rank_010_alphafold2_ptm_model_5_seed_008_dupe3.pdb ADDED TO iteration4 (0.32444009305778215 A) ######
###### UvrD_unrelaxed_rank_118_alphafold2_ptm_model_3_seed_004_dupe6.pdb ADDED TO iteration4 (0.3279862811805453 A) ######
###### UvrD_unrelaxed_rank_010_alphafold2_ptm_model_5_seed_008_dupe4.pdb ADDED TO iteration4 (0.32444009305778215 A) ######
###### UvrD_unrelaxed_rank_105_alphafold2_ptm_model_3_seed_019_dupe3.pdb ADDED TO iteration4 (0.3273227114089576 A) ######
###### UvrD_unrelaxed_rank_105_alphafold2_ptm_model_3_seed_019_dupe4.pdb ADDED TO iteration4 (0.3273227114089576 A) ######
###### UvrD_unrelaxed_rank_105_alphafold2_ptm_model_3_seed_019_dupe5.pdb ADDED TO iteration4 (0.3273227114089576 A) ######
###### UvrD_unrelaxed_rank_105_alphafold2_ptm_model_3_seed_019_dupe6.pdb ADDED TO iteration4 (0.3273227114089576 A) ######
###### UvrD_unrelaxed_rank_010_alphafold2_ptm_model_5_seed_008_dupe5.pdb ADDED TO iteration4 (0.32444009305778215 A) ######
###### UvrD_unrelaxed_rank_117_alphafold2_ptm_model_3_seed_008.pdb ADDED TO iteration4 (0.41759720045192783 A) ######
###### UvrD_unrelaxed_rank_123_alphafold2_ptm_model_3_seed_017.pdb ADDED TO iteration4 (0.4264314597318264 A) ######
###### UvrD_unrelaxed_rank_123_alphafold2_ptm_model_3_seed_017_dupe1.pdb ADDED TO iteration4 (0.4264314597318264 A) ######
###### UvrD_unrelaxed_rank_117_alphafold2_ptm_model_3_seed_008_dupe1.pdb ADDED TO iteration4 (0.41759720045192783 A) ######
###### UvrD_unrelaxed_rank_101_alphafold2_ptm_model_4_seed_017.pdb ADDED TO iteration4 (0.4374562564562476 A) ######
###### UvrD_unrelaxed_rank_101_alphafold2_ptm_model_4_seed_017_dupe1.pdb ADDED TO iteration4 (0.4374562564562476 A) ######
###### UvrD_unrelaxed_rank_110_alphafold2_ptm_model_3_seed_013.pdb ADDED TO iteration4 (0.47387621537359725 A) ######
###### UvrD_unrelaxed_rank_114_alphafold2_ptm_model_3_seed_003.pdb ADDED TO iteration4 (0.4578377514127674 A) ######
desired_count: 0
desired_count: 1
1
1
desired_count: 3
3
4
desired_count: 8
8
12
desired_count: 16
16
28
desired_count: 21
21
49
desired_count: 20
20
69
desired_count: 13
desired_count: 6
6
75
desired_count: 2
2
77
desired_count: 0
desired_count: 0
desired_count: 0
desired_count: 0
desired_count: 0
desired_count: 0
desired_count: 0
desired_count: 0
desired_count: 0
>>> APPENDING TO ITERATIONS DIRECTORY
###### UvrD_unrelaxed_rank_035_alphafold2_ptm_model_4_seed_000.pdb ADDED TO iteration5 (0.058172849433463 A) ######
###### UvrD_unrelaxed_rank_077_alphafold2_ptm_model_2_seed_002.pdb ADDED TO iteration5 (0.13548385160043386 A) ######
###### UvrD_unrelaxed_rank_069_alphafold2_ptm_model_3_seed_009.pdb ADDED TO iteration5 (0.10917731051140936 A) ######
###### UvrD_unrelaxed_rank_073_alphafold2_ptm_model_1_seed_003.pdb ADDED TO iteration5 (0.14595281354524248 A) ######
###### UvrD_unrelaxed_rank_063_alphafold2_ptm_model_1_seed_023.pdb ADDED TO iteration5 (0.18109669897056033 A) ######
###### UvrD_unrelaxed_rank_029_alphafold2_ptm_model_4_seed_011.pdb ADDED TO iteration5 (0.18265519191008775 A) ######
###### UvrD_unrelaxed_rank_121_alphafold2_ptm_model_3_seed_007.pdb ADDED TO iteration5 (0.19216494067384765 A) ######
###### UvrD_unrelaxed_rank_055_alphafold2_ptm_model_1_seed_008.pdb ADDED TO iteration5 (0.1650024492678281 A) ######
###### UvrD_unrelaxed_rank_071_alphafold2_ptm_model_1_seed_004.pdb ADDED TO iteration5 (0.15009760511100706 A) ######
###### UvrD_unrelaxed_rank_103_alphafold2_ptm_model_3_seed_010.pdb ADDED TO iteration5 (0.19137397591527272 A) ######
###### UvrD_unrelaxed_rank_074_alphafold2_ptm_model_1_seed_006.pdb ADDED TO iteration5 (0.15007966475320877 A) ######
###### UvrD_unrelaxed_rank_040_alphafold2_ptm_model_1_seed_010.pdb ADDED TO iteration5 (0.17620517019776666 A) ######
###### UvrD_unrelaxed_rank_051_alphafold2_ptm_model_1_seed_019.pdb ADDED TO iteration5 (0.2263644240243866 A) ######
###### UvrD_unrelaxed_rank_026_alphafold2_ptm_model_4_seed_010.pdb ADDED TO iteration5 (0.22942295750503242 A) ######
###### UvrD_unrelaxed_rank_026_alphafold2_ptm_model_4_seed_010_dupe1.pdb ADDED TO iteration5 (0.22942295750503242 A) ######
###### UvrD_unrelaxed_rank_026_alphafold2_ptm_model_4_seed_010_dupe2.pdb ADDED TO iteration5 (0.22942295750503242 A) ######
###### UvrD_unrelaxed_rank_104_alphafold2_ptm_model_3_seed_021.pdb ADDED TO iteration5 (0.2262459873479272 A) ######
###### UvrD_unrelaxed_rank_051_alphafold2_ptm_model_1_seed_019_dupe1.pdb ADDED TO iteration5 (0.2263644240243866 A) ######
###### UvrD_unrelaxed_rank_104_alphafold2_ptm_model_3_seed_021_dupe1.pdb ADDED TO iteration5 (0.2262459873479272 A) ######
###### UvrD_unrelaxed_rank_026_alphafold2_ptm_model_4_seed_010_dupe3.pdb ADDED TO iteration5 (0.22942295750503242 A) ######
###### UvrD_unrelaxed_rank_051_alphafold2_ptm_model_1_seed_019_dupe2.pdb ADDED TO iteration5 (0.2263644240243866 A) ######
###### UvrD_unrelaxed_rank_026_alphafold2_ptm_model_4_seed_010_dupe4.pdb ADDED TO iteration5 (0.22942295750503242 A) ######
###### UvrD_unrelaxed_rank_051_alphafold2_ptm_model_1_seed_019_dupe3.pdb ADDED TO iteration5 (0.2263644240243866 A) ######
###### UvrD_unrelaxed_rank_104_alphafold2_ptm_model_3_seed_021_dupe2.pdb ADDED TO iteration5 (0.2262459873479272 A) ######
###### UvrD_unrelaxed_rank_104_alphafold2_ptm_model_3_seed_021_dupe3.pdb ADDED TO iteration5 (0.2262459873479272 A) ######
###### UvrD_unrelaxed_rank_104_alphafold2_ptm_model_3_seed_021_dupe4.pdb ADDED TO iteration5 (0.2262459873479272 A) ######
###### UvrD_unrelaxed_rank_051_alphafold2_ptm_model_1_seed_019_dupe4.pdb ADDED TO iteration5 (0.2263644240243866 A) ######
###### UvrD_unrelaxed_rank_051_alphafold2_ptm_model_1_seed_019_dupe5.pdb ADDED TO iteration5 (0.2263644240243866 A) ######
###### UvrD_unrelaxed_rank_047_alphafold2_ptm_model_4_seed_007.pdb ADDED TO iteration5 (0.2780566308105673 A) ######
###### UvrD_unrelaxed_rank_111_alphafold2_ptm_model_3_seed_011.pdb ADDED TO iteration5 (0.29641995107625546 A) ######
###### UvrD_unrelaxed_rank_047_alphafold2_ptm_model_4_seed_007_dupe1.pdb ADDED TO iteration5 (0.2780566308105673 A) ######
###### UvrD_unrelaxed_rank_047_alphafold2_ptm_model_4_seed_007_dupe2.pdb ADDED TO iteration5 (0.2780566308105673 A) ######
###### UvrD_unrelaxed_rank_111_alphafold2_ptm_model_3_seed_011_dupe1.pdb ADDED TO iteration5 (0.29641995107625546 A) ######
###### UvrD_unrelaxed_rank_047_alphafold2_ptm_model_4_seed_007_dupe3.pdb ADDED TO iteration5 (0.2780566308105673 A) ######
###### UvrD_unrelaxed_rank_047_alphafold2_ptm_model_4_seed_007_dupe4.pdb ADDED TO iteration5 (0.2780566308105673 A) ######
###### UvrD_unrelaxed_rank_047_alphafold2_ptm_model_4_seed_007_dupe5.pdb ADDED TO iteration5 (0.2780566308105673 A) ######
###### UvrD_unrelaxed_rank_111_alphafold2_ptm_model_3_seed_011_dupe2.pdb ADDED TO iteration5 (0.29641995107625546 A) ######
###### UvrD_unrelaxed_rank_111_alphafold2_ptm_model_3_seed_011_dupe3.pdb ADDED TO iteration5 (0.29641995107625546 A) ######
###### UvrD_unrelaxed_rank_111_alphafold2_ptm_model_3_seed_011_dupe4.pdb ADDED TO iteration5 (0.29641995107625546 A) ######
###### UvrD_unrelaxed_rank_111_alphafold2_ptm_model_3_seed_011_dupe5.pdb ADDED TO iteration5 (0.29641995107625546 A) ######
###### UvrD_unrelaxed_rank_111_alphafold2_ptm_model_3_seed_011_dupe6.pdb ADDED TO iteration5 (0.29641995107625546 A) ######
###### UvrD_unrelaxed_rank_047_alphafold2_ptm_model_4_seed_007_dupe6.pdb ADDED TO iteration5 (0.2780566308105673 A) ######
###### UvrD_unrelaxed_rank_111_alphafold2_ptm_model_3_seed_011_dupe7.pdb ADDED TO iteration5 (0.29641995107625546 A) ######
###### UvrD_unrelaxed_rank_047_alphafold2_ptm_model_4_seed_007_dupe7.pdb ADDED TO iteration5 (0.2780566308105673 A) ######
###### UvrD_unrelaxed_rank_111_alphafold2_ptm_model_3_seed_011_dupe8.pdb ADDED TO iteration5 (0.29641995107625546 A) ######
###### UvrD_unrelaxed_rank_047_alphafold2_ptm_model_4_seed_007_dupe8.pdb ADDED TO iteration5 (0.2780566308105673 A) ######
###### UvrD_unrelaxed_rank_047_alphafold2_ptm_model_4_seed_007_dupe9.pdb ADDED TO iteration5 (0.2780566308105673 A) ######
###### UvrD_unrelaxed_rank_047_alphafold2_ptm_model_4_seed_007_dupe10.pdb ADDED TO iteration5 (0.2780566308105673 A) ######
###### UvrD_unrelaxed_rank_111_alphafold2_ptm_model_3_seed_011_dupe9.pdb ADDED TO iteration5 (0.29641995107625546 A) ######
###### UvrD_unrelaxed_rank_118_alphafold2_ptm_model_3_seed_004.pdb ADDED TO iteration5 (0.3279862811805453 A) ######
###### UvrD_unrelaxed_rank_105_alphafold2_ptm_model_3_seed_019.pdb ADDED TO iteration5 (0.3273227114089576 A) ######
###### UvrD_unrelaxed_rank_001_alphafold2_ptm_model_5_seed_008.pdb ADDED TO iteration5 (0.32444009305778215 A) ######
###### UvrD_unrelaxed_rank_105_alphafold2_ptm_model_3_seed_019_dupe1.pdb ADDED TO iteration5 (0.3273227114089576 A) ######
###### UvrD_unrelaxed_rank_001_alphafold2_ptm_model_5_seed_008_dupe1.pdb ADDED TO iteration5 (0.32444009305778215 A) ######
###### UvrD_unrelaxed_rank_105_alphafold2_ptm_model_3_seed_019_dupe2.pdb ADDED TO iteration5 (0.3273227114089576 A) ######
###### UvrD_unrelaxed_rank_118_alphafold2_ptm_model_3_seed_004_dupe1.pdb ADDED TO iteration5 (0.3279862811805453 A) ######
###### UvrD_unrelaxed_rank_118_alphafold2_ptm_model_3_seed_004_dupe2.pdb ADDED TO iteration5 (0.3279862811805453 A) ######
###### UvrD_unrelaxed_rank_105_alphafold2_ptm_model_3_seed_019_dupe3.pdb ADDED TO iteration5 (0.3273227114089576 A) ######
###### UvrD_unrelaxed_rank_105_alphafold2_ptm_model_3_seed_019_dupe4.pdb ADDED TO iteration5 (0.3273227114089576 A) ######
###### UvrD_unrelaxed_rank_001_alphafold2_ptm_model_5_seed_008_dupe2.pdb ADDED TO iteration5 (0.32444009305778215 A) ######
###### UvrD_unrelaxed_rank_001_alphafold2_ptm_model_5_seed_008_dupe3.pdb ADDED TO iteration5 (0.32444009305778215 A) ######
###### UvrD_unrelaxed_rank_001_alphafold2_ptm_model_5_seed_008_dupe4.pdb ADDED TO iteration5 (0.32444009305778215 A) ######
###### UvrD_unrelaxed_rank_105_alphafold2_ptm_model_3_seed_019_dupe5.pdb ADDED TO iteration5 (0.3273227114089576 A) ######
###### UvrD_unrelaxed_rank_118_alphafold2_ptm_model_3_seed_004_dupe3.pdb ADDED TO iteration5 (0.3279862811805453 A) ######
###### UvrD_unrelaxed_rank_001_alphafold2_ptm_model_5_seed_008_dupe5.pdb ADDED TO iteration5 (0.32444009305778215 A) ######
###### UvrD_unrelaxed_rank_105_alphafold2_ptm_model_3_seed_019_dupe6.pdb ADDED TO iteration5 (0.3273227114089576 A) ######
###### UvrD_unrelaxed_rank_001_alphafold2_ptm_model_5_seed_008_dupe6.pdb ADDED TO iteration5 (0.32444009305778215 A) ######
###### UvrD_unrelaxed_rank_118_alphafold2_ptm_model_3_seed_004_dupe4.pdb ADDED TO iteration5 (0.3279862811805453 A) ######
###### UvrD_unrelaxed_rank_118_alphafold2_ptm_model_3_seed_004_dupe5.pdb ADDED TO iteration5 (0.3279862811805453 A) ######
###### UvrD_unrelaxed_rank_123_alphafold2_ptm_model_3_seed_017.pdb ADDED TO iteration5 (0.4264314597318264 A) ######
###### UvrD_unrelaxed_rank_123_alphafold2_ptm_model_3_seed_017_dupe1.pdb ADDED TO iteration5 (0.4264314597318264 A) ######
###### UvrD_unrelaxed_rank_117_alphafold2_ptm_model_3_seed_008.pdb ADDED TO iteration5 (0.41759720045192783 A) ######
###### UvrD_unrelaxed_rank_086_alphafold2_ptm_model_4_seed_017.pdb ADDED TO iteration5 (0.4374562564562476 A) ######
###### UvrD_unrelaxed_rank_086_alphafold2_ptm_model_4_seed_017_dupe1.pdb ADDED TO iteration5 (0.4374562564562476 A) ######
###### UvrD_unrelaxed_rank_117_alphafold2_ptm_model_3_seed_008_dupe1.pdb ADDED TO iteration5 (0.41759720045192783 A) ######
###### UvrD_unrelaxed_rank_114_alphafold2_ptm_model_3_seed_003.pdb ADDED TO iteration5 (0.4578377514127674 A) ######
###### UvrD_unrelaxed_rank_110_alphafold2_ptm_model_3_seed_013.pdb ADDED TO iteration5 (0.47387621537359725 A) ######
>>> EXCEPTION WHEN APPENDING TO /home/lcirne/scratch/container-2/mod_counts.json: [Errno 2] No such file or directory: '/home/lcirne/scratch/container-2/mod_counts.json'
>>> APPENDING JSON TO /home/lcirne/scratch/container-2/mod_counts.json
###### COMPLETE ######
