*******************************

       ColabFold Wrapper

*******************************
>>> LOGGING AS: lcirne
Input file name in the format 'name.fasta': Input template directory: Desired number of recycles (integer) (max 5, min 0): Desired number of seeds (integer) (min 1): Desired value for n (integer) (min 10): Desired value for max number of msa's (integer) (min 1): WARNING: All log messages before absl::InitializeLog() is called are written to STDERR
E0000 00:00:1775180269.791973   24493 cuda_dnn.cc:8310] Unable to register cuDNN factory: Attempting to register factory for plugin cuDNN when one has already been registered
E0000 00:00:1775180269.800476   24493 cuda_blas.cc:1418] Unable to register cuBLAS factory: Attempting to register factory for plugin cuBLAS when one has already been registered
2026-04-02 21:37:56,280 Running colabfold 1.5.5 (e2ca9e8f992cd65c986de5b64885d5572d8b8ad9)
2026-04-02 21:37:56,955 Running on GPU
2026-04-02 21:37:57,666 Found 8 citations for tools or databases
2026-04-02 21:37:58,644 Query 1/1: UvrD (length 644)
  0%|          | 0/150 [elapsed: 00:00 remaining: ?]SUBMIT:   0%|          | 0/150 [elapsed: 00:00 remaining: ?]COMPLETE:   0%|          | 0/150 [elapsed: 00:00 remaining: ?]COMPLETE: 100%|██████████| 150/150 [elapsed: 00:00 remaining: 00:00]COMPLETE: 100%|██████████| 150/150 [elapsed: 00:03 remaining: 00:00]
WARNING: All log messages before absl::InitializeLog() is called are written to STDERR
I0000 00:00:1775180304.139490   24493 mlir_graph_optimization_pass.cc:401] MLIR V1 optimization pass is not enabled
2026-04-02 21:38:06,683 Sequence 0 found templates: ['abcd_A', 'efgh_A', 'abcd_A', 'efgh_A']
2026-04-02 21:38:14,453 Setting max_seq=16, max_extra_seq=32
2026-04-02 21:40:10,713 alphafold2_ptm_model_1_seed_000 recycle=0 pLDDT=80.4 pTM=0.754
2026-04-02 21:40:10,722 alphafold2_ptm_model_1_seed_000 took 98.1s (0 recycles)
2026-04-02 21:41:16,691 alphafold2_ptm_model_2_seed_000 recycle=0 pLDDT=80.5 pTM=0.689
2026-04-02 21:41:16,693 alphafold2_ptm_model_2_seed_000 took 65.3s (0 recycles)
2026-04-02 21:42:34,099 alphafold2_ptm_model_3_seed_000 recycle=0 pLDDT=55.5 pTM=0.39
2026-04-02 21:42:34,103 alphafold2_ptm_model_3_seed_000 took 76.7s (0 recycles)
2026-04-02 21:43:33,520 alphafold2_ptm_model_4_seed_000 recycle=0 pLDDT=69.2 pTM=0.45
2026-04-02 21:43:33,522 alphafold2_ptm_model_4_seed_000 took 58.7s (0 recycles)
2026-04-02 21:44:32,865 alphafold2_ptm_model_5_seed_000 recycle=0 pLDDT=74.9 pTM=0.521
2026-04-02 21:44:32,867 alphafold2_ptm_model_5_seed_000 took 58.7s (0 recycles)
2026-04-02 21:45:44,888 alphafold2_ptm_model_1_seed_001 recycle=0 pLDDT=79.8 pTM=0.78
2026-04-02 21:45:44,889 alphafold2_ptm_model_1_seed_001 took 64.6s (0 recycles)
2026-04-02 21:46:50,188 alphafold2_ptm_model_2_seed_001 recycle=0 pLDDT=80 pTM=0.721
2026-04-02 21:46:50,190 alphafold2_ptm_model_2_seed_001 took 64.6s (0 recycles)
2026-04-02 21:47:49,452 alphafold2_ptm_model_3_seed_001 recycle=0 pLDDT=23.5 pTM=0.493
2026-04-02 21:47:49,453 alphafold2_ptm_model_3_seed_001 took 58.6s (0 recycles)
2026-04-02 21:48:48,799 alphafold2_ptm_model_4_seed_001 recycle=0 pLDDT=68.2 pTM=0.418
2026-04-02 21:48:48,801 alphafold2_ptm_model_4_seed_001 took 58.7s (0 recycles)
2026-04-02 21:49:48,152 alphafold2_ptm_model_5_seed_001 recycle=0 pLDDT=72.5 pTM=0.469
2026-04-02 21:49:48,154 alphafold2_ptm_model_5_seed_001 took 58.7s (0 recycles)
2026-04-02 21:51:00,664 alphafold2_ptm_model_1_seed_002 recycle=0 pLDDT=81.6 pTM=0.754
2026-04-02 21:51:00,673 alphafold2_ptm_model_1_seed_002 took 65.3s (0 recycles)
2026-04-02 21:52:06,163 alphafold2_ptm_model_2_seed_002 recycle=0 pLDDT=82.3 pTM=0.711
2026-04-02 21:52:06,165 alphafold2_ptm_model_2_seed_002 took 64.8s (0 recycles)
2026-04-02 21:53:06,384 alphafold2_ptm_model_3_seed_002 recycle=0 pLDDT=29 pTM=0.553
2026-04-02 21:53:06,393 alphafold2_ptm_model_3_seed_002 took 59.5s (0 recycles)
2026-04-02 21:54:06,683 alphafold2_ptm_model_4_seed_002 recycle=0 pLDDT=63.3 pTM=0.429
2026-04-02 21:54:06,693 alphafold2_ptm_model_4_seed_002 took 59.6s (0 recycles)
2026-04-02 21:55:06,756 alphafold2_ptm_model_5_seed_002 recycle=0 pLDDT=72.2 pTM=0.494
2026-04-02 21:55:06,765 alphafold2_ptm_model_5_seed_002 took 59.3s (0 recycles)
2026-04-02 21:56:24,032 alphafold2_ptm_model_1_seed_003 recycle=0 pLDDT=78.4 pTM=0.765
2026-04-02 21:56:24,040 alphafold2_ptm_model_1_seed_003 took 65.4s (0 recycles)
2026-04-02 21:57:30,261 alphafold2_ptm_model_2_seed_003 recycle=0 pLDDT=79 pTM=0.668
2026-04-02 21:57:30,270 alphafold2_ptm_model_2_seed_003 took 65.5s (0 recycles)
2026-04-02 21:58:30,176 alphafold2_ptm_model_3_seed_003 recycle=0 pLDDT=36 pTM=0.227
2026-04-02 21:58:30,185 alphafold2_ptm_model_3_seed_003 took 59.2s (0 recycles)
2026-04-02 21:59:30,533 alphafold2_ptm_model_4_seed_003 recycle=0 pLDDT=68.9 pTM=0.458
2026-04-02 21:59:30,541 alphafold2_ptm_model_4_seed_003 took 59.7s (0 recycles)
2026-04-02 22:00:30,838 alphafold2_ptm_model_5_seed_003 recycle=0 pLDDT=70.6 pTM=0.48
2026-04-02 22:00:30,847 alphafold2_ptm_model_5_seed_003 took 59.6s (0 recycles)
2026-04-02 22:01:47,674 alphafold2_ptm_model_1_seed_004 recycle=0 pLDDT=76.1 pTM=0.739
2026-04-02 22:01:47,683 alphafold2_ptm_model_1_seed_004 took 65.1s (0 recycles)
2026-04-02 22:02:53,553 alphafold2_ptm_model_2_seed_004 recycle=0 pLDDT=77.6 pTM=0.652
2026-04-02 22:02:53,561 alphafold2_ptm_model_2_seed_004 took 65.2s (0 recycles)
2026-04-02 22:03:53,698 alphafold2_ptm_model_3_seed_004 recycle=0 pLDDT=32.7 pTM=0.196
2026-04-02 22:03:53,707 alphafold2_ptm_model_3_seed_004 took 59.5s (0 recycles)
2026-04-02 22:04:53,866 alphafold2_ptm_model_4_seed_004 recycle=0 pLDDT=67.1 pTM=0.428
2026-04-02 22:04:53,875 alphafold2_ptm_model_4_seed_004 took 59.5s (0 recycles)
2026-04-02 22:05:54,127 alphafold2_ptm_model_5_seed_004 recycle=0 pLDDT=75.1 pTM=0.543
2026-04-02 22:05:54,136 alphafold2_ptm_model_5_seed_004 took 59.6s (0 recycles)
2026-04-02 22:07:10,597 alphafold2_ptm_model_1_seed_005 recycle=0 pLDDT=74.8 pTM=0.686
2026-04-02 22:07:10,605 alphafold2_ptm_model_1_seed_005 took 64.3s (0 recycles)
2026-04-02 22:08:15,551 alphafold2_ptm_model_2_seed_005 recycle=0 pLDDT=75.9 pTM=0.618
2026-04-02 22:08:15,560 alphafold2_ptm_model_2_seed_005 took 64.3s (0 recycles)
2026-04-02 22:09:14,614 alphafold2_ptm_model_3_seed_005 recycle=0 pLDDT=29 pTM=0.646
2026-04-02 22:09:14,623 alphafold2_ptm_model_3_seed_005 took 58.4s (0 recycles)
2026-04-02 22:10:13,741 alphafold2_ptm_model_4_seed_005 recycle=0 pLDDT=66.7 pTM=0.449
2026-04-02 22:10:13,749 alphafold2_ptm_model_4_seed_005 took 58.4s (0 recycles)
2026-04-02 22:11:12,847 alphafold2_ptm_model_5_seed_005 recycle=0 pLDDT=74.2 pTM=0.556
2026-04-02 22:11:12,856 alphafold2_ptm_model_5_seed_005 took 58.4s (0 recycles)
2026-04-02 22:12:28,982 alphafold2_ptm_model_1_seed_006 recycle=0 pLDDT=78.8 pTM=0.737
2026-04-02 22:12:28,984 alphafold2_ptm_model_1_seed_006 took 64.4s (0 recycles)
2026-04-02 22:13:34,548 alphafold2_ptm_model_2_seed_006 recycle=0 pLDDT=79.4 pTM=0.696
2026-04-02 22:13:34,556 alphafold2_ptm_model_2_seed_006 took 64.9s (0 recycles)
2026-04-02 22:14:34,751 alphafold2_ptm_model_3_seed_006 recycle=0 pLDDT=45.8 pTM=0.29
2026-04-02 22:14:34,760 alphafold2_ptm_model_3_seed_006 took 59.5s (0 recycles)
2026-04-02 22:15:34,994 alphafold2_ptm_model_4_seed_006 recycle=0 pLDDT=68.1 pTM=0.435
2026-04-02 22:15:35,002 alphafold2_ptm_model_4_seed_006 took 59.5s (0 recycles)
2026-04-02 22:16:35,192 alphafold2_ptm_model_5_seed_006 recycle=0 pLDDT=77.8 pTM=0.599
2026-04-02 22:16:35,200 alphafold2_ptm_model_5_seed_006 took 59.5s (0 recycles)
2026-04-02 22:17:51,250 alphafold2_ptm_model_1_seed_007 recycle=0 pLDDT=73.2 pTM=0.733
2026-04-02 22:17:51,258 alphafold2_ptm_model_1_seed_007 took 64.3s (0 recycles)
2026-04-02 22:18:56,292 alphafold2_ptm_model_2_seed_007 recycle=0 pLDDT=77.6 pTM=0.677
2026-04-02 22:18:56,301 alphafold2_ptm_model_2_seed_007 took 64.4s (0 recycles)
2026-04-02 22:19:55,313 alphafold2_ptm_model_3_seed_007 recycle=0 pLDDT=28.6 pTM=0.329
2026-04-02 22:19:55,321 alphafold2_ptm_model_3_seed_007 took 58.3s (0 recycles)
2026-04-02 22:20:54,425 alphafold2_ptm_model_4_seed_007 recycle=0 pLDDT=67.6 pTM=0.417
2026-04-02 22:20:54,433 alphafold2_ptm_model_4_seed_007 took 58.4s (0 recycles)
2026-04-02 22:21:53,534 alphafold2_ptm_model_5_seed_007 recycle=0 pLDDT=74.4 pTM=0.507
2026-04-02 22:21:53,543 alphafold2_ptm_model_5_seed_007 took 58.4s (0 recycles)
2026-04-02 22:23:09,610 alphafold2_ptm_model_1_seed_008 recycle=0 pLDDT=81 pTM=0.785
2026-04-02 22:23:09,612 alphafold2_ptm_model_1_seed_008 took 64.4s (0 recycles)
2026-04-02 22:24:14,759 alphafold2_ptm_model_2_seed_008 recycle=0 pLDDT=80.5 pTM=0.685
2026-04-02 22:24:14,762 alphafold2_ptm_model_2_seed_008 took 64.5s (0 recycles)
2026-04-02 22:25:14,998 alphafold2_ptm_model_3_seed_008 recycle=0 pLDDT=35.5 pTM=0.592
2026-04-02 22:25:15,007 alphafold2_ptm_model_3_seed_008 took 59.5s (0 recycles)
2026-04-02 22:26:15,400 alphafold2_ptm_model_4_seed_008 recycle=0 pLDDT=74.8 pTM=0.479
2026-04-02 22:26:15,411 alphafold2_ptm_model_4_seed_008 took 59.7s (0 recycles)
2026-04-02 22:27:15,831 alphafold2_ptm_model_5_seed_008 recycle=0 pLDDT=80.6 pTM=0.633
2026-04-02 22:27:15,840 alphafold2_ptm_model_5_seed_008 took 59.7s (0 recycles)
2026-04-02 22:28:31,980 alphafold2_ptm_model_1_seed_009 recycle=0 pLDDT=81.1 pTM=0.773
2026-04-02 22:28:31,989 alphafold2_ptm_model_1_seed_009 took 64.4s (0 recycles)
2026-04-02 22:29:37,063 alphafold2_ptm_model_2_seed_009 recycle=0 pLDDT=81 pTM=0.702
2026-04-02 22:29:37,071 alphafold2_ptm_model_2_seed_009 took 64.4s (0 recycles)
2026-04-02 22:30:36,205 alphafold2_ptm_model_3_seed_009 recycle=0 pLDDT=60.8 pTM=0.413
2026-04-02 22:30:36,207 alphafold2_ptm_model_3_seed_009 took 58.5s (0 recycles)
2026-04-02 22:31:35,745 alphafold2_ptm_model_4_seed_009 recycle=0 pLDDT=76.1 pTM=0.458
2026-04-02 22:31:35,754 alphafold2_ptm_model_4_seed_009 took 58.8s (0 recycles)
2026-04-02 22:32:35,973 alphafold2_ptm_model_5_seed_009 recycle=0 pLDDT=75.6 pTM=0.503
2026-04-02 22:32:35,981 alphafold2_ptm_model_5_seed_009 took 59.5s (0 recycles)
2026-04-02 22:33:52,938 alphafold2_ptm_model_1_seed_010 recycle=0 pLDDT=83.5 pTM=0.785
2026-04-02 22:33:52,946 alphafold2_ptm_model_1_seed_010 took 65.2s (0 recycles)
2026-04-02 22:34:57,957 alphafold2_ptm_model_2_seed_010 recycle=0 pLDDT=81.7 pTM=0.722
2026-04-02 22:34:57,959 alphafold2_ptm_model_2_seed_010 took 64.3s (0 recycles)
2026-04-02 22:35:57,068 alphafold2_ptm_model_3_seed_010 recycle=0 pLDDT=49.7 pTM=0.333
2026-04-02 22:35:57,071 alphafold2_ptm_model_3_seed_010 took 58.4s (0 recycles)
2026-04-02 22:36:56,198 alphafold2_ptm_model_4_seed_010 recycle=0 pLDDT=71.6 pTM=0.44
2026-04-02 22:36:56,207 alphafold2_ptm_model_4_seed_010 took 58.4s (0 recycles)
2026-04-02 22:37:55,107 alphafold2_ptm_model_5_seed_010 recycle=0 pLDDT=72.2 pTM=0.519
2026-04-02 22:37:55,109 alphafold2_ptm_model_5_seed_010 took 58.2s (0 recycles)
2026-04-02 22:39:07,475 alphafold2_ptm_model_1_seed_011 recycle=0 pLDDT=82.5 pTM=0.794
2026-04-02 22:39:07,483 alphafold2_ptm_model_1_seed_011 took 65.1s (0 recycles)
2026-04-02 22:40:12,713 alphafold2_ptm_model_2_seed_011 recycle=0 pLDDT=81.2 pTM=0.729
2026-04-02 22:40:12,723 alphafold2_ptm_model_2_seed_011 took 64.5s (0 recycles)
2026-04-02 22:41:11,877 alphafold2_ptm_model_3_seed_011 recycle=0 pLDDT=37.6 pTM=0.292
2026-04-02 22:41:11,885 alphafold2_ptm_model_3_seed_011 took 58.5s (0 recycles)
2026-04-02 22:42:11,087 alphafold2_ptm_model_4_seed_011 recycle=0 pLDDT=71.2 pTM=0.448
2026-04-02 22:42:11,096 alphafold2_ptm_model_4_seed_011 took 58.5s (0 recycles)
2026-04-02 22:43:10,311 alphafold2_ptm_model_5_seed_011 recycle=0 pLDDT=77 pTM=0.593
2026-04-02 22:43:10,319 alphafold2_ptm_model_5_seed_011 took 58.5s (0 recycles)
2026-04-02 22:44:26,515 alphafold2_ptm_model_1_seed_012 recycle=0 pLDDT=80 pTM=0.763
2026-04-02 22:44:26,524 alphafold2_ptm_model_1_seed_012 took 64.5s (0 recycles)
2026-04-02 22:45:32,687 alphafold2_ptm_model_2_seed_012 recycle=0 pLDDT=78 pTM=0.659
2026-04-02 22:45:32,695 alphafold2_ptm_model_2_seed_012 took 65.5s (0 recycles)
2026-04-02 22:46:32,922 alphafold2_ptm_model_3_seed_012 recycle=0 pLDDT=30 pTM=0.305
2026-04-02 22:46:32,930 alphafold2_ptm_model_3_seed_012 took 59.5s (0 recycles)
2026-04-02 22:47:33,230 alphafold2_ptm_model_4_seed_012 recycle=0 pLDDT=68.8 pTM=0.429
2026-04-02 22:47:33,238 alphafold2_ptm_model_4_seed_012 took 59.6s (0 recycles)
2026-04-02 22:48:33,480 alphafold2_ptm_model_5_seed_012 recycle=0 pLDDT=77.3 pTM=0.589
2026-04-02 22:48:33,488 alphafold2_ptm_model_5_seed_012 took 59.6s (0 recycles)
2026-04-02 22:49:50,853 alphafold2_ptm_model_1_seed_013 recycle=0 pLDDT=81.2 pTM=0.779
2026-04-02 22:49:50,862 alphafold2_ptm_model_1_seed_013 took 65.3s (0 recycles)
2026-04-02 22:50:56,001 alphafold2_ptm_model_2_seed_013 recycle=0 pLDDT=79.8 pTM=0.697
2026-04-02 22:50:56,003 alphafold2_ptm_model_2_seed_013 took 64.4s (0 recycles)
2026-04-02 22:51:56,184 alphafold2_ptm_model_3_seed_013 recycle=0 pLDDT=41 pTM=0.253
2026-04-02 22:51:56,193 alphafold2_ptm_model_3_seed_013 took 59.5s (0 recycles)
2026-04-02 22:52:56,453 alphafold2_ptm_model_4_seed_013 recycle=0 pLDDT=69.9 pTM=0.451
2026-04-02 22:52:56,461 alphafold2_ptm_model_4_seed_013 took 59.6s (0 recycles)
2026-04-02 22:53:56,714 alphafold2_ptm_model_5_seed_013 recycle=0 pLDDT=73.3 pTM=0.507
2026-04-02 22:53:56,723 alphafold2_ptm_model_5_seed_013 took 59.6s (0 recycles)
2026-04-02 22:55:14,046 alphafold2_ptm_model_1_seed_014 recycle=0 pLDDT=77.6 pTM=0.741
2026-04-02 22:55:14,054 alphafold2_ptm_model_1_seed_014 took 65.2s (0 recycles)
2026-04-02 22:56:19,477 alphafold2_ptm_model_2_seed_014 recycle=0 pLDDT=75.9 pTM=0.636
2026-04-02 22:56:19,485 alphafold2_ptm_model_2_seed_014 took 64.7s (0 recycles)
2026-04-02 22:57:19,748 alphafold2_ptm_model_3_seed_014 recycle=0 pLDDT=35.4 pTM=0.234
2026-04-02 22:57:19,756 alphafold2_ptm_model_3_seed_014 took 59.6s (0 recycles)
2026-04-02 22:58:20,094 alphafold2_ptm_model_4_seed_014 recycle=0 pLDDT=66.9 pTM=0.42
2026-04-02 22:58:20,102 alphafold2_ptm_model_4_seed_014 took 59.7s (0 recycles)
2026-04-02 22:59:20,340 alphafold2_ptm_model_5_seed_014 recycle=0 pLDDT=69.4 pTM=0.484
2026-04-02 22:59:20,348 alphafold2_ptm_model_5_seed_014 took 59.5s (0 recycles)
2026-04-02 23:00:36,985 alphafold2_ptm_model_1_seed_015 recycle=0 pLDDT=78.9 pTM=0.768
2026-04-02 23:00:36,986 alphafold2_ptm_model_1_seed_015 took 64.4s (0 recycles)
2026-04-02 23:01:42,399 alphafold2_ptm_model_2_seed_015 recycle=0 pLDDT=77.6 pTM=0.673
2026-04-02 23:01:42,408 alphafold2_ptm_model_2_seed_015 took 64.7s (0 recycles)
2026-04-02 23:02:41,446 alphafold2_ptm_model_3_seed_015 recycle=0 pLDDT=27.1 pTM=0.292
2026-04-02 23:02:41,447 alphafold2_ptm_model_3_seed_015 took 58.3s (0 recycles)
2026-04-02 23:03:40,596 alphafold2_ptm_model_4_seed_015 recycle=0 pLDDT=68.2 pTM=0.462
2026-04-02 23:03:40,605 alphafold2_ptm_model_4_seed_015 took 58.5s (0 recycles)
2026-04-02 23:04:39,771 alphafold2_ptm_model_5_seed_015 recycle=0 pLDDT=72.4 pTM=0.494
2026-04-02 23:04:39,779 alphafold2_ptm_model_5_seed_015 took 58.5s (0 recycles)
2026-04-02 23:05:55,873 alphafold2_ptm_model_1_seed_016 recycle=0 pLDDT=78.4 pTM=0.777
2026-04-02 23:05:55,881 alphafold2_ptm_model_1_seed_016 took 64.4s (0 recycles)
2026-04-02 23:07:00,884 alphafold2_ptm_model_2_seed_016 recycle=0 pLDDT=75.6 pTM=0.65
2026-04-02 23:07:00,892 alphafold2_ptm_model_2_seed_016 took 64.3s (0 recycles)
2026-04-02 23:07:59,965 alphafold2_ptm_model_3_seed_016 recycle=0 pLDDT=43.4 pTM=0.299
2026-04-02 23:07:59,973 alphafold2_ptm_model_3_seed_016 took 58.4s (0 recycles)
2026-04-02 23:08:59,075 alphafold2_ptm_model_4_seed_016 recycle=0 pLDDT=72.6 pTM=0.466
2026-04-02 23:08:59,084 alphafold2_ptm_model_4_seed_016 took 58.4s (0 recycles)
2026-04-02 23:09:58,211 alphafold2_ptm_model_5_seed_016 recycle=0 pLDDT=75.6 pTM=0.556
2026-04-02 23:09:58,220 alphafold2_ptm_model_5_seed_016 took 58.5s (0 recycles)
2026-04-02 23:11:14,883 alphafold2_ptm_model_1_seed_017 recycle=0 pLDDT=71.4 pTM=0.701
2026-04-02 23:11:14,892 alphafold2_ptm_model_1_seed_017 took 65.0s (0 recycles)
2026-04-02 23:12:19,878 alphafold2_ptm_model_2_seed_017 recycle=0 pLDDT=75.8 pTM=0.654
2026-04-02 23:12:19,886 alphafold2_ptm_model_2_seed_017 took 64.3s (0 recycles)
2026-04-02 23:13:18,747 alphafold2_ptm_model_3_seed_017 recycle=0 pLDDT=27.3 pTM=0.334
2026-04-02 23:13:18,749 alphafold2_ptm_model_3_seed_017 took 58.2s (0 recycles)
2026-04-02 23:14:18,149 alphafold2_ptm_model_4_seed_017 recycle=0 pLDDT=56.7 pTM=0.371
2026-04-02 23:14:18,157 alphafold2_ptm_model_4_seed_017 took 58.7s (0 recycles)
2026-04-02 23:15:18,286 alphafold2_ptm_model_5_seed_017 recycle=0 pLDDT=73.8 pTM=0.478
2026-04-02 23:15:18,294 alphafold2_ptm_model_5_seed_017 took 59.4s (0 recycles)
2026-04-02 23:16:35,355 alphafold2_ptm_model_1_seed_018 recycle=0 pLDDT=80.8 pTM=0.759
2026-04-02 23:16:35,364 alphafold2_ptm_model_1_seed_018 took 65.4s (0 recycles)
2026-04-02 23:17:40,398 alphafold2_ptm_model_2_seed_018 recycle=0 pLDDT=80.7 pTM=0.689
2026-04-02 23:17:40,399 alphafold2_ptm_model_2_seed_018 took 64.3s (0 recycles)
2026-04-02 23:18:40,558 alphafold2_ptm_model_3_seed_018 recycle=0 pLDDT=45.3 pTM=0.298
2026-04-02 23:18:40,566 alphafold2_ptm_model_3_seed_018 took 59.5s (0 recycles)
2026-04-02 23:19:40,756 alphafold2_ptm_model_4_seed_018 recycle=0 pLDDT=68 pTM=0.446
2026-04-02 23:19:40,764 alphafold2_ptm_model_4_seed_018 took 59.5s (0 recycles)
2026-04-02 23:20:40,888 alphafold2_ptm_model_5_seed_018 recycle=0 pLDDT=75 pTM=0.556
2026-04-02 23:20:40,896 alphafold2_ptm_model_5_seed_018 took 59.4s (0 recycles)
2026-04-02 23:21:57,085 alphafold2_ptm_model_1_seed_019 recycle=0 pLDDT=80.2 pTM=0.759
2026-04-02 23:21:57,094 alphafold2_ptm_model_1_seed_019 took 64.4s (0 recycles)
2026-04-02 23:23:02,176 alphafold2_ptm_model_2_seed_019 recycle=0 pLDDT=81.6 pTM=0.702
2026-04-02 23:23:02,184 alphafold2_ptm_model_2_seed_019 took 64.4s (0 recycles)
2026-04-02 23:24:01,365 alphafold2_ptm_model_3_seed_019 recycle=0 pLDDT=48.5 pTM=0.307
2026-04-02 23:24:01,373 alphafold2_ptm_model_3_seed_019 took 58.5s (0 recycles)
2026-04-02 23:25:00,588 alphafold2_ptm_model_4_seed_019 recycle=0 pLDDT=72.8 pTM=0.482
2026-04-02 23:25:00,597 alphafold2_ptm_model_4_seed_019 took 58.5s (0 recycles)
2026-04-02 23:25:59,816 alphafold2_ptm_model_5_seed_019 recycle=0 pLDDT=77.1 pTM=0.543
2026-04-02 23:25:59,825 alphafold2_ptm_model_5_seed_019 took 58.6s (0 recycles)
2026-04-02 23:27:16,517 alphafold2_ptm_model_1_seed_020 recycle=0 pLDDT=82.8 pTM=0.785
2026-04-02 23:27:16,525 alphafold2_ptm_model_1_seed_020 took 64.8s (0 recycles)
2026-04-02 23:28:21,628 alphafold2_ptm_model_2_seed_020 recycle=0 pLDDT=81.9 pTM=0.728
2026-04-02 23:28:21,629 alphafold2_ptm_model_2_seed_020 took 64.4s (0 recycles)
2026-04-02 23:29:20,774 alphafold2_ptm_model_3_seed_020 recycle=0 pLDDT=35.9 pTM=0.639
2026-04-02 23:29:20,783 alphafold2_ptm_model_3_seed_020 took 58.5s (0 recycles)
2026-04-02 23:30:19,996 alphafold2_ptm_model_4_seed_020 recycle=0 pLDDT=68.9 pTM=0.444
2026-04-02 23:30:20,005 alphafold2_ptm_model_4_seed_020 took 58.5s (0 recycles)
2026-04-02 23:31:19,174 alphafold2_ptm_model_5_seed_020 recycle=0 pLDDT=67.9 pTM=0.583
2026-04-02 23:31:19,182 alphafold2_ptm_model_5_seed_020 took 58.5s (0 recycles)
2026-04-02 23:32:35,562 alphafold2_ptm_model_1_seed_021 recycle=0 pLDDT=80.2 pTM=0.769
2026-04-02 23:32:35,564 alphafold2_ptm_model_1_seed_021 took 64.4s (0 recycles)
2026-04-02 23:33:41,383 alphafold2_ptm_model_2_seed_021 recycle=0 pLDDT=79.8 pTM=0.692
2026-04-02 23:33:41,394 alphafold2_ptm_model_2_seed_021 took 65.1s (0 recycles)
2026-04-02 23:34:41,238 alphafold2_ptm_model_3_seed_021 recycle=0 pLDDT=50.1 pTM=0.303
2026-04-02 23:34:41,240 alphafold2_ptm_model_3_seed_021 took 59.1s (0 recycles)
2026-04-02 23:35:41,007 alphafold2_ptm_model_4_seed_021 recycle=0 pLDDT=72.3 pTM=0.471
2026-04-02 23:35:41,016 alphafold2_ptm_model_4_seed_021 took 59.1s (0 recycles)
2026-04-02 23:36:40,634 alphafold2_ptm_model_5_seed_021 recycle=0 pLDDT=77.2 pTM=0.53
2026-04-02 23:36:40,636 alphafold2_ptm_model_5_seed_021 took 58.9s (0 recycles)
2026-04-02 23:37:52,584 alphafold2_ptm_model_1_seed_022 recycle=0 pLDDT=73.1 pTM=0.665
2026-04-02 23:37:52,586 alphafold2_ptm_model_1_seed_022 took 64.7s (0 recycles)
2026-04-02 23:38:57,695 alphafold2_ptm_model_2_seed_022 recycle=0 pLDDT=73.9 pTM=0.612
2026-04-02 23:38:57,696 alphafold2_ptm_model_2_seed_022 took 64.4s (0 recycles)
2026-04-02 23:39:56,842 alphafold2_ptm_model_3_seed_022 recycle=0 pLDDT=41 pTM=0.42
2026-04-02 23:39:56,843 alphafold2_ptm_model_3_seed_022 took 58.5s (0 recycles)
2026-04-02 23:40:55,995 alphafold2_ptm_model_4_seed_022 recycle=0 pLDDT=71.6 pTM=0.542
2026-04-02 23:40:55,996 alphafold2_ptm_model_4_seed_022 took 58.5s (0 recycles)
2026-04-02 23:41:55,168 alphafold2_ptm_model_5_seed_022 recycle=0 pLDDT=77.8 pTM=0.714
2026-04-02 23:41:55,170 alphafold2_ptm_model_5_seed_022 took 58.5s (0 recycles)
2026-04-02 23:43:07,460 alphafold2_ptm_model_1_seed_023 recycle=0 pLDDT=77.1 pTM=0.74
2026-04-02 23:43:07,469 alphafold2_ptm_model_1_seed_023 took 65.0s (0 recycles)
2026-04-02 23:44:13,590 alphafold2_ptm_model_2_seed_023 recycle=0 pLDDT=77.5 pTM=0.686
2026-04-02 23:44:13,601 alphafold2_ptm_model_2_seed_023 took 65.4s (0 recycles)
2026-04-02 23:45:13,598 alphafold2_ptm_model_3_seed_023 recycle=0 pLDDT=35.1 pTM=0.246
2026-04-02 23:45:13,600 alphafold2_ptm_model_3_seed_023 took 59.3s (0 recycles)
2026-04-02 23:46:13,207 alphafold2_ptm_model_4_seed_023 recycle=0 pLDDT=69.1 pTM=0.467
2026-04-02 23:46:13,216 alphafold2_ptm_model_4_seed_023 took 58.9s (0 recycles)
2026-04-02 23:47:12,514 alphafold2_ptm_model_5_seed_023 recycle=0 pLDDT=76.1 pTM=0.727
2026-04-02 23:47:12,516 alphafold2_ptm_model_5_seed_023 took 58.6s (0 recycles)
2026-04-02 23:48:24,379 alphafold2_ptm_model_1_seed_024 recycle=0 pLDDT=80.4 pTM=0.782
2026-04-02 23:48:24,388 alphafold2_ptm_model_1_seed_024 took 64.6s (0 recycles)
2026-04-02 23:49:30,609 alphafold2_ptm_model_2_seed_024 recycle=0 pLDDT=78.3 pTM=0.685
2026-04-02 23:49:30,619 alphafold2_ptm_model_2_seed_024 took 65.5s (0 recycles)
2026-04-02 23:50:30,288 alphafold2_ptm_model_3_seed_024 recycle=0 pLDDT=38.1 pTM=0.302
2026-04-02 23:50:30,296 alphafold2_ptm_model_3_seed_024 took 59.0s (0 recycles)
2026-04-02 23:51:29,533 alphafold2_ptm_model_4_seed_024 recycle=0 pLDDT=68.1 pTM=0.428
2026-04-02 23:51:29,534 alphafold2_ptm_model_4_seed_024 took 58.5s (0 recycles)
2026-04-02 23:52:28,809 alphafold2_ptm_model_5_seed_024 recycle=0 pLDDT=70.9 pTM=0.459
2026-04-02 23:52:28,812 alphafold2_ptm_model_5_seed_024 took 58.6s (0 recycles)
2026-04-02 23:52:29,513 reranking models by 'plddt' metric
2026-04-02 23:52:29,514 rank_001_alphafold2_ptm_model_1_seed_010 pLDDT=83.5 pTM=0.785
2026-04-02 23:52:29,515 rank_002_alphafold2_ptm_model_1_seed_020 pLDDT=82.8 pTM=0.785
2026-04-02 23:52:29,517 rank_003_alphafold2_ptm_model_1_seed_011 pLDDT=82.5 pTM=0.794
2026-04-02 23:52:29,519 rank_004_alphafold2_ptm_model_2_seed_002 pLDDT=82.3 pTM=0.711
2026-04-02 23:52:29,521 rank_005_alphafold2_ptm_model_2_seed_020 pLDDT=81.9 pTM=0.728
2026-04-02 23:52:29,523 rank_006_alphafold2_ptm_model_2_seed_010 pLDDT=81.7 pTM=0.722
2026-04-02 23:52:29,524 rank_007_alphafold2_ptm_model_2_seed_019 pLDDT=81.6 pTM=0.702
2026-04-02 23:52:29,526 rank_008_alphafold2_ptm_model_1_seed_002 pLDDT=81.6 pTM=0.754
2026-04-02 23:52:29,528 rank_009_alphafold2_ptm_model_2_seed_011 pLDDT=81.2 pTM=0.729
2026-04-02 23:52:29,529 rank_010_alphafold2_ptm_model_1_seed_013 pLDDT=81.2 pTM=0.779
2026-04-02 23:52:29,531 rank_011_alphafold2_ptm_model_1_seed_009 pLDDT=81.1 pTM=0.773
2026-04-02 23:52:29,533 rank_012_alphafold2_ptm_model_2_seed_009 pLDDT=81 pTM=0.702
2026-04-02 23:52:29,534 rank_013_alphafold2_ptm_model_1_seed_008 pLDDT=81 pTM=0.785
2026-04-02 23:52:29,536 rank_014_alphafold2_ptm_model_1_seed_018 pLDDT=80.8 pTM=0.759
2026-04-02 23:52:29,538 rank_015_alphafold2_ptm_model_2_seed_018 pLDDT=80.7 pTM=0.689
2026-04-02 23:52:29,539 rank_016_alphafold2_ptm_model_5_seed_008 pLDDT=80.6 pTM=0.633
2026-04-02 23:52:29,541 rank_017_alphafold2_ptm_model_2_seed_008 pLDDT=80.5 pTM=0.685
2026-04-02 23:52:29,543 rank_018_alphafold2_ptm_model_2_seed_000 pLDDT=80.5 pTM=0.689
2026-04-02 23:52:29,544 rank_019_alphafold2_ptm_model_1_seed_000 pLDDT=80.4 pTM=0.754
2026-04-02 23:52:29,546 rank_020_alphafold2_ptm_model_1_seed_024 pLDDT=80.4 pTM=0.782
2026-04-02 23:52:29,547 rank_021_alphafold2_ptm_model_1_seed_019 pLDDT=80.2 pTM=0.759
2026-04-02 23:52:29,549 rank_022_alphafold2_ptm_model_1_seed_021 pLDDT=80.2 pTM=0.769
2026-04-02 23:52:29,551 rank_023_alphafold2_ptm_model_1_seed_012 pLDDT=80 pTM=0.763
2026-04-02 23:52:29,552 rank_024_alphafold2_ptm_model_2_seed_001 pLDDT=80 pTM=0.721
2026-04-02 23:52:29,554 rank_025_alphafold2_ptm_model_1_seed_001 pLDDT=79.8 pTM=0.78
2026-04-02 23:52:29,559 rank_026_alphafold2_ptm_model_2_seed_013 pLDDT=79.8 pTM=0.697
2026-04-02 23:52:29,560 rank_027_alphafold2_ptm_model_2_seed_021 pLDDT=79.8 pTM=0.692
2026-04-02 23:52:29,561 rank_028_alphafold2_ptm_model_2_seed_006 pLDDT=79.4 pTM=0.696
2026-04-02 23:52:29,563 rank_029_alphafold2_ptm_model_2_seed_003 pLDDT=79 pTM=0.668
2026-04-02 23:52:29,565 rank_030_alphafold2_ptm_model_1_seed_015 pLDDT=78.9 pTM=0.768
2026-04-02 23:52:29,567 rank_031_alphafold2_ptm_model_1_seed_006 pLDDT=78.8 pTM=0.737
2026-04-02 23:52:29,568 rank_032_alphafold2_ptm_model_1_seed_003 pLDDT=78.4 pTM=0.765
2026-04-02 23:52:29,570 rank_033_alphafold2_ptm_model_1_seed_016 pLDDT=78.4 pTM=0.777
2026-04-02 23:52:29,571 rank_034_alphafold2_ptm_model_2_seed_024 pLDDT=78.3 pTM=0.685
2026-04-02 23:52:29,573 rank_035_alphafold2_ptm_model_2_seed_012 pLDDT=78 pTM=0.659
2026-04-02 23:52:29,575 rank_036_alphafold2_ptm_model_5_seed_022 pLDDT=77.8 pTM=0.714
2026-04-02 23:52:29,576 rank_037_alphafold2_ptm_model_5_seed_006 pLDDT=77.8 pTM=0.599
2026-04-02 23:52:29,578 rank_038_alphafold2_ptm_model_2_seed_004 pLDDT=77.6 pTM=0.652
2026-04-02 23:52:29,580 rank_039_alphafold2_ptm_model_1_seed_014 pLDDT=77.6 pTM=0.741
2026-04-02 23:52:29,581 rank_040_alphafold2_ptm_model_2_seed_007 pLDDT=77.6 pTM=0.677
2026-04-02 23:52:29,583 rank_041_alphafold2_ptm_model_2_seed_015 pLDDT=77.6 pTM=0.673
2026-04-02 23:52:29,585 rank_042_alphafold2_ptm_model_2_seed_023 pLDDT=77.5 pTM=0.686
2026-04-02 23:52:29,587 rank_043_alphafold2_ptm_model_5_seed_012 pLDDT=77.3 pTM=0.589
2026-04-02 23:52:29,588 rank_044_alphafold2_ptm_model_5_seed_021 pLDDT=77.2 pTM=0.53
2026-04-02 23:52:29,590 rank_045_alphafold2_ptm_model_1_seed_023 pLDDT=77.1 pTM=0.74
2026-04-02 23:52:29,592 rank_046_alphafold2_ptm_model_5_seed_019 pLDDT=77.1 pTM=0.543
2026-04-02 23:52:29,593 rank_047_alphafold2_ptm_model_5_seed_011 pLDDT=77 pTM=0.593
2026-04-02 23:52:29,595 rank_048_alphafold2_ptm_model_5_seed_023 pLDDT=76.1 pTM=0.727
2026-04-02 23:52:29,597 rank_049_alphafold2_ptm_model_4_seed_009 pLDDT=76.1 pTM=0.458
2026-04-02 23:52:29,599 rank_050_alphafold2_ptm_model_1_seed_004 pLDDT=76.1 pTM=0.739
2026-04-02 23:52:29,600 rank_051_alphafold2_ptm_model_2_seed_005 pLDDT=75.9 pTM=0.618
2026-04-02 23:52:29,602 rank_052_alphafold2_ptm_model_2_seed_014 pLDDT=75.9 pTM=0.636
2026-04-02 23:52:29,603 rank_053_alphafold2_ptm_model_2_seed_017 pLDDT=75.8 pTM=0.654
2026-04-02 23:52:29,605 rank_054_alphafold2_ptm_model_5_seed_016 pLDDT=75.6 pTM=0.556
2026-04-02 23:52:29,606 rank_055_alphafold2_ptm_model_5_seed_009 pLDDT=75.6 pTM=0.503
2026-04-02 23:52:29,608 rank_056_alphafold2_ptm_model_2_seed_016 pLDDT=75.6 pTM=0.65
2026-04-02 23:52:29,609 rank_057_alphafold2_ptm_model_5_seed_004 pLDDT=75.1 pTM=0.543
2026-04-02 23:52:29,611 rank_058_alphafold2_ptm_model_5_seed_018 pLDDT=75 pTM=0.556
2026-04-02 23:52:29,613 rank_059_alphafold2_ptm_model_5_seed_000 pLDDT=74.9 pTM=0.521
2026-04-02 23:52:29,614 rank_060_alphafold2_ptm_model_1_seed_005 pLDDT=74.8 pTM=0.686
2026-04-02 23:52:29,616 rank_061_alphafold2_ptm_model_4_seed_008 pLDDT=74.8 pTM=0.479
2026-04-02 23:52:29,617 rank_062_alphafold2_ptm_model_5_seed_007 pLDDT=74.4 pTM=0.507
2026-04-02 23:52:29,619 rank_063_alphafold2_ptm_model_5_seed_005 pLDDT=74.2 pTM=0.556
2026-04-02 23:52:29,621 rank_064_alphafold2_ptm_model_2_seed_022 pLDDT=73.9 pTM=0.612
2026-04-02 23:52:29,622 rank_065_alphafold2_ptm_model_5_seed_017 pLDDT=73.8 pTM=0.478
2026-04-02 23:52:29,624 rank_066_alphafold2_ptm_model_5_seed_013 pLDDT=73.3 pTM=0.507
2026-04-02 23:52:29,626 rank_067_alphafold2_ptm_model_1_seed_007 pLDDT=73.2 pTM=0.733
2026-04-02 23:52:29,627 rank_068_alphafold2_ptm_model_1_seed_022 pLDDT=73.1 pTM=0.665
2026-04-02 23:52:29,629 rank_069_alphafold2_ptm_model_4_seed_019 pLDDT=72.8 pTM=0.482
2026-04-02 23:52:29,630 rank_070_alphafold2_ptm_model_4_seed_016 pLDDT=72.6 pTM=0.466
2026-04-02 23:52:29,632 rank_071_alphafold2_ptm_model_5_seed_001 pLDDT=72.5 pTM=0.469
2026-04-02 23:52:29,634 rank_072_alphafold2_ptm_model_5_seed_015 pLDDT=72.4 pTM=0.494
2026-04-02 23:52:29,635 rank_073_alphafold2_ptm_model_4_seed_021 pLDDT=72.3 pTM=0.471
2026-04-02 23:52:29,637 rank_074_alphafold2_ptm_model_5_seed_002 pLDDT=72.2 pTM=0.494
2026-04-02 23:52:29,639 rank_075_alphafold2_ptm_model_5_seed_010 pLDDT=72.2 pTM=0.519
2026-04-02 23:52:29,640 rank_076_alphafold2_ptm_model_4_seed_010 pLDDT=71.6 pTM=0.44
2026-04-02 23:52:29,642 rank_077_alphafold2_ptm_model_4_seed_022 pLDDT=71.6 pTM=0.542
2026-04-02 23:52:29,644 rank_078_alphafold2_ptm_model_1_seed_017 pLDDT=71.4 pTM=0.701
2026-04-02 23:52:29,645 rank_079_alphafold2_ptm_model_4_seed_011 pLDDT=71.2 pTM=0.448
2026-04-02 23:52:29,647 rank_080_alphafold2_ptm_model_5_seed_024 pLDDT=70.9 pTM=0.459
2026-04-02 23:52:29,648 rank_081_alphafold2_ptm_model_5_seed_003 pLDDT=70.6 pTM=0.48
2026-04-02 23:52:29,650 rank_082_alphafold2_ptm_model_4_seed_013 pLDDT=69.9 pTM=0.451
2026-04-02 23:52:29,652 rank_083_alphafold2_ptm_model_5_seed_014 pLDDT=69.4 pTM=0.484
2026-04-02 23:52:29,653 rank_084_alphafold2_ptm_model_4_seed_000 pLDDT=69.2 pTM=0.45
2026-04-02 23:52:29,655 rank_085_alphafold2_ptm_model_4_seed_023 pLDDT=69.1 pTM=0.467
2026-04-02 23:52:29,656 rank_086_alphafold2_ptm_model_4_seed_020 pLDDT=68.9 pTM=0.444
2026-04-02 23:52:29,658 rank_087_alphafold2_ptm_model_4_seed_003 pLDDT=68.9 pTM=0.458
2026-04-02 23:52:29,660 rank_088_alphafold2_ptm_model_4_seed_012 pLDDT=68.8 pTM=0.429
2026-04-02 23:52:29,662 rank_089_alphafold2_ptm_model_4_seed_001 pLDDT=68.2 pTM=0.418
2026-04-02 23:52:29,663 rank_090_alphafold2_ptm_model_4_seed_015 pLDDT=68.2 pTM=0.462
2026-04-02 23:52:29,665 rank_091_alphafold2_ptm_model_4_seed_006 pLDDT=68.1 pTM=0.435
2026-04-02 23:52:29,666 rank_092_alphafold2_ptm_model_4_seed_024 pLDDT=68.1 pTM=0.428
2026-04-02 23:52:29,668 rank_093_alphafold2_ptm_model_4_seed_018 pLDDT=68 pTM=0.446
2026-04-02 23:52:29,669 rank_094_alphafold2_ptm_model_5_seed_020 pLDDT=67.9 pTM=0.583
2026-04-02 23:52:29,670 rank_095_alphafold2_ptm_model_4_seed_007 pLDDT=67.6 pTM=0.417
2026-04-02 23:52:29,672 rank_096_alphafold2_ptm_model_4_seed_004 pLDDT=67.1 pTM=0.428
2026-04-02 23:52:29,674 rank_097_alphafold2_ptm_model_4_seed_014 pLDDT=66.9 pTM=0.42
2026-04-02 23:52:29,675 rank_098_alphafold2_ptm_model_4_seed_005 pLDDT=66.7 pTM=0.449
2026-04-02 23:52:29,677 rank_099_alphafold2_ptm_model_4_seed_002 pLDDT=63.3 pTM=0.429
2026-04-02 23:52:29,679 rank_100_alphafold2_ptm_model_3_seed_009 pLDDT=60.8 pTM=0.413
2026-04-02 23:52:29,680 rank_101_alphafold2_ptm_model_4_seed_017 pLDDT=56.7 pTM=0.371
2026-04-02 23:52:29,682 rank_102_alphafold2_ptm_model_3_seed_000 pLDDT=55.5 pTM=0.39
2026-04-02 23:52:29,683 rank_103_alphafold2_ptm_model_3_seed_021 pLDDT=50.1 pTM=0.303
2026-04-02 23:52:29,685 rank_104_alphafold2_ptm_model_3_seed_010 pLDDT=49.7 pTM=0.333
2026-04-02 23:52:29,687 rank_105_alphafold2_ptm_model_3_seed_019 pLDDT=48.5 pTM=0.307
2026-04-02 23:52:29,688 rank_106_alphafold2_ptm_model_3_seed_006 pLDDT=45.8 pTM=0.29
2026-04-02 23:52:29,690 rank_107_alphafold2_ptm_model_3_seed_018 pLDDT=45.3 pTM=0.298
2026-04-02 23:52:29,692 rank_108_alphafold2_ptm_model_3_seed_016 pLDDT=43.4 pTM=0.299
2026-04-02 23:52:29,693 rank_109_alphafold2_ptm_model_3_seed_013 pLDDT=41 pTM=0.253
2026-04-02 23:52:29,695 rank_110_alphafold2_ptm_model_3_seed_022 pLDDT=41 pTM=0.42
2026-04-02 23:52:29,696 rank_111_alphafold2_ptm_model_3_seed_024 pLDDT=38.1 pTM=0.302
2026-04-02 23:52:29,698 rank_112_alphafold2_ptm_model_3_seed_011 pLDDT=37.6 pTM=0.292
2026-04-02 23:52:29,700 rank_113_alphafold2_ptm_model_3_seed_003 pLDDT=36 pTM=0.227
2026-04-02 23:52:29,701 rank_114_alphafold2_ptm_model_3_seed_020 pLDDT=35.9 pTM=0.639
2026-04-02 23:52:29,703 rank_115_alphafold2_ptm_model_3_seed_008 pLDDT=35.5 pTM=0.592
2026-04-02 23:52:29,705 rank_116_alphafold2_ptm_model_3_seed_014 pLDDT=35.4 pTM=0.234
2026-04-02 23:52:29,706 rank_117_alphafold2_ptm_model_3_seed_023 pLDDT=35.1 pTM=0.246
2026-04-02 23:52:29,708 rank_118_alphafold2_ptm_model_3_seed_004 pLDDT=32.7 pTM=0.196
2026-04-02 23:52:29,710 rank_119_alphafold2_ptm_model_3_seed_012 pLDDT=30 pTM=0.305
2026-04-02 23:52:29,711 rank_120_alphafold2_ptm_model_3_seed_002 pLDDT=29 pTM=0.553
2026-04-02 23:52:29,713 rank_121_alphafold2_ptm_model_3_seed_005 pLDDT=29 pTM=0.646
2026-04-02 23:52:29,714 rank_122_alphafold2_ptm_model_3_seed_007 pLDDT=28.6 pTM=0.329
2026-04-02 23:52:29,716 rank_123_alphafold2_ptm_model_3_seed_017 pLDDT=27.3 pTM=0.334
2026-04-02 23:52:29,718 rank_124_alphafold2_ptm_model_3_seed_015 pLDDT=27.1 pTM=0.292
2026-04-02 23:52:29,719 rank_125_alphafold2_ptm_model_3_seed_001 pLDDT=23.5 pTM=0.493
2026-04-02 23:52:33,418 Done
WARNING: All log messages before absl::InitializeLog() is called are written to STDERR
E0000 00:00:1775188402.926519   29150 cuda_dnn.cc:8310] Unable to register cuDNN factory: Attempting to register factory for plugin cuDNN when one has already been registered
E0000 00:00:1775188402.935029   29150 cuda_blas.cc:1418] Unable to register cuBLAS factory: Attempting to register factory for plugin cuBLAS when one has already been registered
2026-04-02 23:53:29,513 Running colabfold 1.5.5 (e2ca9e8f992cd65c986de5b64885d5572d8b8ad9)
2026-04-02 23:53:30,196 Running on GPU
2026-04-02 23:53:31,000 Found 8 citations for tools or databases
2026-04-02 23:54:18,738 Query 1/1: UvrD (length 644)
  0%|          | 0/150 [elapsed: 00:00 remaining: ?]SUBMIT:   0%|          | 0/150 [elapsed: 00:00 remaining: ?]COMPLETE:   0%|          | 0/150 [elapsed: 00:00 remaining: ?]COMPLETE: 100%|██████████| 150/150 [elapsed: 00:00 remaining: 00:00]COMPLETE: 100%|██████████| 150/150 [elapsed: 00:03 remaining: 00:00]
WARNING: All log messages before absl::InitializeLog() is called are written to STDERR
I0000 00:00:1775188491.501074   29150 mlir_graph_optimization_pass.cc:401] MLIR V1 optimization pass is not enabled
2026-04-02 23:54:35,127 Sequence 0 found templates: ['0040_A', '0018_A', '0041_A', '0019_A', '0042_A', '0020_A', '0021_A', '0043_A', '0022_A', '0000_A', '0044_A', '0061_A', '0023_A', '0001_A', '0046_A', '0005_A', '0049_A', '0062_A', '0024_A', '0066_A']
2026-04-02 23:54:42,494 Setting max_seq=16, max_extra_seq=32
2026-04-02 23:56:33,579 alphafold2_ptm_model_1_seed_000 recycle=0 pLDDT=76.4 pTM=0.625
2026-04-02 23:56:33,588 alphafold2_ptm_model_1_seed_000 took 97.2s (0 recycles)
2026-04-02 23:57:39,077 alphafold2_ptm_model_2_seed_000 recycle=0 pLDDT=73.9 pTM=0.574
2026-04-02 23:57:39,085 alphafold2_ptm_model_2_seed_000 took 64.8s (0 recycles)
2026-04-02 23:58:56,475 alphafold2_ptm_model_3_seed_000 recycle=0 pLDDT=55.5 pTM=0.39
2026-04-02 23:58:56,484 alphafold2_ptm_model_3_seed_000 took 76.7s (0 recycles)
2026-04-02 23:59:55,596 alphafold2_ptm_model_4_seed_000 recycle=0 pLDDT=69.2 pTM=0.45
2026-04-02 23:59:55,604 alphafold2_ptm_model_4_seed_000 took 58.4s (0 recycles)
2026-04-03 00:00:55,024 alphafold2_ptm_model_5_seed_000 recycle=0 pLDDT=74.9 pTM=0.521
2026-04-03 00:00:55,032 alphafold2_ptm_model_5_seed_000 took 58.7s (0 recycles)
2026-04-03 00:02:11,303 alphafold2_ptm_model_1_seed_001 recycle=0 pLDDT=78.4 pTM=0.708
2026-04-03 00:02:11,312 alphafold2_ptm_model_1_seed_001 took 64.3s (0 recycles)
2026-04-03 00:03:17,076 alphafold2_ptm_model_2_seed_001 recycle=0 pLDDT=73.9 pTM=0.602
2026-04-03 00:03:17,084 alphafold2_ptm_model_2_seed_001 took 65.1s (0 recycles)
2026-04-03 00:04:16,854 alphafold2_ptm_model_3_seed_001 recycle=0 pLDDT=23.5 pTM=0.493
2026-04-03 00:04:16,862 alphafold2_ptm_model_3_seed_001 took 59.1s (0 recycles)
2026-04-03 00:05:16,766 alphafold2_ptm_model_4_seed_001 recycle=0 pLDDT=68.2 pTM=0.418
2026-04-03 00:05:16,774 alphafold2_ptm_model_4_seed_001 took 59.2s (0 recycles)
2026-04-03 00:06:16,631 alphafold2_ptm_model_5_seed_001 recycle=0 pLDDT=72.5 pTM=0.469
2026-04-03 00:06:16,640 alphafold2_ptm_model_5_seed_001 took 59.2s (0 recycles)
2026-04-03 00:07:33,420 alphafold2_ptm_model_1_seed_002 recycle=0 pLDDT=76.8 pTM=0.646
2026-04-03 00:07:33,429 alphafold2_ptm_model_1_seed_002 took 65.0s (0 recycles)
2026-04-03 00:08:39,163 alphafold2_ptm_model_2_seed_002 recycle=0 pLDDT=75.4 pTM=0.588
2026-04-03 00:08:39,171 alphafold2_ptm_model_2_seed_002 took 65.0s (0 recycles)
2026-04-03 00:09:38,981 alphafold2_ptm_model_3_seed_002 recycle=0 pLDDT=29 pTM=0.553
2026-04-03 00:09:38,990 alphafold2_ptm_model_3_seed_002 took 59.1s (0 recycles)
2026-04-03 00:10:39,417 alphafold2_ptm_model_4_seed_002 recycle=0 pLDDT=63.3 pTM=0.429
2026-04-03 00:10:39,425 alphafold2_ptm_model_4_seed_002 took 59.7s (0 recycles)
2026-04-03 00:11:39,323 alphafold2_ptm_model_5_seed_002 recycle=0 pLDDT=72.2 pTM=0.494
2026-04-03 00:11:39,332 alphafold2_ptm_model_5_seed_002 took 59.2s (0 recycles)
2026-04-03 00:12:56,173 alphafold2_ptm_model_1_seed_003 recycle=0 pLDDT=76.4 pTM=0.673
2026-04-03 00:12:56,181 alphafold2_ptm_model_1_seed_003 took 65.0s (0 recycles)
2026-04-03 00:14:01,933 alphafold2_ptm_model_2_seed_003 recycle=0 pLDDT=72.8 pTM=0.563
2026-04-03 00:14:01,941 alphafold2_ptm_model_2_seed_003 took 65.1s (0 recycles)
2026-04-03 00:15:01,795 alphafold2_ptm_model_3_seed_003 recycle=0 pLDDT=36 pTM=0.227
2026-04-03 00:15:01,803 alphafold2_ptm_model_3_seed_003 took 59.2s (0 recycles)
2026-04-03 00:16:01,730 alphafold2_ptm_model_4_seed_003 recycle=0 pLDDT=68.9 pTM=0.458
2026-04-03 00:16:01,739 alphafold2_ptm_model_4_seed_003 took 59.2s (0 recycles)
2026-04-03 00:17:01,626 alphafold2_ptm_model_5_seed_003 recycle=0 pLDDT=70.6 pTM=0.48
2026-04-03 00:17:01,634 alphafold2_ptm_model_5_seed_003 took 59.2s (0 recycles)
2026-04-03 00:18:18,277 alphafold2_ptm_model_1_seed_004 recycle=0 pLDDT=74.1 pTM=0.62
2026-04-03 00:18:18,285 alphafold2_ptm_model_1_seed_004 took 64.9s (0 recycles)
2026-04-03 00:19:24,005 alphafold2_ptm_model_2_seed_004 recycle=0 pLDDT=70.8 pTM=0.534
2026-04-03 00:19:24,014 alphafold2_ptm_model_2_seed_004 took 65.0s (0 recycles)
2026-04-03 00:20:23,835 alphafold2_ptm_model_3_seed_004 recycle=0 pLDDT=32.7 pTM=0.196
2026-04-03 00:20:23,844 alphafold2_ptm_model_3_seed_004 took 59.1s (0 recycles)
2026-04-03 00:21:23,735 alphafold2_ptm_model_4_seed_004 recycle=0 pLDDT=67.1 pTM=0.428
2026-04-03 00:21:23,744 alphafold2_ptm_model_4_seed_004 took 59.2s (0 recycles)
2026-04-03 00:22:23,604 alphafold2_ptm_model_5_seed_004 recycle=0 pLDDT=75.1 pTM=0.543
2026-04-03 00:22:23,612 alphafold2_ptm_model_5_seed_004 took 59.2s (0 recycles)
2026-04-03 00:23:40,438 alphafold2_ptm_model_1_seed_005 recycle=0 pLDDT=72.4 pTM=0.571
2026-04-03 00:23:40,446 alphafold2_ptm_model_1_seed_005 took 65.1s (0 recycles)
2026-04-03 00:24:46,175 alphafold2_ptm_model_2_seed_005 recycle=0 pLDDT=68.2 pTM=0.487
2026-04-03 00:24:46,184 alphafold2_ptm_model_2_seed_005 took 65.0s (0 recycles)
2026-04-03 00:25:46,025 alphafold2_ptm_model_3_seed_005 recycle=0 pLDDT=29 pTM=0.646
2026-04-03 00:25:46,033 alphafold2_ptm_model_3_seed_005 took 59.1s (0 recycles)
2026-04-03 00:26:45,922 alphafold2_ptm_model_4_seed_005 recycle=0 pLDDT=66.7 pTM=0.449
2026-04-03 00:26:45,930 alphafold2_ptm_model_4_seed_005 took 59.2s (0 recycles)
2026-04-03 00:27:45,776 alphafold2_ptm_model_5_seed_005 recycle=0 pLDDT=74.2 pTM=0.556
2026-04-03 00:27:45,784 alphafold2_ptm_model_5_seed_005 took 59.2s (0 recycles)
2026-04-03 00:29:02,656 alphafold2_ptm_model_1_seed_006 recycle=0 pLDDT=77.1 pTM=0.648
2026-04-03 00:29:02,664 alphafold2_ptm_model_1_seed_006 took 65.0s (0 recycles)
2026-04-03 00:30:08,383 alphafold2_ptm_model_2_seed_006 recycle=0 pLDDT=72.9 pTM=0.561
2026-04-03 00:30:08,391 alphafold2_ptm_model_2_seed_006 took 65.0s (0 recycles)
2026-04-03 00:31:08,251 alphafold2_ptm_model_3_seed_006 recycle=0 pLDDT=45.8 pTM=0.29
2026-04-03 00:31:08,260 alphafold2_ptm_model_3_seed_006 took 59.2s (0 recycles)
2026-04-03 00:32:08,143 alphafold2_ptm_model_4_seed_006 recycle=0 pLDDT=68.1 pTM=0.435
2026-04-03 00:32:08,151 alphafold2_ptm_model_4_seed_006 took 59.2s (0 recycles)
2026-04-03 00:33:08,036 alphafold2_ptm_model_5_seed_006 recycle=0 pLDDT=77.8 pTM=0.599
2026-04-03 00:33:08,044 alphafold2_ptm_model_5_seed_006 took 59.2s (0 recycles)
2026-04-03 00:34:25,077 alphafold2_ptm_model_1_seed_007 recycle=0 pLDDT=74.4 pTM=0.644
2026-04-03 00:34:25,085 alphafold2_ptm_model_1_seed_007 took 64.9s (0 recycles)
2026-04-03 00:35:30,676 alphafold2_ptm_model_2_seed_007 recycle=0 pLDDT=71.3 pTM=0.551
2026-04-03 00:35:30,684 alphafold2_ptm_model_2_seed_007 took 64.9s (0 recycles)
2026-04-03 00:36:30,376 alphafold2_ptm_model_3_seed_007 recycle=0 pLDDT=28.6 pTM=0.329
2026-04-03 00:36:30,385 alphafold2_ptm_model_3_seed_007 took 59.0s (0 recycles)
2026-04-03 00:37:30,174 alphafold2_ptm_model_4_seed_007 recycle=0 pLDDT=67.6 pTM=0.417
2026-04-03 00:37:30,182 alphafold2_ptm_model_4_seed_007 took 59.1s (0 recycles)
2026-04-03 00:38:29,982 alphafold2_ptm_model_5_seed_007 recycle=0 pLDDT=74.4 pTM=0.507
2026-04-03 00:38:29,990 alphafold2_ptm_model_5_seed_007 took 59.1s (0 recycles)
2026-04-03 00:39:47,337 alphafold2_ptm_model_1_seed_008 recycle=0 pLDDT=77.5 pTM=0.666
2026-04-03 00:39:47,346 alphafold2_ptm_model_1_seed_008 took 65.0s (0 recycles)
2026-04-03 00:40:51,924 alphafold2_ptm_model_2_seed_008 recycle=0 pLDDT=73.8 pTM=0.567
2026-04-03 00:40:51,932 alphafold2_ptm_model_2_seed_008 took 63.9s (0 recycles)
2026-04-03 00:41:50,557 alphafold2_ptm_model_3_seed_008 recycle=0 pLDDT=35.5 pTM=0.592
2026-04-03 00:41:50,565 alphafold2_ptm_model_3_seed_008 took 58.0s (0 recycles)
2026-04-03 00:42:49,248 alphafold2_ptm_model_4_seed_008 recycle=0 pLDDT=74.8 pTM=0.479
2026-04-03 00:42:49,256 alphafold2_ptm_model_4_seed_008 took 58.0s (0 recycles)
2026-04-03 00:43:47,992 alphafold2_ptm_model_5_seed_008 recycle=0 pLDDT=80.6 pTM=0.633
2026-04-03 00:43:48,000 alphafold2_ptm_model_5_seed_008 took 58.1s (0 recycles)
2026-04-03 00:45:04,528 alphafold2_ptm_model_1_seed_009 recycle=0 pLDDT=75.9 pTM=0.642
2026-04-03 00:45:04,537 alphafold2_ptm_model_1_seed_009 took 63.9s (0 recycles)
2026-04-03 00:46:09,113 alphafold2_ptm_model_2_seed_009 recycle=0 pLDDT=74.2 pTM=0.591
2026-04-03 00:46:09,122 alphafold2_ptm_model_2_seed_009 took 63.9s (0 recycles)
2026-04-03 00:47:07,794 alphafold2_ptm_model_3_seed_009 recycle=0 pLDDT=60.8 pTM=0.413
2026-04-03 00:47:07,803 alphafold2_ptm_model_3_seed_009 took 58.0s (0 recycles)
2026-04-03 00:48:06,511 alphafold2_ptm_model_4_seed_009 recycle=0 pLDDT=76.1 pTM=0.458
2026-04-03 00:48:06,519 alphafold2_ptm_model_4_seed_009 took 58.0s (0 recycles)
2026-04-03 00:49:05,204 alphafold2_ptm_model_5_seed_009 recycle=0 pLDDT=75.6 pTM=0.503
2026-04-03 00:49:05,212 alphafold2_ptm_model_5_seed_009 took 58.0s (0 recycles)
2026-04-03 00:50:21,962 alphafold2_ptm_model_1_seed_010 recycle=0 pLDDT=79 pTM=0.675
2026-04-03 00:50:21,970 alphafold2_ptm_model_1_seed_010 took 63.9s (0 recycles)
2026-04-03 00:51:26,532 alphafold2_ptm_model_2_seed_010 recycle=0 pLDDT=75.9 pTM=0.604
2026-04-03 00:51:26,540 alphafold2_ptm_model_2_seed_010 took 63.9s (0 recycles)
2026-04-03 00:52:25,314 alphafold2_ptm_model_3_seed_010 recycle=0 pLDDT=49.7 pTM=0.333
2026-04-03 00:52:25,322 alphafold2_ptm_model_3_seed_010 took 58.1s (0 recycles)
2026-04-03 00:53:24,130 alphafold2_ptm_model_4_seed_010 recycle=0 pLDDT=71.6 pTM=0.44
2026-04-03 00:53:24,138 alphafold2_ptm_model_4_seed_010 took 58.1s (0 recycles)
2026-04-03 00:54:22,924 alphafold2_ptm_model_5_seed_010 recycle=0 pLDDT=72.2 pTM=0.519
2026-04-03 00:54:22,932 alphafold2_ptm_model_5_seed_010 took 58.1s (0 recycles)
2026-04-03 00:55:40,166 alphafold2_ptm_model_1_seed_011 recycle=0 pLDDT=79.5 pTM=0.689
2026-04-03 00:55:40,174 alphafold2_ptm_model_1_seed_011 took 63.9s (0 recycles)
2026-04-03 00:56:44,718 alphafold2_ptm_model_2_seed_011 recycle=0 pLDDT=75.9 pTM=0.616
2026-04-03 00:56:44,726 alphafold2_ptm_model_2_seed_011 took 63.9s (0 recycles)
2026-04-03 00:57:43,355 alphafold2_ptm_model_3_seed_011 recycle=0 pLDDT=37.6 pTM=0.292
2026-04-03 00:57:43,363 alphafold2_ptm_model_3_seed_011 took 58.0s (0 recycles)
2026-04-03 00:58:41,873 alphafold2_ptm_model_4_seed_011 recycle=0 pLDDT=71.2 pTM=0.448
2026-04-03 00:58:41,875 alphafold2_ptm_model_4_seed_011 took 57.8s (0 recycles)
2026-04-03 00:59:41,466 alphafold2_ptm_model_5_seed_011 recycle=0 pLDDT=77 pTM=0.593
2026-04-03 00:59:41,474 alphafold2_ptm_model_5_seed_011 took 58.9s (0 recycles)
2026-04-03 01:01:00,288 alphafold2_ptm_model_1_seed_012 recycle=0 pLDDT=75.3 pTM=0.612
2026-04-03 01:01:00,297 alphafold2_ptm_model_1_seed_012 took 65.0s (0 recycles)
2026-04-03 01:02:05,939 alphafold2_ptm_model_2_seed_012 recycle=0 pLDDT=70.8 pTM=0.54
2026-04-03 01:02:05,947 alphafold2_ptm_model_2_seed_012 took 64.9s (0 recycles)
2026-04-03 01:03:05,704 alphafold2_ptm_model_3_seed_012 recycle=0 pLDDT=30 pTM=0.305
2026-04-03 01:03:05,712 alphafold2_ptm_model_3_seed_012 took 59.1s (0 recycles)
2026-04-03 01:04:05,524 alphafold2_ptm_model_4_seed_012 recycle=0 pLDDT=68.8 pTM=0.429
2026-04-03 01:04:05,532 alphafold2_ptm_model_4_seed_012 took 59.1s (0 recycles)
2026-04-03 01:05:05,351 alphafold2_ptm_model_5_seed_012 recycle=0 pLDDT=77.3 pTM=0.589
2026-04-03 01:05:05,359 alphafold2_ptm_model_5_seed_012 took 59.1s (0 recycles)
2026-04-03 01:06:23,585 alphafold2_ptm_model_1_seed_013 recycle=0 pLDDT=77.7 pTM=0.668
2026-04-03 01:06:23,593 alphafold2_ptm_model_1_seed_013 took 63.9s (0 recycles)
2026-04-03 01:07:28,139 alphafold2_ptm_model_2_seed_013 recycle=0 pLDDT=72.8 pTM=0.561
2026-04-03 01:07:28,147 alphafold2_ptm_model_2_seed_013 took 63.9s (0 recycles)
2026-04-03 01:08:26,910 alphafold2_ptm_model_3_seed_013 recycle=0 pLDDT=41 pTM=0.253
2026-04-03 01:08:26,918 alphafold2_ptm_model_3_seed_013 took 58.1s (0 recycles)
2026-04-03 01:09:25,720 alphafold2_ptm_model_4_seed_013 recycle=0 pLDDT=69.9 pTM=0.451
2026-04-03 01:09:25,728 alphafold2_ptm_model_4_seed_013 took 58.1s (0 recycles)
2026-04-03 01:10:24,495 alphafold2_ptm_model_5_seed_013 recycle=0 pLDDT=73.3 pTM=0.507
2026-04-03 01:10:24,503 alphafold2_ptm_model_5_seed_013 took 58.1s (0 recycles)
2026-04-03 01:11:43,243 alphafold2_ptm_model_1_seed_014 recycle=0 pLDDT=76.1 pTM=0.641
2026-04-03 01:11:43,252 alphafold2_ptm_model_1_seed_014 took 63.9s (0 recycles)
2026-04-03 01:12:47,902 alphafold2_ptm_model_2_seed_014 recycle=0 pLDDT=67.1 pTM=0.496
2026-04-03 01:12:47,911 alphafold2_ptm_model_2_seed_014 took 64.0s (0 recycles)
2026-04-03 01:13:46,675 alphafold2_ptm_model_3_seed_014 recycle=0 pLDDT=35.4 pTM=0.234
2026-04-03 01:13:46,685 alphafold2_ptm_model_3_seed_014 took 58.1s (0 recycles)
2026-04-03 01:14:45,516 alphafold2_ptm_model_4_seed_014 recycle=0 pLDDT=66.9 pTM=0.42
2026-04-03 01:14:45,525 alphafold2_ptm_model_4_seed_014 took 58.2s (0 recycles)
2026-04-03 01:15:44,327 alphafold2_ptm_model_5_seed_014 recycle=0 pLDDT=69.4 pTM=0.484
2026-04-03 01:15:44,337 alphafold2_ptm_model_5_seed_014 took 58.1s (0 recycles)
2026-04-03 01:17:03,029 alphafold2_ptm_model_1_seed_015 recycle=0 pLDDT=75.2 pTM=0.662
2026-04-03 01:17:03,039 alphafold2_ptm_model_1_seed_015 took 63.9s (0 recycles)
2026-04-03 01:18:07,591 alphafold2_ptm_model_2_seed_015 recycle=0 pLDDT=70.4 pTM=0.533
2026-04-03 01:18:07,601 alphafold2_ptm_model_2_seed_015 took 63.9s (0 recycles)
2026-04-03 01:19:06,232 alphafold2_ptm_model_3_seed_015 recycle=0 pLDDT=27.1 pTM=0.292
2026-04-03 01:19:06,242 alphafold2_ptm_model_3_seed_015 took 58.0s (0 recycles)
2026-04-03 01:20:05,071 alphafold2_ptm_model_4_seed_015 recycle=0 pLDDT=68.2 pTM=0.462
2026-04-03 01:20:05,081 alphafold2_ptm_model_4_seed_015 took 58.2s (0 recycles)
2026-04-03 01:21:03,859 alphafold2_ptm_model_5_seed_015 recycle=0 pLDDT=72.4 pTM=0.494
2026-04-03 01:21:03,869 alphafold2_ptm_model_5_seed_015 took 58.1s (0 recycles)
2026-04-03 01:22:22,547 alphafold2_ptm_model_1_seed_016 recycle=0 pLDDT=77.4 pTM=0.657
2026-04-03 01:22:22,555 alphafold2_ptm_model_1_seed_016 took 63.9s (0 recycles)
2026-04-03 01:23:27,109 alphafold2_ptm_model_2_seed_016 recycle=0 pLDDT=72.9 pTM=0.553
2026-04-03 01:23:27,118 alphafold2_ptm_model_2_seed_016 took 63.9s (0 recycles)
2026-04-03 01:24:25,818 alphafold2_ptm_model_3_seed_016 recycle=0 pLDDT=43.4 pTM=0.299
2026-04-03 01:24:25,827 alphafold2_ptm_model_3_seed_016 took 58.0s (0 recycles)
2026-04-03 01:25:24,524 alphafold2_ptm_model_4_seed_016 recycle=0 pLDDT=72.6 pTM=0.466
2026-04-03 01:25:24,533 alphafold2_ptm_model_4_seed_016 took 58.0s (0 recycles)
2026-04-03 01:26:23,247 alphafold2_ptm_model_5_seed_016 recycle=0 pLDDT=75.6 pTM=0.556
2026-04-03 01:26:23,256 alphafold2_ptm_model_5_seed_016 took 58.0s (0 recycles)
2026-04-03 01:27:41,972 alphafold2_ptm_model_1_seed_017 recycle=0 pLDDT=69.2 pTM=0.551
2026-04-03 01:27:41,981 alphafold2_ptm_model_1_seed_017 took 63.9s (0 recycles)
2026-04-03 01:28:47,351 alphafold2_ptm_model_2_seed_017 recycle=0 pLDDT=70.8 pTM=0.539
2026-04-03 01:28:47,360 alphafold2_ptm_model_2_seed_017 took 64.7s (0 recycles)
2026-04-03 01:29:47,184 alphafold2_ptm_model_3_seed_017 recycle=0 pLDDT=27.3 pTM=0.334
2026-04-03 01:29:47,192 alphafold2_ptm_model_3_seed_017 took 59.1s (0 recycles)
2026-04-03 01:30:47,118 alphafold2_ptm_model_4_seed_017 recycle=0 pLDDT=56.7 pTM=0.371
2026-04-03 01:30:47,127 alphafold2_ptm_model_4_seed_017 took 59.2s (0 recycles)
2026-04-03 01:31:47,720 alphafold2_ptm_model_5_seed_017 recycle=0 pLDDT=73.8 pTM=0.478
2026-04-03 01:31:47,729 alphafold2_ptm_model_5_seed_017 took 59.9s (0 recycles)
2026-04-03 01:33:04,718 alphafold2_ptm_model_1_seed_018 recycle=0 pLDDT=74.7 pTM=0.612
2026-04-03 01:33:04,726 alphafold2_ptm_model_1_seed_018 took 65.1s (0 recycles)
2026-04-03 01:34:09,341 alphafold2_ptm_model_2_seed_018 recycle=0 pLDDT=72.9 pTM=0.549
2026-04-03 01:34:09,349 alphafold2_ptm_model_2_seed_018 took 63.9s (0 recycles)
2026-04-03 01:35:08,070 alphafold2_ptm_model_3_seed_018 recycle=0 pLDDT=45.3 pTM=0.298
2026-04-03 01:35:08,078 alphafold2_ptm_model_3_seed_018 took 58.0s (0 recycles)
2026-04-03 01:36:06,823 alphafold2_ptm_model_4_seed_018 recycle=0 pLDDT=68 pTM=0.446
2026-04-03 01:36:06,832 alphafold2_ptm_model_4_seed_018 took 58.1s (0 recycles)
2026-04-03 01:37:05,561 alphafold2_ptm_model_5_seed_018 recycle=0 pLDDT=75 pTM=0.556
2026-04-03 01:37:05,569 alphafold2_ptm_model_5_seed_018 took 58.1s (0 recycles)
2026-04-03 01:38:21,365 alphafold2_ptm_model_1_seed_019 recycle=0 pLDDT=77.3 pTM=0.653
2026-04-03 01:38:21,373 alphafold2_ptm_model_1_seed_019 took 63.9s (0 recycles)
2026-04-03 01:39:25,954 alphafold2_ptm_model_2_seed_019 recycle=0 pLDDT=74.9 pTM=0.574
2026-04-03 01:39:25,963 alphafold2_ptm_model_2_seed_019 took 63.9s (0 recycles)
2026-04-03 01:40:24,491 alphafold2_ptm_model_3_seed_019 recycle=0 pLDDT=48.5 pTM=0.307
2026-04-03 01:40:24,493 alphafold2_ptm_model_3_seed_019 took 57.8s (0 recycles)
2026-04-03 01:41:24,290 alphafold2_ptm_model_4_seed_019 recycle=0 pLDDT=72.8 pTM=0.482
2026-04-03 01:41:24,299 alphafold2_ptm_model_4_seed_019 took 59.1s (0 recycles)
2026-04-03 01:42:24,185 alphafold2_ptm_model_5_seed_019 recycle=0 pLDDT=77.1 pTM=0.543
2026-04-03 01:42:24,193 alphafold2_ptm_model_5_seed_019 took 59.2s (0 recycles)
2026-04-03 01:43:40,089 alphafold2_ptm_model_1_seed_020 recycle=0 pLDDT=78.5 pTM=0.674
2026-04-03 01:43:40,097 alphafold2_ptm_model_1_seed_020 took 63.9s (0 recycles)
2026-04-03 01:44:44,695 alphafold2_ptm_model_2_seed_020 recycle=0 pLDDT=75.4 pTM=0.596
2026-04-03 01:44:44,703 alphafold2_ptm_model_2_seed_020 took 63.9s (0 recycles)
2026-04-03 01:45:43,390 alphafold2_ptm_model_3_seed_020 recycle=0 pLDDT=35.9 pTM=0.639
2026-04-03 01:45:43,398 alphafold2_ptm_model_3_seed_020 took 58.0s (0 recycles)
2026-04-03 01:46:42,090 alphafold2_ptm_model_4_seed_020 recycle=0 pLDDT=68.9 pTM=0.444
2026-04-03 01:46:42,098 alphafold2_ptm_model_4_seed_020 took 58.0s (0 recycles)
2026-04-03 01:47:40,817 alphafold2_ptm_model_5_seed_020 recycle=0 pLDDT=67.9 pTM=0.583
2026-04-03 01:47:40,825 alphafold2_ptm_model_5_seed_020 took 58.0s (0 recycles)
2026-04-03 01:48:56,934 alphafold2_ptm_model_1_seed_021 recycle=0 pLDDT=76.4 pTM=0.647
2026-04-03 01:48:56,942 alphafold2_ptm_model_1_seed_021 took 63.9s (0 recycles)
2026-04-03 01:50:01,373 alphafold2_ptm_model_2_seed_021 recycle=0 pLDDT=74.5 pTM=0.574
2026-04-03 01:50:01,374 alphafold2_ptm_model_2_seed_021 took 63.8s (0 recycles)
2026-04-03 01:51:01,182 alphafold2_ptm_model_3_seed_021 recycle=0 pLDDT=50.1 pTM=0.303
2026-04-03 01:51:01,191 alphafold2_ptm_model_3_seed_021 took 59.1s (0 recycles)
2026-04-03 01:52:01,055 alphafold2_ptm_model_4_seed_021 recycle=0 pLDDT=72.3 pTM=0.471
2026-04-03 01:52:01,063 alphafold2_ptm_model_4_seed_021 took 59.2s (0 recycles)
2026-04-03 01:53:00,949 alphafold2_ptm_model_5_seed_021 recycle=0 pLDDT=77.2 pTM=0.53
2026-04-03 01:53:00,957 alphafold2_ptm_model_5_seed_021 took 59.2s (0 recycles)
2026-04-03 01:54:18,313 alphafold2_ptm_model_1_seed_022 recycle=0 pLDDT=69.2 pTM=0.565
2026-04-03 01:54:18,321 alphafold2_ptm_model_1_seed_022 took 65.0s (0 recycles)
2026-04-03 01:55:24,072 alphafold2_ptm_model_2_seed_022 recycle=0 pLDDT=69.3 pTM=0.508
2026-04-03 01:55:24,080 alphafold2_ptm_model_2_seed_022 took 65.1s (0 recycles)
2026-04-03 01:56:23,921 alphafold2_ptm_model_3_seed_022 recycle=0 pLDDT=41 pTM=0.42
2026-04-03 01:56:23,929 alphafold2_ptm_model_3_seed_022 took 59.1s (0 recycles)
2026-04-03 01:57:23,768 alphafold2_ptm_model_4_seed_022 recycle=0 pLDDT=71.6 pTM=0.542
2026-04-03 01:57:23,776 alphafold2_ptm_model_4_seed_022 took 59.1s (0 recycles)
2026-04-03 01:58:23,625 alphafold2_ptm_model_5_seed_022 recycle=0 pLDDT=77.8 pTM=0.714
2026-04-03 01:58:23,634 alphafold2_ptm_model_5_seed_022 took 59.2s (0 recycles)
2026-04-03 01:59:40,207 alphafold2_ptm_model_1_seed_023 recycle=0 pLDDT=75.2 pTM=0.657
2026-04-03 01:59:40,216 alphafold2_ptm_model_1_seed_023 took 63.9s (0 recycles)
2026-04-03 02:00:44,820 alphafold2_ptm_model_2_seed_023 recycle=0 pLDDT=70.9 pTM=0.557
2026-04-03 02:00:44,828 alphafold2_ptm_model_2_seed_023 took 63.9s (0 recycles)
2026-04-03 02:01:43,546 alphafold2_ptm_model_3_seed_023 recycle=0 pLDDT=35.1 pTM=0.246
2026-04-03 02:01:43,554 alphafold2_ptm_model_3_seed_023 took 58.0s (0 recycles)
2026-04-03 02:02:42,261 alphafold2_ptm_model_4_seed_023 recycle=0 pLDDT=69.1 pTM=0.467
2026-04-03 02:02:42,269 alphafold2_ptm_model_4_seed_023 took 58.0s (0 recycles)
2026-04-03 02:03:40,978 alphafold2_ptm_model_5_seed_023 recycle=0 pLDDT=76.1 pTM=0.727
2026-04-03 02:03:40,986 alphafold2_ptm_model_5_seed_023 took 58.0s (0 recycles)
2026-04-03 02:04:57,640 alphafold2_ptm_model_1_seed_024 recycle=0 pLDDT=75.6 pTM=0.639
2026-04-03 02:04:57,648 alphafold2_ptm_model_1_seed_024 took 63.9s (0 recycles)
2026-04-03 02:06:02,245 alphafold2_ptm_model_2_seed_024 recycle=0 pLDDT=72.6 pTM=0.558
2026-04-03 02:06:02,253 alphafold2_ptm_model_2_seed_024 took 63.9s (0 recycles)
2026-04-03 02:07:00,928 alphafold2_ptm_model_3_seed_024 recycle=0 pLDDT=38.1 pTM=0.302
2026-04-03 02:07:00,936 alphafold2_ptm_model_3_seed_024 took 58.0s (0 recycles)
2026-04-03 02:07:59,697 alphafold2_ptm_model_4_seed_024 recycle=0 pLDDT=68.1 pTM=0.428
2026-04-03 02:07:59,705 alphafold2_ptm_model_4_seed_024 took 58.1s (0 recycles)
2026-04-03 02:08:58,441 alphafold2_ptm_model_5_seed_024 recycle=0 pLDDT=70.9 pTM=0.459
2026-04-03 02:08:58,450 alphafold2_ptm_model_5_seed_024 took 58.1s (0 recycles)
2026-04-03 02:08:59,125 reranking models by 'plddt' metric
2026-04-03 02:08:59,126 rank_001_alphafold2_ptm_model_5_seed_008 pLDDT=80.6 pTM=0.633
2026-04-03 02:08:59,128 rank_002_alphafold2_ptm_model_1_seed_011 pLDDT=79.5 pTM=0.689
2026-04-03 02:08:59,129 rank_003_alphafold2_ptm_model_1_seed_010 pLDDT=79 pTM=0.675
2026-04-03 02:08:59,131 rank_004_alphafold2_ptm_model_1_seed_020 pLDDT=78.5 pTM=0.674
2026-04-03 02:08:59,133 rank_005_alphafold2_ptm_model_1_seed_001 pLDDT=78.4 pTM=0.708
2026-04-03 02:08:59,135 rank_006_alphafold2_ptm_model_5_seed_022 pLDDT=77.8 pTM=0.714
2026-04-03 02:08:59,136 rank_007_alphafold2_ptm_model_5_seed_006 pLDDT=77.8 pTM=0.599
2026-04-03 02:08:59,138 rank_008_alphafold2_ptm_model_1_seed_013 pLDDT=77.7 pTM=0.668
2026-04-03 02:08:59,140 rank_009_alphafold2_ptm_model_1_seed_008 pLDDT=77.5 pTM=0.666
2026-04-03 02:08:59,142 rank_010_alphafold2_ptm_model_1_seed_016 pLDDT=77.4 pTM=0.657
2026-04-03 02:08:59,143 rank_011_alphafold2_ptm_model_5_seed_012 pLDDT=77.3 pTM=0.589
2026-04-03 02:08:59,145 rank_012_alphafold2_ptm_model_1_seed_019 pLDDT=77.3 pTM=0.653
2026-04-03 02:08:59,147 rank_013_alphafold2_ptm_model_5_seed_021 pLDDT=77.2 pTM=0.53
2026-04-03 02:08:59,149 rank_014_alphafold2_ptm_model_1_seed_006 pLDDT=77.1 pTM=0.648
2026-04-03 02:08:59,151 rank_015_alphafold2_ptm_model_5_seed_019 pLDDT=77.1 pTM=0.543
2026-04-03 02:08:59,152 rank_016_alphafold2_ptm_model_5_seed_011 pLDDT=77 pTM=0.593
2026-04-03 02:08:59,154 rank_017_alphafold2_ptm_model_1_seed_002 pLDDT=76.8 pTM=0.646
2026-04-03 02:08:59,156 rank_018_alphafold2_ptm_model_1_seed_021 pLDDT=76.4 pTM=0.647
2026-04-03 02:08:59,158 rank_019_alphafold2_ptm_model_1_seed_000 pLDDT=76.4 pTM=0.625
2026-04-03 02:08:59,159 rank_020_alphafold2_ptm_model_1_seed_003 pLDDT=76.4 pTM=0.673
2026-04-03 02:08:59,161 rank_021_alphafold2_ptm_model_5_seed_023 pLDDT=76.1 pTM=0.727
2026-04-03 02:08:59,163 rank_022_alphafold2_ptm_model_1_seed_014 pLDDT=76.1 pTM=0.641
2026-04-03 02:08:59,165 rank_023_alphafold2_ptm_model_4_seed_009 pLDDT=76.1 pTM=0.458
2026-04-03 02:08:59,166 rank_024_alphafold2_ptm_model_2_seed_011 pLDDT=75.9 pTM=0.616
2026-04-03 02:08:59,168 rank_025_alphafold2_ptm_model_2_seed_010 pLDDT=75.9 pTM=0.604
2026-04-03 02:08:59,173 rank_026_alphafold2_ptm_model_1_seed_009 pLDDT=75.9 pTM=0.642
2026-04-03 02:08:59,174 rank_027_alphafold2_ptm_model_5_seed_016 pLDDT=75.6 pTM=0.556
2026-04-03 02:08:59,176 rank_028_alphafold2_ptm_model_1_seed_024 pLDDT=75.6 pTM=0.639
2026-04-03 02:08:59,178 rank_029_alphafold2_ptm_model_5_seed_009 pLDDT=75.6 pTM=0.503
2026-04-03 02:08:59,180 rank_030_alphafold2_ptm_model_2_seed_020 pLDDT=75.4 pTM=0.596
2026-04-03 02:08:59,181 rank_031_alphafold2_ptm_model_2_seed_002 pLDDT=75.4 pTM=0.588
2026-04-03 02:08:59,183 rank_032_alphafold2_ptm_model_1_seed_012 pLDDT=75.3 pTM=0.612
2026-04-03 02:08:59,185 rank_033_alphafold2_ptm_model_1_seed_023 pLDDT=75.2 pTM=0.657
2026-04-03 02:08:59,187 rank_034_alphafold2_ptm_model_1_seed_015 pLDDT=75.2 pTM=0.662
2026-04-03 02:08:59,189 rank_035_alphafold2_ptm_model_5_seed_004 pLDDT=75.1 pTM=0.543
2026-04-03 02:08:59,191 rank_036_alphafold2_ptm_model_5_seed_018 pLDDT=75 pTM=0.556
2026-04-03 02:08:59,193 rank_037_alphafold2_ptm_model_2_seed_019 pLDDT=74.9 pTM=0.574
2026-04-03 02:08:59,194 rank_038_alphafold2_ptm_model_5_seed_000 pLDDT=74.9 pTM=0.521
2026-04-03 02:08:59,196 rank_039_alphafold2_ptm_model_4_seed_008 pLDDT=74.8 pTM=0.479
2026-04-03 02:08:59,198 rank_040_alphafold2_ptm_model_1_seed_018 pLDDT=74.7 pTM=0.612
2026-04-03 02:08:59,200 rank_041_alphafold2_ptm_model_2_seed_021 pLDDT=74.5 pTM=0.574
2026-04-03 02:08:59,202 rank_042_alphafold2_ptm_model_1_seed_007 pLDDT=74.4 pTM=0.644
2026-04-03 02:08:59,204 rank_043_alphafold2_ptm_model_5_seed_007 pLDDT=74.4 pTM=0.507
2026-04-03 02:08:59,206 rank_044_alphafold2_ptm_model_2_seed_009 pLDDT=74.2 pTM=0.591
2026-04-03 02:08:59,207 rank_045_alphafold2_ptm_model_5_seed_005 pLDDT=74.2 pTM=0.556
2026-04-03 02:08:59,209 rank_046_alphafold2_ptm_model_1_seed_004 pLDDT=74.1 pTM=0.62
2026-04-03 02:08:59,211 rank_047_alphafold2_ptm_model_2_seed_000 pLDDT=73.9 pTM=0.574
2026-04-03 02:08:59,212 rank_048_alphafold2_ptm_model_2_seed_001 pLDDT=73.9 pTM=0.602
2026-04-03 02:08:59,214 rank_049_alphafold2_ptm_model_5_seed_017 pLDDT=73.8 pTM=0.478
2026-04-03 02:08:59,216 rank_050_alphafold2_ptm_model_2_seed_008 pLDDT=73.8 pTM=0.567
2026-04-03 02:08:59,218 rank_051_alphafold2_ptm_model_5_seed_013 pLDDT=73.3 pTM=0.507
2026-04-03 02:08:59,219 rank_052_alphafold2_ptm_model_2_seed_018 pLDDT=72.9 pTM=0.549
2026-04-03 02:08:59,221 rank_053_alphafold2_ptm_model_2_seed_006 pLDDT=72.9 pTM=0.561
2026-04-03 02:08:59,223 rank_054_alphafold2_ptm_model_2_seed_016 pLDDT=72.9 pTM=0.553
2026-04-03 02:08:59,225 rank_055_alphafold2_ptm_model_2_seed_013 pLDDT=72.8 pTM=0.561
2026-04-03 02:08:59,227 rank_056_alphafold2_ptm_model_4_seed_019 pLDDT=72.8 pTM=0.482
2026-04-03 02:08:59,228 rank_057_alphafold2_ptm_model_2_seed_003 pLDDT=72.8 pTM=0.563
2026-04-03 02:08:59,230 rank_058_alphafold2_ptm_model_2_seed_024 pLDDT=72.6 pTM=0.558
2026-04-03 02:08:59,232 rank_059_alphafold2_ptm_model_4_seed_016 pLDDT=72.6 pTM=0.466
2026-04-03 02:08:59,234 rank_060_alphafold2_ptm_model_5_seed_001 pLDDT=72.5 pTM=0.469
2026-04-03 02:08:59,236 rank_061_alphafold2_ptm_model_1_seed_005 pLDDT=72.4 pTM=0.571
2026-04-03 02:08:59,238 rank_062_alphafold2_ptm_model_5_seed_015 pLDDT=72.4 pTM=0.494
2026-04-03 02:08:59,240 rank_063_alphafold2_ptm_model_4_seed_021 pLDDT=72.3 pTM=0.471
2026-04-03 02:08:59,241 rank_064_alphafold2_ptm_model_5_seed_002 pLDDT=72.2 pTM=0.494
2026-04-03 02:08:59,243 rank_065_alphafold2_ptm_model_5_seed_010 pLDDT=72.2 pTM=0.519
2026-04-03 02:08:59,245 rank_066_alphafold2_ptm_model_4_seed_010 pLDDT=71.6 pTM=0.44
2026-04-03 02:08:59,247 rank_067_alphafold2_ptm_model_4_seed_022 pLDDT=71.6 pTM=0.542
2026-04-03 02:08:59,249 rank_068_alphafold2_ptm_model_2_seed_007 pLDDT=71.3 pTM=0.551
2026-04-03 02:08:59,251 rank_069_alphafold2_ptm_model_4_seed_011 pLDDT=71.2 pTM=0.448
2026-04-03 02:08:59,253 rank_070_alphafold2_ptm_model_2_seed_023 pLDDT=70.9 pTM=0.557
2026-04-03 02:08:59,254 rank_071_alphafold2_ptm_model_5_seed_024 pLDDT=70.9 pTM=0.459
2026-04-03 02:08:59,256 rank_072_alphafold2_ptm_model_2_seed_004 pLDDT=70.8 pTM=0.534
2026-04-03 02:08:59,258 rank_073_alphafold2_ptm_model_2_seed_017 pLDDT=70.8 pTM=0.539
2026-04-03 02:08:59,260 rank_074_alphafold2_ptm_model_2_seed_012 pLDDT=70.8 pTM=0.54
2026-04-03 02:08:59,261 rank_075_alphafold2_ptm_model_5_seed_003 pLDDT=70.6 pTM=0.48
2026-04-03 02:08:59,263 rank_076_alphafold2_ptm_model_2_seed_015 pLDDT=70.4 pTM=0.533
2026-04-03 02:08:59,265 rank_077_alphafold2_ptm_model_4_seed_013 pLDDT=69.9 pTM=0.451
2026-04-03 02:08:59,267 rank_078_alphafold2_ptm_model_5_seed_014 pLDDT=69.4 pTM=0.484
2026-04-03 02:08:59,268 rank_079_alphafold2_ptm_model_2_seed_022 pLDDT=69.3 pTM=0.508
2026-04-03 02:08:59,270 rank_080_alphafold2_ptm_model_1_seed_017 pLDDT=69.2 pTM=0.551
2026-04-03 02:08:59,272 rank_081_alphafold2_ptm_model_4_seed_000 pLDDT=69.2 pTM=0.45
2026-04-03 02:08:59,274 rank_082_alphafold2_ptm_model_1_seed_022 pLDDT=69.2 pTM=0.565
2026-04-03 02:08:59,276 rank_083_alphafold2_ptm_model_4_seed_023 pLDDT=69.1 pTM=0.467
2026-04-03 02:08:59,278 rank_084_alphafold2_ptm_model_4_seed_020 pLDDT=68.9 pTM=0.444
2026-04-03 02:08:59,279 rank_085_alphafold2_ptm_model_4_seed_003 pLDDT=68.9 pTM=0.458
2026-04-03 02:08:59,281 rank_086_alphafold2_ptm_model_4_seed_012 pLDDT=68.8 pTM=0.429
2026-04-03 02:08:59,283 rank_087_alphafold2_ptm_model_4_seed_001 pLDDT=68.2 pTM=0.418
2026-04-03 02:08:59,285 rank_088_alphafold2_ptm_model_2_seed_005 pLDDT=68.2 pTM=0.487
2026-04-03 02:08:59,287 rank_089_alphafold2_ptm_model_4_seed_015 pLDDT=68.2 pTM=0.462
2026-04-03 02:08:59,288 rank_090_alphafold2_ptm_model_4_seed_006 pLDDT=68.1 pTM=0.435
2026-04-03 02:08:59,290 rank_091_alphafold2_ptm_model_4_seed_024 pLDDT=68.1 pTM=0.428
2026-04-03 02:08:59,292 rank_092_alphafold2_ptm_model_4_seed_018 pLDDT=68 pTM=0.446
2026-04-03 02:08:59,293 rank_093_alphafold2_ptm_model_5_seed_020 pLDDT=67.9 pTM=0.583
2026-04-03 02:08:59,295 rank_094_alphafold2_ptm_model_4_seed_007 pLDDT=67.6 pTM=0.417
2026-04-03 02:08:59,297 rank_095_alphafold2_ptm_model_4_seed_004 pLDDT=67.1 pTM=0.428
2026-04-03 02:08:59,299 rank_096_alphafold2_ptm_model_2_seed_014 pLDDT=67.1 pTM=0.496
2026-04-03 02:08:59,301 rank_097_alphafold2_ptm_model_4_seed_014 pLDDT=66.9 pTM=0.42
2026-04-03 02:08:59,302 rank_098_alphafold2_ptm_model_4_seed_005 pLDDT=66.7 pTM=0.449
2026-04-03 02:08:59,304 rank_099_alphafold2_ptm_model_4_seed_002 pLDDT=63.3 pTM=0.429
2026-04-03 02:08:59,306 rank_100_alphafold2_ptm_model_3_seed_009 pLDDT=60.8 pTM=0.413
2026-04-03 02:08:59,308 rank_101_alphafold2_ptm_model_4_seed_017 pLDDT=56.7 pTM=0.371
2026-04-03 02:08:59,310 rank_102_alphafold2_ptm_model_3_seed_000 pLDDT=55.5 pTM=0.39
2026-04-03 02:08:59,312 rank_103_alphafold2_ptm_model_3_seed_021 pLDDT=50.1 pTM=0.303
2026-04-03 02:08:59,313 rank_104_alphafold2_ptm_model_3_seed_010 pLDDT=49.7 pTM=0.333
2026-04-03 02:08:59,315 rank_105_alphafold2_ptm_model_3_seed_019 pLDDT=48.5 pTM=0.307
2026-04-03 02:08:59,317 rank_106_alphafold2_ptm_model_3_seed_006 pLDDT=45.8 pTM=0.29
2026-04-03 02:08:59,319 rank_107_alphafold2_ptm_model_3_seed_018 pLDDT=45.3 pTM=0.298
2026-04-03 02:08:59,320 rank_108_alphafold2_ptm_model_3_seed_016 pLDDT=43.4 pTM=0.299
2026-04-03 02:08:59,322 rank_109_alphafold2_ptm_model_3_seed_013 pLDDT=41 pTM=0.253
2026-04-03 02:08:59,324 rank_110_alphafold2_ptm_model_3_seed_022 pLDDT=41 pTM=0.42
2026-04-03 02:08:59,326 rank_111_alphafold2_ptm_model_3_seed_024 pLDDT=38.1 pTM=0.302
2026-04-03 02:08:59,327 rank_112_alphafold2_ptm_model_3_seed_011 pLDDT=37.6 pTM=0.292
2026-04-03 02:08:59,329 rank_113_alphafold2_ptm_model_3_seed_003 pLDDT=36 pTM=0.227
2026-04-03 02:08:59,331 rank_114_alphafold2_ptm_model_3_seed_020 pLDDT=35.9 pTM=0.639
2026-04-03 02:08:59,333 rank_115_alphafold2_ptm_model_3_seed_008 pLDDT=35.5 pTM=0.592
2026-04-03 02:08:59,335 rank_116_alphafold2_ptm_model_3_seed_014 pLDDT=35.4 pTM=0.234
2026-04-03 02:08:59,336 rank_117_alphafold2_ptm_model_3_seed_023 pLDDT=35.1 pTM=0.246
2026-04-03 02:08:59,338 rank_118_alphafold2_ptm_model_3_seed_004 pLDDT=32.7 pTM=0.196
2026-04-03 02:08:59,340 rank_119_alphafold2_ptm_model_3_seed_012 pLDDT=30 pTM=0.305
2026-04-03 02:08:59,342 rank_120_alphafold2_ptm_model_3_seed_002 pLDDT=29 pTM=0.553
2026-04-03 02:08:59,344 rank_121_alphafold2_ptm_model_3_seed_005 pLDDT=29 pTM=0.646
2026-04-03 02:08:59,345 rank_122_alphafold2_ptm_model_3_seed_007 pLDDT=28.6 pTM=0.329
2026-04-03 02:08:59,347 rank_123_alphafold2_ptm_model_3_seed_017 pLDDT=27.3 pTM=0.334
2026-04-03 02:08:59,349 rank_124_alphafold2_ptm_model_3_seed_015 pLDDT=27.1 pTM=0.292
2026-04-03 02:08:59,351 rank_125_alphafold2_ptm_model_3_seed_001 pLDDT=23.5 pTM=0.493
2026-04-03 02:09:02,286 Done
WARNING: All log messages before absl::InitializeLog() is called are written to STDERR
E0000 00:00:1775196592.805872    1417 cuda_dnn.cc:8310] Unable to register cuDNN factory: Attempting to register factory for plugin cuDNN when one has already been registered
E0000 00:00:1775196592.814352    1417 cuda_blas.cc:1418] Unable to register cuBLAS factory: Attempting to register factory for plugin cuBLAS when one has already been registered
2026-04-03 02:09:59,481 Running colabfold 1.5.5 (e2ca9e8f992cd65c986de5b64885d5572d8b8ad9)
2026-04-03 02:10:00,171 Running on GPU
2026-04-03 02:10:02,431 Found 8 citations for tools or databases
2026-04-03 02:10:48,279 Query 1/1: UvrD (length 644)
  0%|          | 0/150 [elapsed: 00:00 remaining: ?]SUBMIT:   0%|          | 0/150 [elapsed: 00:00 remaining: ?]COMPLETE:   0%|          | 0/150 [elapsed: 00:00 remaining: ?]COMPLETE: 100%|██████████| 150/150 [elapsed: 00:00 remaining: 00:00]COMPLETE: 100%|██████████| 150/150 [elapsed: 00:03 remaining: 00:00]
WARNING: All log messages before absl::InitializeLog() is called are written to STDERR
I0000 00:00:1775196681.944363    1417 mlir_graph_optimization_pass.cc:401] MLIR V1 optimization pass is not enabled
2026-04-03 02:11:04,880 Sequence 0 found templates: ['0051_A', '0033_A', '0009_A', '0034_A', '0052_A', '0035_A', '0010_A', '0036_A', '0053_A', '0045_A', '0011_A', '0042_A', '0054_A', '0046_A', '0012_A', '0043_A', '0055_A', '0044_A', '0013_A', '0056_A']
2026-04-03 02:11:12,844 Setting max_seq=16, max_extra_seq=32
2026-04-03 02:13:04,782 alphafold2_ptm_model_1_seed_000 recycle=0 pLDDT=81.4 pTM=0.771
2026-04-03 02:13:04,793 alphafold2_ptm_model_1_seed_000 took 98.0s (0 recycles)
2026-04-03 02:14:10,243 alphafold2_ptm_model_2_seed_000 recycle=0 pLDDT=78.4 pTM=0.671
2026-04-03 02:14:10,252 alphafold2_ptm_model_2_seed_000 took 64.7s (0 recycles)
2026-04-03 02:15:26,986 alphafold2_ptm_model_3_seed_000 recycle=0 pLDDT=55.5 pTM=0.39
2026-04-03 02:15:26,995 alphafold2_ptm_model_3_seed_000 took 76.0s (0 recycles)
2026-04-03 02:16:25,682 alphafold2_ptm_model_4_seed_000 recycle=0 pLDDT=69.2 pTM=0.45
2026-04-03 02:16:25,683 alphafold2_ptm_model_4_seed_000 took 58.0s (0 recycles)
2026-04-03 02:17:25,142 alphafold2_ptm_model_5_seed_000 recycle=0 pLDDT=74.9 pTM=0.521
2026-04-03 02:17:25,150 alphafold2_ptm_model_5_seed_000 took 58.8s (0 recycles)
2026-04-03 02:18:42,121 alphafold2_ptm_model_1_seed_001 recycle=0 pLDDT=86.6 pTM=0.838
2026-04-03 02:18:42,130 alphafold2_ptm_model_1_seed_001 took 65.0s (0 recycles)
2026-04-03 02:19:47,810 alphafold2_ptm_model_2_seed_001 recycle=0 pLDDT=79.2 pTM=0.692
2026-04-03 02:19:47,818 alphafold2_ptm_model_2_seed_001 took 65.0s (0 recycles)
2026-04-03 02:20:47,513 alphafold2_ptm_model_3_seed_001 recycle=0 pLDDT=23.5 pTM=0.493
2026-04-03 02:20:47,522 alphafold2_ptm_model_3_seed_001 took 59.0s (0 recycles)
2026-04-03 02:21:46,485 alphafold2_ptm_model_4_seed_001 recycle=0 pLDDT=68.2 pTM=0.418
2026-04-03 02:21:46,494 alphafold2_ptm_model_4_seed_001 took 58.3s (0 recycles)
2026-04-03 02:22:45,397 alphafold2_ptm_model_5_seed_001 recycle=0 pLDDT=72.5 pTM=0.469
2026-04-03 02:22:45,405 alphafold2_ptm_model_5_seed_001 took 58.2s (0 recycles)
2026-04-03 02:24:01,203 alphafold2_ptm_model_1_seed_002 recycle=0 pLDDT=83.9 pTM=0.815
2026-04-03 02:24:01,212 alphafold2_ptm_model_1_seed_002 took 64.0s (0 recycles)
2026-04-03 02:25:06,913 alphafold2_ptm_model_2_seed_002 recycle=0 pLDDT=80.9 pTM=0.7
2026-04-03 02:25:06,921 alphafold2_ptm_model_2_seed_002 took 65.0s (0 recycles)
2026-04-03 02:26:06,774 alphafold2_ptm_model_3_seed_002 recycle=0 pLDDT=29 pTM=0.553
2026-04-03 02:26:06,782 alphafold2_ptm_model_3_seed_002 took 59.2s (0 recycles)
2026-04-03 02:27:06,702 alphafold2_ptm_model_4_seed_002 recycle=0 pLDDT=63.3 pTM=0.429
2026-04-03 02:27:06,711 alphafold2_ptm_model_4_seed_002 took 59.2s (0 recycles)
2026-04-03 02:28:06,605 alphafold2_ptm_model_5_seed_002 recycle=0 pLDDT=72.2 pTM=0.494
2026-04-03 02:28:06,614 alphafold2_ptm_model_5_seed_002 took 59.2s (0 recycles)
2026-04-03 02:29:23,502 alphafold2_ptm_model_1_seed_003 recycle=0 pLDDT=85.7 pTM=0.82
2026-04-03 02:29:23,510 alphafold2_ptm_model_1_seed_003 took 65.0s (0 recycles)
2026-04-03 02:30:29,187 alphafold2_ptm_model_2_seed_003 recycle=0 pLDDT=76.1 pTM=0.647
2026-04-03 02:30:29,196 alphafold2_ptm_model_2_seed_003 took 65.0s (0 recycles)
2026-04-03 02:31:28,974 alphafold2_ptm_model_3_seed_003 recycle=0 pLDDT=36 pTM=0.227
2026-04-03 02:31:28,982 alphafold2_ptm_model_3_seed_003 took 59.1s (0 recycles)
2026-04-03 02:32:28,798 alphafold2_ptm_model_4_seed_003 recycle=0 pLDDT=68.9 pTM=0.458
2026-04-03 02:32:28,806 alphafold2_ptm_model_4_seed_003 took 59.1s (0 recycles)
2026-04-03 02:33:28,643 alphafold2_ptm_model_5_seed_003 recycle=0 pLDDT=70.6 pTM=0.48
2026-04-03 02:33:28,651 alphafold2_ptm_model_5_seed_003 took 59.1s (0 recycles)
2026-04-03 02:34:45,583 alphafold2_ptm_model_1_seed_004 recycle=0 pLDDT=75.9 pTM=0.729
2026-04-03 02:34:45,591 alphafold2_ptm_model_1_seed_004 took 65.0s (0 recycles)
2026-04-03 02:35:51,268 alphafold2_ptm_model_2_seed_004 recycle=0 pLDDT=70.7 pTM=0.562
2026-04-03 02:35:51,276 alphafold2_ptm_model_2_seed_004 took 65.0s (0 recycles)
2026-04-03 02:36:51,052 alphafold2_ptm_model_3_seed_004 recycle=0 pLDDT=32.7 pTM=0.196
2026-04-03 02:36:51,060 alphafold2_ptm_model_3_seed_004 took 59.1s (0 recycles)
2026-04-03 02:37:51,075 alphafold2_ptm_model_4_seed_004 recycle=0 pLDDT=67.1 pTM=0.428
2026-04-03 02:37:51,083 alphafold2_ptm_model_4_seed_004 took 59.1s (0 recycles)
2026-04-03 02:38:50,911 alphafold2_ptm_model_5_seed_004 recycle=0 pLDDT=75.1 pTM=0.543
2026-04-03 02:38:50,919 alphafold2_ptm_model_5_seed_004 took 59.1s (0 recycles)
2026-04-03 02:40:06,904 alphafold2_ptm_model_1_seed_005 recycle=0 pLDDT=73.7 pTM=0.698
2026-04-03 02:40:06,912 alphafold2_ptm_model_1_seed_005 took 64.1s (0 recycles)
2026-04-03 02:41:11,540 alphafold2_ptm_model_2_seed_005 recycle=0 pLDDT=69.2 pTM=0.549
2026-04-03 02:41:11,543 alphafold2_ptm_model_2_seed_005 took 63.9s (0 recycles)
2026-04-03 02:42:11,234 alphafold2_ptm_model_3_seed_005 recycle=0 pLDDT=29 pTM=0.646
2026-04-03 02:42:11,242 alphafold2_ptm_model_3_seed_005 took 59.0s (0 recycles)
2026-04-03 02:43:11,269 alphafold2_ptm_model_4_seed_005 recycle=0 pLDDT=66.7 pTM=0.449
2026-04-03 02:43:11,277 alphafold2_ptm_model_4_seed_005 took 59.1s (0 recycles)
2026-04-03 02:44:11,083 alphafold2_ptm_model_5_seed_005 recycle=0 pLDDT=74.2 pTM=0.556
2026-04-03 02:44:11,091 alphafold2_ptm_model_5_seed_005 took 59.1s (0 recycles)
2026-04-03 02:45:28,819 alphafold2_ptm_model_1_seed_006 recycle=0 pLDDT=83.9 pTM=0.799
2026-04-03 02:45:28,828 alphafold2_ptm_model_1_seed_006 took 65.1s (0 recycles)
2026-04-03 02:46:34,642 alphafold2_ptm_model_2_seed_006 recycle=0 pLDDT=78.4 pTM=0.7
2026-04-03 02:46:34,650 alphafold2_ptm_model_2_seed_006 took 65.1s (0 recycles)
2026-04-03 02:47:34,551 alphafold2_ptm_model_3_seed_006 recycle=0 pLDDT=45.8 pTM=0.29
2026-04-03 02:47:34,560 alphafold2_ptm_model_3_seed_006 took 59.2s (0 recycles)
2026-04-03 02:48:34,446 alphafold2_ptm_model_4_seed_006 recycle=0 pLDDT=68.1 pTM=0.435
2026-04-03 02:48:34,455 alphafold2_ptm_model_4_seed_006 took 59.2s (0 recycles)
2026-04-03 02:49:34,342 alphafold2_ptm_model_5_seed_006 recycle=0 pLDDT=77.8 pTM=0.599
2026-04-03 02:49:34,350 alphafold2_ptm_model_5_seed_006 took 59.2s (0 recycles)
2026-04-03 02:50:51,549 alphafold2_ptm_model_1_seed_007 recycle=0 pLDDT=76.2 pTM=0.734
2026-04-03 02:50:51,557 alphafold2_ptm_model_1_seed_007 took 65.2s (0 recycles)
2026-04-03 02:51:57,427 alphafold2_ptm_model_2_seed_007 recycle=0 pLDDT=72.1 pTM=0.606
2026-04-03 02:51:57,435 alphafold2_ptm_model_2_seed_007 took 65.2s (0 recycles)
2026-04-03 02:52:57,392 alphafold2_ptm_model_3_seed_007 recycle=0 pLDDT=28.6 pTM=0.329
2026-04-03 02:52:57,400 alphafold2_ptm_model_3_seed_007 took 59.3s (0 recycles)
2026-04-03 02:53:57,412 alphafold2_ptm_model_4_seed_007 recycle=0 pLDDT=67.6 pTM=0.417
2026-04-03 02:53:57,421 alphafold2_ptm_model_4_seed_007 took 59.3s (0 recycles)
2026-04-03 02:54:57,451 alphafold2_ptm_model_5_seed_007 recycle=0 pLDDT=74.4 pTM=0.507
2026-04-03 02:54:57,460 alphafold2_ptm_model_5_seed_007 took 59.3s (0 recycles)
2026-04-03 02:56:14,698 alphafold2_ptm_model_1_seed_008 recycle=0 pLDDT=85.4 pTM=0.826
2026-04-03 02:56:14,706 alphafold2_ptm_model_1_seed_008 took 65.3s (0 recycles)
2026-04-03 02:57:20,637 alphafold2_ptm_model_2_seed_008 recycle=0 pLDDT=81.1 pTM=0.715
2026-04-03 02:57:20,646 alphafold2_ptm_model_2_seed_008 took 65.2s (0 recycles)
2026-04-03 02:58:20,564 alphafold2_ptm_model_3_seed_008 recycle=0 pLDDT=35.5 pTM=0.592
2026-04-03 02:58:20,572 alphafold2_ptm_model_3_seed_008 took 59.2s (0 recycles)
2026-04-03 02:59:20,596 alphafold2_ptm_model_4_seed_008 recycle=0 pLDDT=74.8 pTM=0.479
2026-04-03 02:59:20,605 alphafold2_ptm_model_4_seed_008 took 59.3s (0 recycles)
2026-04-03 03:00:20,635 alphafold2_ptm_model_5_seed_008 recycle=0 pLDDT=80.6 pTM=0.633
2026-04-03 03:00:20,643 alphafold2_ptm_model_5_seed_008 took 59.3s (0 recycles)
2026-04-03 03:01:37,898 alphafold2_ptm_model_1_seed_009 recycle=0 pLDDT=83.6 pTM=0.81
2026-04-03 03:01:37,906 alphafold2_ptm_model_1_seed_009 took 65.3s (0 recycles)
2026-04-03 03:02:43,853 alphafold2_ptm_model_2_seed_009 recycle=0 pLDDT=80.4 pTM=0.691
2026-04-03 03:02:43,861 alphafold2_ptm_model_2_seed_009 took 65.3s (0 recycles)
2026-04-03 03:03:43,882 alphafold2_ptm_model_3_seed_009 recycle=0 pLDDT=60.8 pTM=0.413
2026-04-03 03:03:43,891 alphafold2_ptm_model_3_seed_009 took 59.3s (0 recycles)
2026-04-03 03:04:43,936 alphafold2_ptm_model_4_seed_009 recycle=0 pLDDT=76.1 pTM=0.458
2026-04-03 03:04:43,944 alphafold2_ptm_model_4_seed_009 took 59.3s (0 recycles)
2026-04-03 03:05:43,953 alphafold2_ptm_model_5_seed_009 recycle=0 pLDDT=75.6 pTM=0.503
2026-04-03 03:05:43,962 alphafold2_ptm_model_5_seed_009 took 59.3s (0 recycles)
2026-04-03 03:07:00,265 alphafold2_ptm_model_1_seed_010 recycle=0 pLDDT=85.5 pTM=0.816
2026-04-03 03:07:00,273 alphafold2_ptm_model_1_seed_010 took 64.3s (0 recycles)
2026-04-03 03:08:05,182 alphafold2_ptm_model_2_seed_010 recycle=0 pLDDT=81.6 pTM=0.716
2026-04-03 03:08:05,190 alphafold2_ptm_model_2_seed_010 took 64.2s (0 recycles)
2026-04-03 03:09:04,192 alphafold2_ptm_model_3_seed_010 recycle=0 pLDDT=49.7 pTM=0.333
2026-04-03 03:09:04,201 alphafold2_ptm_model_3_seed_010 took 58.3s (0 recycles)
2026-04-03 03:10:03,258 alphafold2_ptm_model_4_seed_010 recycle=0 pLDDT=71.6 pTM=0.44
2026-04-03 03:10:03,266 alphafold2_ptm_model_4_seed_010 took 58.4s (0 recycles)
2026-04-03 03:11:02,284 alphafold2_ptm_model_5_seed_010 recycle=0 pLDDT=72.2 pTM=0.519
2026-04-03 03:11:02,293 alphafold2_ptm_model_5_seed_010 took 58.3s (0 recycles)
2026-04-03 03:12:18,584 alphafold2_ptm_model_1_seed_011 recycle=0 pLDDT=84.8 pTM=0.809
2026-04-03 03:12:18,593 alphafold2_ptm_model_1_seed_011 took 64.2s (0 recycles)
2026-04-03 03:13:23,395 alphafold2_ptm_model_2_seed_011 recycle=0 pLDDT=80 pTM=0.708
2026-04-03 03:13:23,403 alphafold2_ptm_model_2_seed_011 took 64.1s (0 recycles)
2026-04-03 03:14:22,300 alphafold2_ptm_model_3_seed_011 recycle=0 pLDDT=37.6 pTM=0.292
2026-04-03 03:14:22,308 alphafold2_ptm_model_3_seed_011 took 58.2s (0 recycles)
2026-04-03 03:15:21,237 alphafold2_ptm_model_4_seed_011 recycle=0 pLDDT=71.2 pTM=0.448
2026-04-03 03:15:21,246 alphafold2_ptm_model_4_seed_011 took 58.3s (0 recycles)
2026-04-03 03:16:20,133 alphafold2_ptm_model_5_seed_011 recycle=0 pLDDT=77 pTM=0.593
2026-04-03 03:16:20,142 alphafold2_ptm_model_5_seed_011 took 58.2s (0 recycles)
2026-04-03 03:17:36,635 alphafold2_ptm_model_1_seed_012 recycle=0 pLDDT=80.6 pTM=0.775
2026-04-03 03:17:36,643 alphafold2_ptm_model_1_seed_012 took 64.2s (0 recycles)
2026-04-03 03:18:41,447 alphafold2_ptm_model_2_seed_012 recycle=0 pLDDT=72.8 pTM=0.598
2026-04-03 03:18:41,455 alphafold2_ptm_model_2_seed_012 took 64.1s (0 recycles)
2026-04-03 03:19:40,333 alphafold2_ptm_model_3_seed_012 recycle=0 pLDDT=30 pTM=0.305
2026-04-03 03:19:40,341 alphafold2_ptm_model_3_seed_012 took 58.2s (0 recycles)
2026-04-03 03:20:39,285 alphafold2_ptm_model_4_seed_012 recycle=0 pLDDT=68.8 pTM=0.429
2026-04-03 03:20:39,293 alphafold2_ptm_model_4_seed_012 took 58.3s (0 recycles)
2026-04-03 03:21:38,174 alphafold2_ptm_model_5_seed_012 recycle=0 pLDDT=77.3 pTM=0.589
2026-04-03 03:21:38,183 alphafold2_ptm_model_5_seed_012 took 58.2s (0 recycles)
2026-04-03 03:22:54,823 alphafold2_ptm_model_1_seed_013 recycle=0 pLDDT=83.8 pTM=0.801
2026-04-03 03:22:54,831 alphafold2_ptm_model_1_seed_013 took 64.2s (0 recycles)
2026-04-03 03:23:59,646 alphafold2_ptm_model_2_seed_013 recycle=0 pLDDT=74.2 pTM=0.654
2026-04-03 03:23:59,654 alphafold2_ptm_model_2_seed_013 took 64.1s (0 recycles)
2026-04-03 03:24:58,535 alphafold2_ptm_model_3_seed_013 recycle=0 pLDDT=41 pTM=0.253
2026-04-03 03:24:58,543 alphafold2_ptm_model_3_seed_013 took 58.2s (0 recycles)
2026-04-03 03:25:57,495 alphafold2_ptm_model_4_seed_013 recycle=0 pLDDT=69.9 pTM=0.451
2026-04-03 03:25:57,503 alphafold2_ptm_model_4_seed_013 took 58.3s (0 recycles)
2026-04-03 03:26:56,411 alphafold2_ptm_model_5_seed_013 recycle=0 pLDDT=73.3 pTM=0.507
2026-04-03 03:26:56,419 alphafold2_ptm_model_5_seed_013 took 58.2s (0 recycles)
2026-04-03 03:28:13,322 alphafold2_ptm_model_1_seed_014 recycle=0 pLDDT=83.7 pTM=0.805
2026-04-03 03:28:13,330 alphafold2_ptm_model_1_seed_014 took 64.2s (0 recycles)
2026-04-03 03:29:18,111 alphafold2_ptm_model_2_seed_014 recycle=0 pLDDT=68.8 pTM=0.554
2026-04-03 03:29:18,119 alphafold2_ptm_model_2_seed_014 took 64.1s (0 recycles)
2026-04-03 03:30:17,012 alphafold2_ptm_model_3_seed_014 recycle=0 pLDDT=35.4 pTM=0.234
2026-04-03 03:30:17,021 alphafold2_ptm_model_3_seed_014 took 58.2s (0 recycles)
2026-04-03 03:31:15,914 alphafold2_ptm_model_4_seed_014 recycle=0 pLDDT=66.9 pTM=0.42
2026-04-03 03:31:15,922 alphafold2_ptm_model_4_seed_014 took 58.2s (0 recycles)
2026-04-03 03:32:14,851 alphafold2_ptm_model_5_seed_014 recycle=0 pLDDT=69.4 pTM=0.484
2026-04-03 03:32:14,859 alphafold2_ptm_model_5_seed_014 took 58.3s (0 recycles)
2026-04-03 03:33:32,152 alphafold2_ptm_model_1_seed_015 recycle=0 pLDDT=83.2 pTM=0.801
2026-04-03 03:33:32,160 alphafold2_ptm_model_1_seed_015 took 64.2s (0 recycles)
2026-04-03 03:34:36,963 alphafold2_ptm_model_2_seed_015 recycle=0 pLDDT=72.9 pTM=0.583
2026-04-03 03:34:36,972 alphafold2_ptm_model_2_seed_015 took 64.1s (0 recycles)
2026-04-03 03:35:35,834 alphafold2_ptm_model_3_seed_015 recycle=0 pLDDT=27.1 pTM=0.292
2026-04-03 03:35:35,842 alphafold2_ptm_model_3_seed_015 took 58.2s (0 recycles)
2026-04-03 03:36:34,813 alphafold2_ptm_model_4_seed_015 recycle=0 pLDDT=68.2 pTM=0.462
2026-04-03 03:36:34,821 alphafold2_ptm_model_4_seed_015 took 58.3s (0 recycles)
2026-04-03 03:37:34,720 alphafold2_ptm_model_5_seed_015 recycle=0 pLDDT=72.4 pTM=0.494
2026-04-03 03:37:34,728 alphafold2_ptm_model_5_seed_015 took 59.2s (0 recycles)
2026-04-03 03:38:53,498 alphafold2_ptm_model_1_seed_016 recycle=0 pLDDT=84.8 pTM=0.823
2026-04-03 03:38:53,507 alphafold2_ptm_model_1_seed_016 took 65.1s (0 recycles)
2026-04-03 03:39:59,295 alphafold2_ptm_model_2_seed_016 recycle=0 pLDDT=76.2 pTM=0.639
2026-04-03 03:39:59,303 alphafold2_ptm_model_2_seed_016 took 65.1s (0 recycles)
2026-04-03 03:40:59,183 alphafold2_ptm_model_3_seed_016 recycle=0 pLDDT=43.4 pTM=0.299
2026-04-03 03:40:59,191 alphafold2_ptm_model_3_seed_016 took 59.2s (0 recycles)
2026-04-03 03:41:59,071 alphafold2_ptm_model_4_seed_016 recycle=0 pLDDT=72.6 pTM=0.466
2026-04-03 03:41:59,079 alphafold2_ptm_model_4_seed_016 took 59.2s (0 recycles)
2026-04-03 03:42:58,992 alphafold2_ptm_model_5_seed_016 recycle=0 pLDDT=75.6 pTM=0.556
2026-04-03 03:42:59,001 alphafold2_ptm_model_5_seed_016 took 59.2s (0 recycles)
2026-04-03 03:44:17,476 alphafold2_ptm_model_1_seed_017 recycle=0 pLDDT=78.8 pTM=0.747
2026-04-03 03:44:17,484 alphafold2_ptm_model_1_seed_017 took 64.1s (0 recycles)
2026-04-03 03:45:22,279 alphafold2_ptm_model_2_seed_017 recycle=0 pLDDT=71 pTM=0.604
2026-04-03 03:45:22,287 alphafold2_ptm_model_2_seed_017 took 64.1s (0 recycles)
2026-04-03 03:46:21,147 alphafold2_ptm_model_3_seed_017 recycle=0 pLDDT=27.3 pTM=0.334
2026-04-03 03:46:21,155 alphafold2_ptm_model_3_seed_017 took 58.2s (0 recycles)
2026-04-03 03:47:20,080 alphafold2_ptm_model_4_seed_017 recycle=0 pLDDT=56.7 pTM=0.371
2026-04-03 03:47:20,088 alphafold2_ptm_model_4_seed_017 took 58.2s (0 recycles)
2026-04-03 03:48:18,965 alphafold2_ptm_model_5_seed_017 recycle=0 pLDDT=73.8 pTM=0.478
2026-04-03 03:48:18,973 alphafold2_ptm_model_5_seed_017 took 58.2s (0 recycles)
2026-04-03 03:49:37,840 alphafold2_ptm_model_1_seed_018 recycle=0 pLDDT=79.3 pTM=0.749
2026-04-03 03:49:37,848 alphafold2_ptm_model_1_seed_018 took 64.1s (0 recycles)
2026-04-03 03:50:42,656 alphafold2_ptm_model_2_seed_018 recycle=0 pLDDT=78.1 pTM=0.654
2026-04-03 03:50:42,664 alphafold2_ptm_model_2_seed_018 took 64.1s (0 recycles)
2026-04-03 03:51:41,512 alphafold2_ptm_model_3_seed_018 recycle=0 pLDDT=45.3 pTM=0.298
2026-04-03 03:51:41,520 alphafold2_ptm_model_3_seed_018 took 58.2s (0 recycles)
2026-04-03 03:52:40,436 alphafold2_ptm_model_4_seed_018 recycle=0 pLDDT=68 pTM=0.446
2026-04-03 03:52:40,444 alphafold2_ptm_model_4_seed_018 took 58.2s (0 recycles)
2026-04-03 03:53:39,307 alphafold2_ptm_model_5_seed_018 recycle=0 pLDDT=75 pTM=0.556
2026-04-03 03:53:39,315 alphafold2_ptm_model_5_seed_018 took 58.2s (0 recycles)
2026-04-03 03:54:58,159 alphafold2_ptm_model_1_seed_019 recycle=0 pLDDT=81.1 pTM=0.771
2026-04-03 03:54:58,168 alphafold2_ptm_model_1_seed_019 took 64.1s (0 recycles)
2026-04-03 03:56:02,757 alphafold2_ptm_model_2_seed_019 recycle=0 pLDDT=80.4 pTM=0.692
2026-04-03 03:56:02,759 alphafold2_ptm_model_2_seed_019 took 63.9s (0 recycles)
2026-04-03 03:57:02,435 alphafold2_ptm_model_3_seed_019 recycle=0 pLDDT=48.5 pTM=0.307
2026-04-03 03:57:02,445 alphafold2_ptm_model_3_seed_019 took 59.0s (0 recycles)
2026-04-03 03:58:02,387 alphafold2_ptm_model_4_seed_019 recycle=0 pLDDT=72.8 pTM=0.482
2026-04-03 03:58:02,397 alphafold2_ptm_model_4_seed_019 took 59.3s (0 recycles)
2026-04-03 03:59:02,335 alphafold2_ptm_model_5_seed_019 recycle=0 pLDDT=77.1 pTM=0.543
2026-04-03 03:59:02,344 alphafold2_ptm_model_5_seed_019 took 59.2s (0 recycles)
2026-04-03 04:00:22,313 alphafold2_ptm_model_1_seed_020 recycle=0 pLDDT=87.3 pTM=0.837
2026-04-03 04:00:22,322 alphafold2_ptm_model_1_seed_020 took 65.2s (0 recycles)
2026-04-03 04:01:28,148 alphafold2_ptm_model_2_seed_020 recycle=0 pLDDT=81.4 pTM=0.729
2026-04-03 04:01:28,157 alphafold2_ptm_model_2_seed_020 took 65.1s (0 recycles)
2026-04-03 04:02:28,022 alphafold2_ptm_model_3_seed_020 recycle=0 pLDDT=35.9 pTM=0.639
2026-04-03 04:02:28,031 alphafold2_ptm_model_3_seed_020 took 59.2s (0 recycles)
2026-04-03 04:03:27,906 alphafold2_ptm_model_4_seed_020 recycle=0 pLDDT=68.9 pTM=0.444
2026-04-03 04:03:27,915 alphafold2_ptm_model_4_seed_020 took 59.2s (0 recycles)
2026-04-03 04:04:27,812 alphafold2_ptm_model_5_seed_020 recycle=0 pLDDT=67.9 pTM=0.583
2026-04-03 04:04:27,821 alphafold2_ptm_model_5_seed_020 took 59.2s (0 recycles)
2026-04-03 04:05:45,604 alphafold2_ptm_model_1_seed_021 recycle=0 pLDDT=81.1 pTM=0.773
2026-04-03 04:05:45,612 alphafold2_ptm_model_1_seed_021 took 65.1s (0 recycles)
2026-04-03 04:06:50,447 alphafold2_ptm_model_2_seed_021 recycle=0 pLDDT=78.4 pTM=0.675
2026-04-03 04:06:50,455 alphafold2_ptm_model_2_seed_021 took 64.1s (0 recycles)
2026-04-03 04:07:49,329 alphafold2_ptm_model_3_seed_021 recycle=0 pLDDT=50.1 pTM=0.303
2026-04-03 04:07:49,338 alphafold2_ptm_model_3_seed_021 took 58.2s (0 recycles)
2026-04-03 04:08:48,272 alphafold2_ptm_model_4_seed_021 recycle=0 pLDDT=72.3 pTM=0.471
2026-04-03 04:08:48,281 alphafold2_ptm_model_4_seed_021 took 58.3s (0 recycles)
2026-04-03 04:09:47,383 alphafold2_ptm_model_5_seed_021 recycle=0 pLDDT=77.2 pTM=0.53
2026-04-03 04:09:47,391 alphafold2_ptm_model_5_seed_021 took 58.2s (0 recycles)
2026-04-03 04:11:03,380 alphafold2_ptm_model_1_seed_022 recycle=0 pLDDT=72.1 pTM=0.656
2026-04-03 04:11:03,388 alphafold2_ptm_model_1_seed_022 took 64.1s (0 recycles)
2026-04-03 04:12:08,165 alphafold2_ptm_model_2_seed_022 recycle=0 pLDDT=70.4 pTM=0.556
2026-04-03 04:12:08,173 alphafold2_ptm_model_2_seed_022 took 64.1s (0 recycles)
2026-04-03 04:13:07,046 alphafold2_ptm_model_3_seed_022 recycle=0 pLDDT=41 pTM=0.42
2026-04-03 04:13:07,055 alphafold2_ptm_model_3_seed_022 took 58.2s (0 recycles)
2026-04-03 04:14:05,952 alphafold2_ptm_model_4_seed_022 recycle=0 pLDDT=71.6 pTM=0.542
2026-04-03 04:14:05,960 alphafold2_ptm_model_4_seed_022 took 58.2s (0 recycles)
2026-04-03 04:15:04,850 alphafold2_ptm_model_5_seed_022 recycle=0 pLDDT=77.8 pTM=0.714
2026-04-03 04:15:04,859 alphafold2_ptm_model_5_seed_022 took 58.2s (0 recycles)
2026-04-03 04:16:20,900 alphafold2_ptm_model_1_seed_023 recycle=0 pLDDT=79.9 pTM=0.762
2026-04-03 04:16:20,908 alphafold2_ptm_model_1_seed_023 took 64.1s (0 recycles)
2026-04-03 04:17:25,693 alphafold2_ptm_model_2_seed_023 recycle=0 pLDDT=72.8 pTM=0.611
2026-04-03 04:17:25,701 alphafold2_ptm_model_2_seed_023 took 64.1s (0 recycles)
2026-04-03 04:18:24,558 alphafold2_ptm_model_3_seed_023 recycle=0 pLDDT=35.1 pTM=0.246
2026-04-03 04:18:24,566 alphafold2_ptm_model_3_seed_023 took 58.2s (0 recycles)
2026-04-03 04:19:23,488 alphafold2_ptm_model_4_seed_023 recycle=0 pLDDT=69.1 pTM=0.467
2026-04-03 04:19:23,496 alphafold2_ptm_model_4_seed_023 took 58.2s (0 recycles)
2026-04-03 04:20:22,395 alphafold2_ptm_model_5_seed_023 recycle=0 pLDDT=76.1 pTM=0.727
2026-04-03 04:20:22,403 alphafold2_ptm_model_5_seed_023 took 58.2s (0 recycles)
2026-04-03 04:21:38,558 alphafold2_ptm_model_1_seed_024 recycle=0 pLDDT=80.2 pTM=0.775
2026-04-03 04:21:38,566 alphafold2_ptm_model_1_seed_024 took 64.3s (0 recycles)
2026-04-03 04:22:43,493 alphafold2_ptm_model_2_seed_024 recycle=0 pLDDT=74.2 pTM=0.62
2026-04-03 04:22:43,501 alphafold2_ptm_model_2_seed_024 took 64.3s (0 recycles)
2026-04-03 04:23:42,500 alphafold2_ptm_model_3_seed_024 recycle=0 pLDDT=38.1 pTM=0.302
2026-04-03 04:23:42,508 alphafold2_ptm_model_3_seed_024 took 58.3s (0 recycles)
2026-04-03 04:24:41,564 alphafold2_ptm_model_4_seed_024 recycle=0 pLDDT=68.1 pTM=0.428
2026-04-03 04:24:41,573 alphafold2_ptm_model_4_seed_024 took 58.4s (0 recycles)
2026-04-03 04:25:40,565 alphafold2_ptm_model_5_seed_024 recycle=0 pLDDT=70.9 pTM=0.459
2026-04-03 04:25:40,573 alphafold2_ptm_model_5_seed_024 took 58.3s (0 recycles)
2026-04-03 04:25:41,250 reranking models by 'plddt' metric
2026-04-03 04:25:41,250 rank_001_alphafold2_ptm_model_1_seed_020 pLDDT=87.3 pTM=0.837
2026-04-03 04:25:41,252 rank_002_alphafold2_ptm_model_1_seed_001 pLDDT=86.6 pTM=0.838
2026-04-03 04:25:41,254 rank_003_alphafold2_ptm_model_1_seed_003 pLDDT=85.7 pTM=0.82
2026-04-03 04:25:41,256 rank_004_alphafold2_ptm_model_1_seed_010 pLDDT=85.5 pTM=0.816
2026-04-03 04:25:41,257 rank_005_alphafold2_ptm_model_1_seed_008 pLDDT=85.4 pTM=0.826
2026-04-03 04:25:41,259 rank_006_alphafold2_ptm_model_1_seed_011 pLDDT=84.8 pTM=0.809
2026-04-03 04:25:41,261 rank_007_alphafold2_ptm_model_1_seed_016 pLDDT=84.8 pTM=0.823
2026-04-03 04:25:41,263 rank_008_alphafold2_ptm_model_1_seed_006 pLDDT=83.9 pTM=0.799
2026-04-03 04:25:41,265 rank_009_alphafold2_ptm_model_1_seed_002 pLDDT=83.9 pTM=0.815
2026-04-03 04:25:41,267 rank_010_alphafold2_ptm_model_1_seed_013 pLDDT=83.8 pTM=0.801
2026-04-03 04:25:41,269 rank_011_alphafold2_ptm_model_1_seed_014 pLDDT=83.7 pTM=0.805
2026-04-03 04:25:41,270 rank_012_alphafold2_ptm_model_1_seed_009 pLDDT=83.6 pTM=0.81
2026-04-03 04:25:41,272 rank_013_alphafold2_ptm_model_1_seed_015 pLDDT=83.2 pTM=0.801
2026-04-03 04:25:41,274 rank_014_alphafold2_ptm_model_2_seed_010 pLDDT=81.6 pTM=0.716
2026-04-03 04:25:41,276 rank_015_alphafold2_ptm_model_1_seed_000 pLDDT=81.4 pTM=0.771
2026-04-03 04:25:41,278 rank_016_alphafold2_ptm_model_2_seed_020 pLDDT=81.4 pTM=0.729
2026-04-03 04:25:41,280 rank_017_alphafold2_ptm_model_2_seed_008 pLDDT=81.1 pTM=0.715
2026-04-03 04:25:41,281 rank_018_alphafold2_ptm_model_1_seed_021 pLDDT=81.1 pTM=0.773
2026-04-03 04:25:41,283 rank_019_alphafold2_ptm_model_1_seed_019 pLDDT=81.1 pTM=0.771
2026-04-03 04:25:41,285 rank_020_alphafold2_ptm_model_2_seed_002 pLDDT=80.9 pTM=0.7
2026-04-03 04:25:41,287 rank_021_alphafold2_ptm_model_5_seed_008 pLDDT=80.6 pTM=0.633
2026-04-03 04:25:41,288 rank_022_alphafold2_ptm_model_1_seed_012 pLDDT=80.6 pTM=0.775
2026-04-03 04:25:41,290 rank_023_alphafold2_ptm_model_2_seed_019 pLDDT=80.4 pTM=0.692
2026-04-03 04:25:41,292 rank_024_alphafold2_ptm_model_2_seed_009 pLDDT=80.4 pTM=0.691
2026-04-03 04:25:41,294 rank_025_alphafold2_ptm_model_1_seed_024 pLDDT=80.2 pTM=0.775
2026-04-03 04:25:41,299 rank_026_alphafold2_ptm_model_2_seed_011 pLDDT=80 pTM=0.708
2026-04-03 04:25:41,300 rank_027_alphafold2_ptm_model_1_seed_023 pLDDT=79.9 pTM=0.762
2026-04-03 04:25:41,302 rank_028_alphafold2_ptm_model_1_seed_018 pLDDT=79.3 pTM=0.749
2026-04-03 04:25:41,304 rank_029_alphafold2_ptm_model_2_seed_001 pLDDT=79.2 pTM=0.692
2026-04-03 04:25:41,306 rank_030_alphafold2_ptm_model_1_seed_017 pLDDT=78.8 pTM=0.747
2026-04-03 04:25:41,308 rank_031_alphafold2_ptm_model_2_seed_006 pLDDT=78.4 pTM=0.7
2026-04-03 04:25:41,310 rank_032_alphafold2_ptm_model_2_seed_000 pLDDT=78.4 pTM=0.671
2026-04-03 04:25:41,311 rank_033_alphafold2_ptm_model_2_seed_021 pLDDT=78.4 pTM=0.675
2026-04-03 04:25:41,313 rank_034_alphafold2_ptm_model_2_seed_018 pLDDT=78.1 pTM=0.654
2026-04-03 04:25:41,315 rank_035_alphafold2_ptm_model_5_seed_006 pLDDT=77.8 pTM=0.599
2026-04-03 04:25:41,317 rank_036_alphafold2_ptm_model_5_seed_022 pLDDT=77.8 pTM=0.714
2026-04-03 04:25:41,319 rank_037_alphafold2_ptm_model_5_seed_012 pLDDT=77.3 pTM=0.589
2026-04-03 04:25:41,320 rank_038_alphafold2_ptm_model_5_seed_021 pLDDT=77.2 pTM=0.53
2026-04-03 04:25:41,322 rank_039_alphafold2_ptm_model_5_seed_019 pLDDT=77.1 pTM=0.543
2026-04-03 04:25:41,324 rank_040_alphafold2_ptm_model_5_seed_011 pLDDT=77 pTM=0.593
2026-04-03 04:25:41,326 rank_041_alphafold2_ptm_model_1_seed_007 pLDDT=76.2 pTM=0.734
2026-04-03 04:25:41,328 rank_042_alphafold2_ptm_model_2_seed_016 pLDDT=76.2 pTM=0.639
2026-04-03 04:25:41,330 rank_043_alphafold2_ptm_model_5_seed_023 pLDDT=76.1 pTM=0.727
2026-04-03 04:25:41,332 rank_044_alphafold2_ptm_model_2_seed_003 pLDDT=76.1 pTM=0.647
2026-04-03 04:25:41,333 rank_045_alphafold2_ptm_model_4_seed_009 pLDDT=76.1 pTM=0.458
2026-04-03 04:25:41,335 rank_046_alphafold2_ptm_model_1_seed_004 pLDDT=75.9 pTM=0.729
2026-04-03 04:25:41,337 rank_047_alphafold2_ptm_model_5_seed_016 pLDDT=75.6 pTM=0.556
2026-04-03 04:25:41,339 rank_048_alphafold2_ptm_model_5_seed_009 pLDDT=75.6 pTM=0.503
2026-04-03 04:25:41,340 rank_049_alphafold2_ptm_model_5_seed_004 pLDDT=75.1 pTM=0.543
2026-04-03 04:25:41,342 rank_050_alphafold2_ptm_model_5_seed_018 pLDDT=75 pTM=0.556
2026-04-03 04:25:41,344 rank_051_alphafold2_ptm_model_5_seed_000 pLDDT=74.9 pTM=0.521
2026-04-03 04:25:41,346 rank_052_alphafold2_ptm_model_4_seed_008 pLDDT=74.8 pTM=0.479
2026-04-03 04:25:41,348 rank_053_alphafold2_ptm_model_5_seed_007 pLDDT=74.4 pTM=0.507
2026-04-03 04:25:41,349 rank_054_alphafold2_ptm_model_2_seed_024 pLDDT=74.2 pTM=0.62
2026-04-03 04:25:41,351 rank_055_alphafold2_ptm_model_5_seed_005 pLDDT=74.2 pTM=0.556
2026-04-03 04:25:41,352 rank_056_alphafold2_ptm_model_2_seed_013 pLDDT=74.2 pTM=0.654
2026-04-03 04:25:41,354 rank_057_alphafold2_ptm_model_5_seed_017 pLDDT=73.8 pTM=0.478
2026-04-03 04:25:41,356 rank_058_alphafold2_ptm_model_1_seed_005 pLDDT=73.7 pTM=0.698
2026-04-03 04:25:41,358 rank_059_alphafold2_ptm_model_5_seed_013 pLDDT=73.3 pTM=0.507
2026-04-03 04:25:41,360 rank_060_alphafold2_ptm_model_2_seed_015 pLDDT=72.9 pTM=0.583
2026-04-03 04:25:41,362 rank_061_alphafold2_ptm_model_2_seed_012 pLDDT=72.8 pTM=0.598
2026-04-03 04:25:41,363 rank_062_alphafold2_ptm_model_2_seed_023 pLDDT=72.8 pTM=0.611
2026-04-03 04:25:41,365 rank_063_alphafold2_ptm_model_4_seed_019 pLDDT=72.8 pTM=0.482
2026-04-03 04:25:41,367 rank_064_alphafold2_ptm_model_4_seed_016 pLDDT=72.6 pTM=0.466
2026-04-03 04:25:41,369 rank_065_alphafold2_ptm_model_5_seed_001 pLDDT=72.5 pTM=0.469
2026-04-03 04:25:41,371 rank_066_alphafold2_ptm_model_5_seed_015 pLDDT=72.4 pTM=0.494
2026-04-03 04:25:41,372 rank_067_alphafold2_ptm_model_4_seed_021 pLDDT=72.3 pTM=0.471
2026-04-03 04:25:41,374 rank_068_alphafold2_ptm_model_5_seed_010 pLDDT=72.2 pTM=0.519
2026-04-03 04:25:41,376 rank_069_alphafold2_ptm_model_5_seed_002 pLDDT=72.2 pTM=0.494
2026-04-03 04:25:41,377 rank_070_alphafold2_ptm_model_2_seed_007 pLDDT=72.1 pTM=0.606
2026-04-03 04:25:41,379 rank_071_alphafold2_ptm_model_1_seed_022 pLDDT=72.1 pTM=0.656
2026-04-03 04:25:41,381 rank_072_alphafold2_ptm_model_4_seed_010 pLDDT=71.6 pTM=0.44
2026-04-03 04:25:41,383 rank_073_alphafold2_ptm_model_4_seed_022 pLDDT=71.6 pTM=0.542
2026-04-03 04:25:41,385 rank_074_alphafold2_ptm_model_4_seed_011 pLDDT=71.2 pTM=0.448
2026-04-03 04:25:41,386 rank_075_alphafold2_ptm_model_2_seed_017 pLDDT=71 pTM=0.604
2026-04-03 04:25:41,388 rank_076_alphafold2_ptm_model_5_seed_024 pLDDT=70.9 pTM=0.459
2026-04-03 04:25:41,390 rank_077_alphafold2_ptm_model_2_seed_004 pLDDT=70.7 pTM=0.562
2026-04-03 04:25:41,392 rank_078_alphafold2_ptm_model_5_seed_003 pLDDT=70.6 pTM=0.48
2026-04-03 04:25:41,394 rank_079_alphafold2_ptm_model_2_seed_022 pLDDT=70.4 pTM=0.556
2026-04-03 04:25:41,395 rank_080_alphafold2_ptm_model_4_seed_013 pLDDT=69.9 pTM=0.451
2026-04-03 04:25:41,397 rank_081_alphafold2_ptm_model_5_seed_014 pLDDT=69.4 pTM=0.484
2026-04-03 04:25:41,399 rank_082_alphafold2_ptm_model_2_seed_005 pLDDT=69.2 pTM=0.549
2026-04-03 04:25:41,401 rank_083_alphafold2_ptm_model_4_seed_000 pLDDT=69.2 pTM=0.45
2026-04-03 04:25:41,403 rank_084_alphafold2_ptm_model_4_seed_023 pLDDT=69.1 pTM=0.467
2026-04-03 04:25:41,405 rank_085_alphafold2_ptm_model_4_seed_003 pLDDT=68.9 pTM=0.458
2026-04-03 04:25:41,406 rank_086_alphafold2_ptm_model_4_seed_020 pLDDT=68.9 pTM=0.444
2026-04-03 04:25:41,408 rank_087_alphafold2_ptm_model_2_seed_014 pLDDT=68.8 pTM=0.554
2026-04-03 04:25:41,410 rank_088_alphafold2_ptm_model_4_seed_012 pLDDT=68.8 pTM=0.429
2026-04-03 04:25:41,412 rank_089_alphafold2_ptm_model_4_seed_001 pLDDT=68.2 pTM=0.418
2026-04-03 04:25:41,414 rank_090_alphafold2_ptm_model_4_seed_015 pLDDT=68.2 pTM=0.462
2026-04-03 04:25:41,415 rank_091_alphafold2_ptm_model_4_seed_006 pLDDT=68.1 pTM=0.435
2026-04-03 04:25:41,417 rank_092_alphafold2_ptm_model_4_seed_024 pLDDT=68.1 pTM=0.428
2026-04-03 04:25:41,419 rank_093_alphafold2_ptm_model_4_seed_018 pLDDT=68 pTM=0.446
2026-04-03 04:25:41,421 rank_094_alphafold2_ptm_model_5_seed_020 pLDDT=67.9 pTM=0.583
2026-04-03 04:25:41,423 rank_095_alphafold2_ptm_model_4_seed_007 pLDDT=67.6 pTM=0.417
2026-04-03 04:25:41,424 rank_096_alphafold2_ptm_model_4_seed_004 pLDDT=67.1 pTM=0.428
2026-04-03 04:25:41,426 rank_097_alphafold2_ptm_model_4_seed_014 pLDDT=66.9 pTM=0.42
2026-04-03 04:25:41,428 rank_098_alphafold2_ptm_model_4_seed_005 pLDDT=66.7 pTM=0.449
2026-04-03 04:25:41,430 rank_099_alphafold2_ptm_model_4_seed_002 pLDDT=63.3 pTM=0.429
2026-04-03 04:25:41,432 rank_100_alphafold2_ptm_model_3_seed_009 pLDDT=60.8 pTM=0.413
2026-04-03 04:25:41,434 rank_101_alphafold2_ptm_model_4_seed_017 pLDDT=56.7 pTM=0.371
2026-04-03 04:25:41,435 rank_102_alphafold2_ptm_model_3_seed_000 pLDDT=55.5 pTM=0.39
2026-04-03 04:25:41,437 rank_103_alphafold2_ptm_model_3_seed_021 pLDDT=50.1 pTM=0.303
2026-04-03 04:25:41,439 rank_104_alphafold2_ptm_model_3_seed_010 pLDDT=49.7 pTM=0.333
2026-04-03 04:25:41,441 rank_105_alphafold2_ptm_model_3_seed_019 pLDDT=48.5 pTM=0.307
2026-04-03 04:25:41,442 rank_106_alphafold2_ptm_model_3_seed_006 pLDDT=45.8 pTM=0.29
2026-04-03 04:25:41,444 rank_107_alphafold2_ptm_model_3_seed_018 pLDDT=45.3 pTM=0.298
2026-04-03 04:25:41,446 rank_108_alphafold2_ptm_model_3_seed_016 pLDDT=43.4 pTM=0.299
2026-04-03 04:25:41,448 rank_109_alphafold2_ptm_model_3_seed_013 pLDDT=41 pTM=0.253
2026-04-03 04:25:41,450 rank_110_alphafold2_ptm_model_3_seed_022 pLDDT=41 pTM=0.42
2026-04-03 04:25:41,452 rank_111_alphafold2_ptm_model_3_seed_024 pLDDT=38.1 pTM=0.302
2026-04-03 04:25:41,453 rank_112_alphafold2_ptm_model_3_seed_011 pLDDT=37.6 pTM=0.292
2026-04-03 04:25:41,455 rank_113_alphafold2_ptm_model_3_seed_003 pLDDT=36 pTM=0.227
2026-04-03 04:25:41,457 rank_114_alphafold2_ptm_model_3_seed_020 pLDDT=35.9 pTM=0.639
2026-04-03 04:25:41,459 rank_115_alphafold2_ptm_model_3_seed_008 pLDDT=35.5 pTM=0.592
2026-04-03 04:25:41,460 rank_116_alphafold2_ptm_model_3_seed_014 pLDDT=35.4 pTM=0.234
2026-04-03 04:25:41,462 rank_117_alphafold2_ptm_model_3_seed_023 pLDDT=35.1 pTM=0.246
2026-04-03 04:25:41,464 rank_118_alphafold2_ptm_model_3_seed_004 pLDDT=32.7 pTM=0.196
2026-04-03 04:25:41,466 rank_119_alphafold2_ptm_model_3_seed_012 pLDDT=30 pTM=0.305
2026-04-03 04:25:41,468 rank_120_alphafold2_ptm_model_3_seed_002 pLDDT=29 pTM=0.553
2026-04-03 04:25:41,470 rank_121_alphafold2_ptm_model_3_seed_005 pLDDT=29 pTM=0.646
2026-04-03 04:25:41,471 rank_122_alphafold2_ptm_model_3_seed_007 pLDDT=28.6 pTM=0.329
2026-04-03 04:25:41,473 rank_123_alphafold2_ptm_model_3_seed_017 pLDDT=27.3 pTM=0.334
2026-04-03 04:25:41,475 rank_124_alphafold2_ptm_model_3_seed_015 pLDDT=27.1 pTM=0.292
2026-04-03 04:25:41,477 rank_125_alphafold2_ptm_model_3_seed_001 pLDDT=23.5 pTM=0.493
2026-04-03 04:25:44,382 Done
WARNING: All log messages before absl::InitializeLog() is called are written to STDERR
E0000 00:00:1775204794.436563    6133 cuda_dnn.cc:8310] Unable to register cuDNN factory: Attempting to register factory for plugin cuDNN when one has already been registered
E0000 00:00:1775204794.445068    6133 cuda_blas.cc:1418] Unable to register cuBLAS factory: Attempting to register factory for plugin cuBLAS when one has already been registered
2026-04-03 04:26:41,058 Running colabfold 1.5.5 (e2ca9e8f992cd65c986de5b64885d5572d8b8ad9)
2026-04-03 04:26:41,735 Running on GPU
2026-04-03 04:26:42,527 Found 8 citations for tools or databases
2026-04-03 04:27:28,711 Query 1/1: UvrD (length 644)
  0%|          | 0/150 [elapsed: 00:00 remaining: ?]SUBMIT:   0%|          | 0/150 [elapsed: 00:00 remaining: ?]COMPLETE:   0%|          | 0/150 [elapsed: 00:00 remaining: ?]COMPLETE: 100%|██████████| 150/150 [elapsed: 00:00 remaining: 00:00]COMPLETE: 100%|██████████| 150/150 [elapsed: 00:02 remaining: 00:00]
WARNING: All log messages before absl::InitializeLog() is called are written to STDERR
I0000 00:00:1775204881.758245    6133 mlir_graph_optimization_pass.cc:401] MLIR V1 optimization pass is not enabled
2026-04-03 04:27:44,295 Sequence 0 found templates: ['0038_A', '0049_A', '0012_A', '0046_A', '0037_A', '0053_A', '0013_A', '0039_A', '0014_A', '0040_A', '0015_A', '0067_A', '0016_A', '0041_A', '0017_A', '0006_A', '0029_A', '0058_A', '0030_A', '0007_A']
2026-04-03 04:27:52,417 Setting max_seq=16, max_extra_seq=32
2026-04-03 04:29:45,121 alphafold2_ptm_model_1_seed_000 recycle=0 pLDDT=74.8 pTM=0.638
2026-04-03 04:29:45,132 alphafold2_ptm_model_1_seed_000 took 98.4s (0 recycles)
2026-04-03 04:30:50,240 alphafold2_ptm_model_2_seed_000 recycle=0 pLDDT=72.9 pTM=0.57
2026-04-03 04:30:50,249 alphafold2_ptm_model_2_seed_000 took 64.4s (0 recycles)
2026-04-03 04:32:07,096 alphafold2_ptm_model_3_seed_000 recycle=0 pLDDT=55.5 pTM=0.39
2026-04-03 04:32:07,105 alphafold2_ptm_model_3_seed_000 took 76.2s (0 recycles)
2026-04-03 04:33:06,226 alphafold2_ptm_model_4_seed_000 recycle=0 pLDDT=69.2 pTM=0.45
2026-04-03 04:33:06,234 alphafold2_ptm_model_4_seed_000 took 58.4s (0 recycles)
2026-04-03 04:34:05,370 alphafold2_ptm_model_5_seed_000 recycle=0 pLDDT=74.9 pTM=0.521
2026-04-03 04:34:05,378 alphafold2_ptm_model_5_seed_000 took 58.5s (0 recycles)
2026-04-03 04:35:21,462 alphafold2_ptm_model_1_seed_001 recycle=0 pLDDT=77.2 pTM=0.666
2026-04-03 04:35:21,470 alphafold2_ptm_model_1_seed_001 took 64.4s (0 recycles)
2026-04-03 04:36:26,541 alphafold2_ptm_model_2_seed_001 recycle=0 pLDDT=72.2 pTM=0.57
2026-04-03 04:36:26,549 alphafold2_ptm_model_2_seed_001 took 64.4s (0 recycles)
2026-04-03 04:37:25,561 alphafold2_ptm_model_3_seed_001 recycle=0 pLDDT=23.5 pTM=0.493
2026-04-03 04:37:25,569 alphafold2_ptm_model_3_seed_001 took 58.3s (0 recycles)
2026-04-03 04:38:24,726 alphafold2_ptm_model_4_seed_001 recycle=0 pLDDT=68.2 pTM=0.418
2026-04-03 04:38:24,734 alphafold2_ptm_model_4_seed_001 took 58.5s (0 recycles)
2026-04-03 04:39:23,837 alphafold2_ptm_model_5_seed_001 recycle=0 pLDDT=72.5 pTM=0.469
2026-04-03 04:39:23,845 alphafold2_ptm_model_5_seed_001 took 58.4s (0 recycles)
2026-04-03 04:40:40,174 alphafold2_ptm_model_1_seed_002 recycle=0 pLDDT=76 pTM=0.647
2026-04-03 04:40:40,183 alphafold2_ptm_model_1_seed_002 took 64.6s (0 recycles)
2026-04-03 04:41:45,458 alphafold2_ptm_model_2_seed_002 recycle=0 pLDDT=74.3 pTM=0.568
2026-04-03 04:41:45,467 alphafold2_ptm_model_2_seed_002 took 64.6s (0 recycles)
2026-04-03 04:42:44,752 alphafold2_ptm_model_3_seed_002 recycle=0 pLDDT=29 pTM=0.553
2026-04-03 04:42:44,760 alphafold2_ptm_model_3_seed_002 took 58.6s (0 recycles)
2026-04-03 04:43:44,079 alphafold2_ptm_model_4_seed_002 recycle=0 pLDDT=63.3 pTM=0.429
2026-04-03 04:43:44,087 alphafold2_ptm_model_4_seed_002 took 58.7s (0 recycles)
2026-04-03 04:44:43,393 alphafold2_ptm_model_5_seed_002 recycle=0 pLDDT=72.2 pTM=0.494
2026-04-03 04:44:43,401 alphafold2_ptm_model_5_seed_002 took 58.6s (0 recycles)
2026-04-03 04:45:59,760 alphafold2_ptm_model_1_seed_003 recycle=0 pLDDT=76.1 pTM=0.665
2026-04-03 04:45:59,768 alphafold2_ptm_model_1_seed_003 took 64.6s (0 recycles)
2026-04-03 04:47:04,991 alphafold2_ptm_model_2_seed_003 recycle=0 pLDDT=72.4 pTM=0.545
2026-04-03 04:47:05,000 alphafold2_ptm_model_2_seed_003 took 64.6s (0 recycles)
2026-04-03 04:48:04,291 alphafold2_ptm_model_3_seed_003 recycle=0 pLDDT=36 pTM=0.227
2026-04-03 04:48:04,300 alphafold2_ptm_model_3_seed_003 took 58.6s (0 recycles)
2026-04-03 04:49:03,613 alphafold2_ptm_model_4_seed_003 recycle=0 pLDDT=68.9 pTM=0.458
2026-04-03 04:49:03,622 alphafold2_ptm_model_4_seed_003 took 58.7s (0 recycles)
2026-04-03 04:50:02,900 alphafold2_ptm_model_5_seed_003 recycle=0 pLDDT=70.6 pTM=0.48
2026-04-03 04:50:02,908 alphafold2_ptm_model_5_seed_003 took 58.6s (0 recycles)
2026-04-03 04:51:19,097 alphafold2_ptm_model_1_seed_004 recycle=0 pLDDT=72.4 pTM=0.629
2026-04-03 04:51:19,099 alphafold2_ptm_model_1_seed_004 took 64.5s (0 recycles)
2026-04-03 04:52:24,936 alphafold2_ptm_model_2_seed_004 recycle=0 pLDDT=68.9 pTM=0.521
2026-04-03 04:52:24,940 alphafold2_ptm_model_2_seed_004 took 65.2s (0 recycles)
2026-04-03 04:53:24,236 alphafold2_ptm_model_3_seed_004 recycle=0 pLDDT=32.7 pTM=0.196
2026-04-03 04:53:24,237 alphafold2_ptm_model_3_seed_004 took 58.6s (0 recycles)
2026-04-03 04:54:23,522 alphafold2_ptm_model_4_seed_004 recycle=0 pLDDT=67.1 pTM=0.428
2026-04-03 04:54:23,523 alphafold2_ptm_model_4_seed_004 took 58.6s (0 recycles)
2026-04-03 04:55:22,777 alphafold2_ptm_model_5_seed_004 recycle=0 pLDDT=75.1 pTM=0.543
2026-04-03 04:55:22,779 alphafold2_ptm_model_5_seed_004 took 58.6s (0 recycles)
2026-04-03 04:56:34,720 alphafold2_ptm_model_1_seed_005 recycle=0 pLDDT=71.1 pTM=0.592
2026-04-03 04:56:34,721 alphafold2_ptm_model_1_seed_005 took 64.5s (0 recycles)
2026-04-03 04:57:39,923 alphafold2_ptm_model_2_seed_005 recycle=0 pLDDT=66.6 pTM=0.48
2026-04-03 04:57:39,925 alphafold2_ptm_model_2_seed_005 took 64.5s (0 recycles)
2026-04-03 04:58:39,434 alphafold2_ptm_model_3_seed_005 recycle=0 pLDDT=29 pTM=0.646
2026-04-03 04:58:39,443 alphafold2_ptm_model_3_seed_005 took 58.8s (0 recycles)
2026-04-03 04:59:39,696 alphafold2_ptm_model_4_seed_005 recycle=0 pLDDT=66.7 pTM=0.449
2026-04-03 04:59:39,706 alphafold2_ptm_model_4_seed_005 took 59.6s (0 recycles)
2026-04-03 05:00:40,002 alphafold2_ptm_model_5_seed_005 recycle=0 pLDDT=74.2 pTM=0.556
2026-04-03 05:00:40,010 alphafold2_ptm_model_5_seed_005 took 59.6s (0 recycles)
2026-04-03 05:01:58,133 alphafold2_ptm_model_1_seed_006 recycle=0 pLDDT=73.9 pTM=0.651
2026-04-03 05:01:58,141 alphafold2_ptm_model_1_seed_006 took 65.6s (0 recycles)
2026-04-03 05:03:04,402 alphafold2_ptm_model_2_seed_006 recycle=0 pLDDT=72.7 pTM=0.583
2026-04-03 05:03:04,410 alphafold2_ptm_model_2_seed_006 took 65.6s (0 recycles)
2026-04-03 05:04:04,661 alphafold2_ptm_model_3_seed_006 recycle=0 pLDDT=45.8 pTM=0.29
2026-04-03 05:04:04,669 alphafold2_ptm_model_3_seed_006 took 59.6s (0 recycles)
2026-04-03 05:05:04,963 alphafold2_ptm_model_4_seed_006 recycle=0 pLDDT=68.1 pTM=0.435
2026-04-03 05:05:04,971 alphafold2_ptm_model_4_seed_006 took 59.6s (0 recycles)
2026-04-03 05:06:05,262 alphafold2_ptm_model_5_seed_006 recycle=0 pLDDT=77.8 pTM=0.599
2026-04-03 05:06:05,270 alphafold2_ptm_model_5_seed_006 took 59.6s (0 recycles)
2026-04-03 05:07:22,796 alphafold2_ptm_model_1_seed_007 recycle=0 pLDDT=72.1 pTM=0.599
2026-04-03 05:07:22,804 alphafold2_ptm_model_1_seed_007 took 65.6s (0 recycles)
2026-04-03 05:08:29,023 alphafold2_ptm_model_2_seed_007 recycle=0 pLDDT=68.9 pTM=0.521
2026-04-03 05:08:29,031 alphafold2_ptm_model_2_seed_007 took 65.5s (0 recycles)
2026-04-03 05:09:29,264 alphafold2_ptm_model_3_seed_007 recycle=0 pLDDT=28.6 pTM=0.329
2026-04-03 05:09:29,272 alphafold2_ptm_model_3_seed_007 took 59.5s (0 recycles)
2026-04-03 05:10:28,635 alphafold2_ptm_model_4_seed_007 recycle=0 pLDDT=67.6 pTM=0.417
2026-04-03 05:10:28,643 alphafold2_ptm_model_4_seed_007 took 58.7s (0 recycles)
2026-04-03 05:11:27,941 alphafold2_ptm_model_5_seed_007 recycle=0 pLDDT=74.4 pTM=0.507
2026-04-03 05:11:27,949 alphafold2_ptm_model_5_seed_007 took 58.6s (0 recycles)
2026-04-03 05:12:44,314 alphafold2_ptm_model_1_seed_008 recycle=0 pLDDT=76.6 pTM=0.652
2026-04-03 05:12:44,322 alphafold2_ptm_model_1_seed_008 took 64.5s (0 recycles)
2026-04-03 05:13:49,505 alphafold2_ptm_model_2_seed_008 recycle=0 pLDDT=73.1 pTM=0.574
2026-04-03 05:13:49,513 alphafold2_ptm_model_2_seed_008 took 64.5s (0 recycles)
2026-04-03 05:14:48,667 alphafold2_ptm_model_3_seed_008 recycle=0 pLDDT=35.5 pTM=0.592
2026-04-03 05:14:48,675 alphafold2_ptm_model_3_seed_008 took 58.5s (0 recycles)
2026-04-03 05:15:47,876 alphafold2_ptm_model_4_seed_008 recycle=0 pLDDT=74.8 pTM=0.479
2026-04-03 05:15:47,884 alphafold2_ptm_model_4_seed_008 took 58.5s (0 recycles)
2026-04-03 05:16:47,114 alphafold2_ptm_model_5_seed_008 recycle=0 pLDDT=80.6 pTM=0.633
2026-04-03 05:16:47,123 alphafold2_ptm_model_5_seed_008 took 58.6s (0 recycles)
2026-04-03 05:18:03,508 alphafold2_ptm_model_1_seed_009 recycle=0 pLDDT=75.7 pTM=0.694
2026-04-03 05:18:03,516 alphafold2_ptm_model_1_seed_009 took 64.5s (0 recycles)
2026-04-03 05:19:08,700 alphafold2_ptm_model_2_seed_009 recycle=0 pLDDT=73.3 pTM=0.576
2026-04-03 05:19:08,708 alphafold2_ptm_model_2_seed_009 took 64.5s (0 recycles)
2026-04-03 05:20:07,884 alphafold2_ptm_model_3_seed_009 recycle=0 pLDDT=60.8 pTM=0.413
2026-04-03 05:20:07,892 alphafold2_ptm_model_3_seed_009 took 58.5s (0 recycles)
2026-04-03 05:21:07,090 alphafold2_ptm_model_4_seed_009 recycle=0 pLDDT=76.1 pTM=0.458
2026-04-03 05:21:07,100 alphafold2_ptm_model_4_seed_009 took 58.5s (0 recycles)
2026-04-03 05:22:06,313 alphafold2_ptm_model_5_seed_009 recycle=0 pLDDT=75.6 pTM=0.503
2026-04-03 05:22:06,321 alphafold2_ptm_model_5_seed_009 took 58.5s (0 recycles)
2026-04-03 05:23:22,877 alphafold2_ptm_model_1_seed_010 recycle=0 pLDDT=77.4 pTM=0.675
2026-04-03 05:23:22,885 alphafold2_ptm_model_1_seed_010 took 64.6s (0 recycles)
2026-04-03 05:24:28,155 alphafold2_ptm_model_2_seed_010 recycle=0 pLDDT=74.1 pTM=0.592
2026-04-03 05:24:28,164 alphafold2_ptm_model_2_seed_010 took 64.6s (0 recycles)
2026-04-03 05:25:27,433 alphafold2_ptm_model_3_seed_010 recycle=0 pLDDT=49.7 pTM=0.333
2026-04-03 05:25:27,442 alphafold2_ptm_model_3_seed_010 took 58.6s (0 recycles)
2026-04-03 05:26:26,762 alphafold2_ptm_model_4_seed_010 recycle=0 pLDDT=71.6 pTM=0.44
2026-04-03 05:26:26,770 alphafold2_ptm_model_4_seed_010 took 58.7s (0 recycles)
2026-04-03 05:27:26,073 alphafold2_ptm_model_5_seed_010 recycle=0 pLDDT=72.2 pTM=0.519
2026-04-03 05:27:26,081 alphafold2_ptm_model_5_seed_010 took 58.6s (0 recycles)
2026-04-03 05:28:42,914 alphafold2_ptm_model_1_seed_011 recycle=0 pLDDT=77.6 pTM=0.673
2026-04-03 05:28:42,922 alphafold2_ptm_model_1_seed_011 took 64.6s (0 recycles)
2026-04-03 05:29:48,166 alphafold2_ptm_model_2_seed_011 recycle=0 pLDDT=74.2 pTM=0.6
2026-04-03 05:29:48,174 alphafold2_ptm_model_2_seed_011 took 64.6s (0 recycles)
2026-04-03 05:30:47,462 alphafold2_ptm_model_3_seed_011 recycle=0 pLDDT=37.6 pTM=0.292
2026-04-03 05:30:47,470 alphafold2_ptm_model_3_seed_011 took 58.6s (0 recycles)
2026-04-03 05:31:46,799 alphafold2_ptm_model_4_seed_011 recycle=0 pLDDT=71.2 pTM=0.448
2026-04-03 05:31:46,807 alphafold2_ptm_model_4_seed_011 took 58.7s (0 recycles)
2026-04-03 05:32:46,155 alphafold2_ptm_model_5_seed_011 recycle=0 pLDDT=77 pTM=0.593
2026-04-03 05:32:46,163 alphafold2_ptm_model_5_seed_011 took 58.7s (0 recycles)
2026-04-03 05:34:03,094 alphafold2_ptm_model_1_seed_012 recycle=0 pLDDT=73.9 pTM=0.645
2026-04-03 05:34:03,102 alphafold2_ptm_model_1_seed_012 took 64.6s (0 recycles)
2026-04-03 05:35:08,394 alphafold2_ptm_model_2_seed_012 recycle=0 pLDDT=68.6 pTM=0.512
2026-04-03 05:35:08,402 alphafold2_ptm_model_2_seed_012 took 64.6s (0 recycles)
2026-04-03 05:36:07,680 alphafold2_ptm_model_3_seed_012 recycle=0 pLDDT=30 pTM=0.305
2026-04-03 05:36:07,688 alphafold2_ptm_model_3_seed_012 took 58.6s (0 recycles)
2026-04-03 05:37:07,006 alphafold2_ptm_model_4_seed_012 recycle=0 pLDDT=68.8 pTM=0.429
2026-04-03 05:37:07,015 alphafold2_ptm_model_4_seed_012 took 58.7s (0 recycles)
2026-04-03 05:38:06,297 alphafold2_ptm_model_5_seed_012 recycle=0 pLDDT=77.3 pTM=0.589
2026-04-03 05:38:06,306 alphafold2_ptm_model_5_seed_012 took 58.6s (0 recycles)
2026-04-03 05:39:23,448 alphafold2_ptm_model_1_seed_013 recycle=0 pLDDT=76.6 pTM=0.675
2026-04-03 05:39:23,456 alphafold2_ptm_model_1_seed_013 took 64.6s (0 recycles)
2026-04-03 05:40:28,750 alphafold2_ptm_model_2_seed_013 recycle=0 pLDDT=71.8 pTM=0.562
2026-04-03 05:40:28,758 alphafold2_ptm_model_2_seed_013 took 64.6s (0 recycles)
2026-04-03 05:41:28,022 alphafold2_ptm_model_3_seed_013 recycle=0 pLDDT=41 pTM=0.253
2026-04-03 05:41:28,030 alphafold2_ptm_model_3_seed_013 took 58.6s (0 recycles)
2026-04-03 05:42:27,366 alphafold2_ptm_model_4_seed_013 recycle=0 pLDDT=69.9 pTM=0.451
2026-04-03 05:42:27,374 alphafold2_ptm_model_4_seed_013 took 58.7s (0 recycles)
2026-04-03 05:43:26,686 alphafold2_ptm_model_5_seed_013 recycle=0 pLDDT=73.3 pTM=0.507
2026-04-03 05:43:26,695 alphafold2_ptm_model_5_seed_013 took 58.6s (0 recycles)
2026-04-03 05:44:43,963 alphafold2_ptm_model_1_seed_014 recycle=0 pLDDT=74.8 pTM=0.656
2026-04-03 05:44:43,971 alphafold2_ptm_model_1_seed_014 took 64.5s (0 recycles)
2026-04-03 05:45:49,122 alphafold2_ptm_model_2_seed_014 recycle=0 pLDDT=66.1 pTM=0.474
2026-04-03 05:45:49,130 alphafold2_ptm_model_2_seed_014 took 64.5s (0 recycles)
2026-04-03 05:46:48,312 alphafold2_ptm_model_3_seed_014 recycle=0 pLDDT=35.4 pTM=0.234
2026-04-03 05:46:48,320 alphafold2_ptm_model_3_seed_014 took 58.5s (0 recycles)
2026-04-03 05:47:47,543 alphafold2_ptm_model_4_seed_014 recycle=0 pLDDT=66.9 pTM=0.42
2026-04-03 05:47:47,551 alphafold2_ptm_model_4_seed_014 took 58.6s (0 recycles)
2026-04-03 05:48:46,778 alphafold2_ptm_model_5_seed_014 recycle=0 pLDDT=69.4 pTM=0.484
2026-04-03 05:48:46,786 alphafold2_ptm_model_5_seed_014 took 58.6s (0 recycles)
2026-04-03 05:50:04,749 alphafold2_ptm_model_1_seed_015 recycle=0 pLDDT=75.1 pTM=0.632
2026-04-03 05:50:04,757 alphafold2_ptm_model_1_seed_015 took 64.7s (0 recycles)
2026-04-03 05:51:10,037 alphafold2_ptm_model_2_seed_015 recycle=0 pLDDT=69.1 pTM=0.51
2026-04-03 05:51:10,046 alphafold2_ptm_model_2_seed_015 took 64.6s (0 recycles)
2026-04-03 05:52:09,322 alphafold2_ptm_model_3_seed_015 recycle=0 pLDDT=27.1 pTM=0.292
2026-04-03 05:52:09,330 alphafold2_ptm_model_3_seed_015 took 58.6s (0 recycles)
2026-04-03 05:53:08,669 alphafold2_ptm_model_4_seed_015 recycle=0 pLDDT=68.2 pTM=0.462
2026-04-03 05:53:08,677 alphafold2_ptm_model_4_seed_015 took 58.7s (0 recycles)
2026-04-03 05:54:08,046 alphafold2_ptm_model_5_seed_015 recycle=0 pLDDT=72.4 pTM=0.494
2026-04-03 05:54:08,054 alphafold2_ptm_model_5_seed_015 took 58.7s (0 recycles)
2026-04-03 05:55:26,245 alphafold2_ptm_model_1_seed_016 recycle=0 pLDDT=77 pTM=0.705
2026-04-03 05:55:26,254 alphafold2_ptm_model_1_seed_016 took 64.5s (0 recycles)
2026-04-03 05:56:31,392 alphafold2_ptm_model_2_seed_016 recycle=0 pLDDT=71.8 pTM=0.547
2026-04-03 05:56:31,400 alphafold2_ptm_model_2_seed_016 took 64.5s (0 recycles)
2026-04-03 05:57:30,608 alphafold2_ptm_model_3_seed_016 recycle=0 pLDDT=43.4 pTM=0.299
2026-04-03 05:57:30,616 alphafold2_ptm_model_3_seed_016 took 58.5s (0 recycles)
2026-04-03 05:58:29,820 alphafold2_ptm_model_4_seed_016 recycle=0 pLDDT=72.6 pTM=0.466
2026-04-03 05:58:29,828 alphafold2_ptm_model_4_seed_016 took 58.5s (0 recycles)
2026-04-03 05:59:29,024 alphafold2_ptm_model_5_seed_016 recycle=0 pLDDT=75.6 pTM=0.556
2026-04-03 05:59:29,032 alphafold2_ptm_model_5_seed_016 took 58.5s (0 recycles)
2026-04-03 06:00:47,913 alphafold2_ptm_model_1_seed_017 recycle=0 pLDDT=70.5 pTM=0.595
2026-04-03 06:00:47,921 alphafold2_ptm_model_1_seed_017 took 64.5s (0 recycles)
2026-04-03 06:01:53,074 alphafold2_ptm_model_2_seed_017 recycle=0 pLDDT=69.2 pTM=0.517
2026-04-03 06:01:53,082 alphafold2_ptm_model_2_seed_017 took 64.5s (0 recycles)
2026-04-03 06:02:52,261 alphafold2_ptm_model_3_seed_017 recycle=0 pLDDT=27.3 pTM=0.334
2026-04-03 06:02:52,269 alphafold2_ptm_model_3_seed_017 took 58.5s (0 recycles)
2026-04-03 06:03:51,541 alphafold2_ptm_model_4_seed_017 recycle=0 pLDDT=56.7 pTM=0.371
2026-04-03 06:03:51,549 alphafold2_ptm_model_4_seed_017 took 58.6s (0 recycles)
2026-04-03 06:04:50,716 alphafold2_ptm_model_5_seed_017 recycle=0 pLDDT=73.8 pTM=0.478
2026-04-03 06:04:50,724 alphafold2_ptm_model_5_seed_017 took 58.5s (0 recycles)
2026-04-03 06:06:10,005 alphafold2_ptm_model_1_seed_018 recycle=0 pLDDT=73.1 pTM=0.622
2026-04-03 06:06:10,013 alphafold2_ptm_model_1_seed_018 took 64.5s (0 recycles)
2026-04-03 06:07:15,387 alphafold2_ptm_model_2_seed_018 recycle=0 pLDDT=71.4 pTM=0.518
2026-04-03 06:07:15,396 alphafold2_ptm_model_2_seed_018 took 64.5s (0 recycles)
2026-04-03 06:08:14,570 alphafold2_ptm_model_3_seed_018 recycle=0 pLDDT=45.3 pTM=0.298
2026-04-03 06:08:14,580 alphafold2_ptm_model_3_seed_018 took 58.5s (0 recycles)
2026-04-03 06:09:13,778 alphafold2_ptm_model_4_seed_018 recycle=0 pLDDT=68 pTM=0.446
2026-04-03 06:09:13,787 alphafold2_ptm_model_4_seed_018 took 58.5s (0 recycles)
2026-04-03 06:10:13,013 alphafold2_ptm_model_5_seed_018 recycle=0 pLDDT=75 pTM=0.556
2026-04-03 06:10:13,023 alphafold2_ptm_model_5_seed_018 took 58.6s (0 recycles)
2026-04-03 06:11:32,214 alphafold2_ptm_model_1_seed_019 recycle=0 pLDDT=75.2 pTM=0.648
2026-04-03 06:11:32,225 alphafold2_ptm_model_1_seed_019 took 64.5s (0 recycles)
2026-04-03 06:12:37,421 alphafold2_ptm_model_2_seed_019 recycle=0 pLDDT=74.5 pTM=0.577
2026-04-03 06:12:37,432 alphafold2_ptm_model_2_seed_019 took 64.5s (0 recycles)
2026-04-03 06:13:36,613 alphafold2_ptm_model_3_seed_019 recycle=0 pLDDT=48.5 pTM=0.307
2026-04-03 06:13:36,624 alphafold2_ptm_model_3_seed_019 took 58.5s (0 recycles)
2026-04-03 06:14:35,882 alphafold2_ptm_model_4_seed_019 recycle=0 pLDDT=72.8 pTM=0.482
2026-04-03 06:14:35,893 alphafold2_ptm_model_4_seed_019 took 58.6s (0 recycles)
2026-04-03 06:15:35,146 alphafold2_ptm_model_5_seed_019 recycle=0 pLDDT=77.1 pTM=0.543
2026-04-03 06:15:35,157 alphafold2_ptm_model_5_seed_019 took 58.6s (0 recycles)
2026-04-03 06:16:54,505 alphafold2_ptm_model_1_seed_020 recycle=0 pLDDT=76.4 pTM=0.666
2026-04-03 06:16:54,515 alphafold2_ptm_model_1_seed_020 took 64.6s (0 recycles)
2026-04-03 06:17:59,674 alphafold2_ptm_model_2_seed_020 recycle=0 pLDDT=73.6 pTM=0.589
2026-04-03 06:17:59,684 alphafold2_ptm_model_2_seed_020 took 64.5s (0 recycles)
2026-04-03 06:18:58,862 alphafold2_ptm_model_3_seed_020 recycle=0 pLDDT=35.9 pTM=0.639
2026-04-03 06:18:58,872 alphafold2_ptm_model_3_seed_020 took 58.5s (0 recycles)
2026-04-03 06:19:58,111 alphafold2_ptm_model_4_seed_020 recycle=0 pLDDT=68.9 pTM=0.444
2026-04-03 06:19:58,122 alphafold2_ptm_model_4_seed_020 took 58.6s (0 recycles)
2026-04-03 06:20:57,338 alphafold2_ptm_model_5_seed_020 recycle=0 pLDDT=67.9 pTM=0.583
2026-04-03 06:20:57,348 alphafold2_ptm_model_5_seed_020 took 58.6s (0 recycles)
2026-04-03 06:22:14,619 alphafold2_ptm_model_1_seed_021 recycle=0 pLDDT=75.1 pTM=0.623
2026-04-03 06:22:14,628 alphafold2_ptm_model_1_seed_021 took 64.6s (0 recycles)
2026-04-03 06:23:19,910 alphafold2_ptm_model_2_seed_021 recycle=0 pLDDT=73.6 pTM=0.567
2026-04-03 06:23:19,918 alphafold2_ptm_model_2_seed_021 took 64.6s (0 recycles)
2026-04-03 06:24:19,205 alphafold2_ptm_model_3_seed_021 recycle=0 pLDDT=50.1 pTM=0.303
2026-04-03 06:24:19,213 alphafold2_ptm_model_3_seed_021 took 58.6s (0 recycles)
2026-04-03 06:25:18,537 alphafold2_ptm_model_4_seed_021 recycle=0 pLDDT=72.3 pTM=0.471
2026-04-03 06:25:18,545 alphafold2_ptm_model_4_seed_021 took 58.7s (0 recycles)
2026-04-03 06:26:17,879 alphafold2_ptm_model_5_seed_021 recycle=0 pLDDT=77.2 pTM=0.53
2026-04-03 06:26:17,887 alphafold2_ptm_model_5_seed_021 took 58.7s (0 recycles)
2026-04-03 06:27:34,367 alphafold2_ptm_model_1_seed_022 recycle=0 pLDDT=70.1 pTM=0.583
2026-04-03 06:27:34,375 alphafold2_ptm_model_1_seed_022 took 64.6s (0 recycles)
2026-04-03 06:28:39,672 alphafold2_ptm_model_2_seed_022 recycle=0 pLDDT=68.2 pTM=0.516
2026-04-03 06:28:39,680 alphafold2_ptm_model_2_seed_022 took 64.6s (0 recycles)
2026-04-03 06:29:38,987 alphafold2_ptm_model_3_seed_022 recycle=0 pLDDT=41 pTM=0.42
2026-04-03 06:29:38,996 alphafold2_ptm_model_3_seed_022 took 58.6s (0 recycles)
2026-04-03 06:30:38,290 alphafold2_ptm_model_4_seed_022 recycle=0 pLDDT=71.6 pTM=0.542
2026-04-03 06:30:38,298 alphafold2_ptm_model_4_seed_022 took 58.6s (0 recycles)
2026-04-03 06:31:37,586 alphafold2_ptm_model_5_seed_022 recycle=0 pLDDT=77.8 pTM=0.714
2026-04-03 06:31:37,595 alphafold2_ptm_model_5_seed_022 took 58.6s (0 recycles)
2026-04-03 06:32:54,126 alphafold2_ptm_model_1_seed_023 recycle=0 pLDDT=74.2 pTM=0.652
2026-04-03 06:32:54,134 alphafold2_ptm_model_1_seed_023 took 64.6s (0 recycles)
2026-04-03 06:33:59,448 alphafold2_ptm_model_2_seed_023 recycle=0 pLDDT=69.9 pTM=0.539
2026-04-03 06:33:59,457 alphafold2_ptm_model_2_seed_023 took 64.6s (0 recycles)
2026-04-03 06:34:58,722 alphafold2_ptm_model_3_seed_023 recycle=0 pLDDT=35.1 pTM=0.246
2026-04-03 06:34:58,724 alphafold2_ptm_model_3_seed_023 took 58.6s (0 recycles)
2026-04-03 06:35:58,677 alphafold2_ptm_model_4_seed_023 recycle=0 pLDDT=69.1 pTM=0.467
2026-04-03 06:35:58,685 alphafold2_ptm_model_4_seed_023 took 59.3s (0 recycles)
2026-04-03 06:36:58,666 alphafold2_ptm_model_5_seed_023 recycle=0 pLDDT=76.1 pTM=0.727
2026-04-03 06:36:58,674 alphafold2_ptm_model_5_seed_023 took 59.3s (0 recycles)
2026-04-03 06:38:16,161 alphafold2_ptm_model_1_seed_024 recycle=0 pLDDT=74.7 pTM=0.628
2026-04-03 06:38:16,169 alphafold2_ptm_model_1_seed_024 took 65.5s (0 recycles)
2026-04-03 06:39:22,380 alphafold2_ptm_model_2_seed_024 recycle=0 pLDDT=70.4 pTM=0.529
2026-04-03 06:39:22,388 alphafold2_ptm_model_2_seed_024 took 65.5s (0 recycles)
2026-04-03 06:40:22,637 alphafold2_ptm_model_3_seed_024 recycle=0 pLDDT=38.1 pTM=0.302
2026-04-03 06:40:22,646 alphafold2_ptm_model_3_seed_024 took 59.6s (0 recycles)
2026-04-03 06:41:22,906 alphafold2_ptm_model_4_seed_024 recycle=0 pLDDT=68.1 pTM=0.428
2026-04-03 06:41:22,914 alphafold2_ptm_model_4_seed_024 took 59.6s (0 recycles)
2026-04-03 06:42:23,201 alphafold2_ptm_model_5_seed_024 recycle=0 pLDDT=70.9 pTM=0.459
2026-04-03 06:42:23,209 alphafold2_ptm_model_5_seed_024 took 59.6s (0 recycles)
2026-04-03 06:42:23,899 reranking models by 'plddt' metric
2026-04-03 06:42:23,899 rank_001_alphafold2_ptm_model_5_seed_008 pLDDT=80.6 pTM=0.633
2026-04-03 06:42:23,901 rank_002_alphafold2_ptm_model_5_seed_006 pLDDT=77.8 pTM=0.599
2026-04-03 06:42:23,903 rank_003_alphafold2_ptm_model_5_seed_022 pLDDT=77.8 pTM=0.714
2026-04-03 06:42:23,905 rank_004_alphafold2_ptm_model_1_seed_011 pLDDT=77.6 pTM=0.673
2026-04-03 06:42:23,907 rank_005_alphafold2_ptm_model_1_seed_010 pLDDT=77.4 pTM=0.675
2026-04-03 06:42:23,908 rank_006_alphafold2_ptm_model_5_seed_012 pLDDT=77.3 pTM=0.589
2026-04-03 06:42:23,911 rank_007_alphafold2_ptm_model_5_seed_021 pLDDT=77.2 pTM=0.53
2026-04-03 06:42:23,912 rank_008_alphafold2_ptm_model_1_seed_001 pLDDT=77.2 pTM=0.666
2026-04-03 06:42:23,914 rank_009_alphafold2_ptm_model_5_seed_019 pLDDT=77.1 pTM=0.543
2026-04-03 06:42:23,916 rank_010_alphafold2_ptm_model_5_seed_011 pLDDT=77 pTM=0.593
2026-04-03 06:42:23,918 rank_011_alphafold2_ptm_model_1_seed_016 pLDDT=77 pTM=0.705
2026-04-03 06:42:23,920 rank_012_alphafold2_ptm_model_1_seed_008 pLDDT=76.6 pTM=0.652
2026-04-03 06:42:23,922 rank_013_alphafold2_ptm_model_1_seed_013 pLDDT=76.6 pTM=0.675
2026-04-03 06:42:23,924 rank_014_alphafold2_ptm_model_1_seed_020 pLDDT=76.4 pTM=0.666
2026-04-03 06:42:23,925 rank_015_alphafold2_ptm_model_1_seed_003 pLDDT=76.1 pTM=0.665
2026-04-03 06:42:23,927 rank_016_alphafold2_ptm_model_5_seed_023 pLDDT=76.1 pTM=0.727
2026-04-03 06:42:23,929 rank_017_alphafold2_ptm_model_4_seed_009 pLDDT=76.1 pTM=0.458
2026-04-03 06:42:23,931 rank_018_alphafold2_ptm_model_1_seed_002 pLDDT=76 pTM=0.647
2026-04-03 06:42:23,933 rank_019_alphafold2_ptm_model_1_seed_009 pLDDT=75.7 pTM=0.694
2026-04-03 06:42:23,934 rank_020_alphafold2_ptm_model_5_seed_016 pLDDT=75.6 pTM=0.556
2026-04-03 06:42:23,936 rank_021_alphafold2_ptm_model_5_seed_009 pLDDT=75.6 pTM=0.503
2026-04-03 06:42:23,938 rank_022_alphafold2_ptm_model_1_seed_019 pLDDT=75.2 pTM=0.648
2026-04-03 06:42:23,940 rank_023_alphafold2_ptm_model_1_seed_015 pLDDT=75.1 pTM=0.632
2026-04-03 06:42:23,941 rank_024_alphafold2_ptm_model_5_seed_004 pLDDT=75.1 pTM=0.543
2026-04-03 06:42:23,943 rank_025_alphafold2_ptm_model_1_seed_021 pLDDT=75.1 pTM=0.623
2026-04-03 06:42:23,948 rank_026_alphafold2_ptm_model_5_seed_018 pLDDT=75 pTM=0.556
2026-04-03 06:42:23,949 rank_027_alphafold2_ptm_model_5_seed_000 pLDDT=74.9 pTM=0.521
2026-04-03 06:42:23,951 rank_028_alphafold2_ptm_model_4_seed_008 pLDDT=74.8 pTM=0.479
2026-04-03 06:42:23,953 rank_029_alphafold2_ptm_model_1_seed_014 pLDDT=74.8 pTM=0.656
2026-04-03 06:42:23,955 rank_030_alphafold2_ptm_model_1_seed_000 pLDDT=74.8 pTM=0.638
2026-04-03 06:42:23,957 rank_031_alphafold2_ptm_model_1_seed_024 pLDDT=74.7 pTM=0.628
2026-04-03 06:42:23,958 rank_032_alphafold2_ptm_model_2_seed_019 pLDDT=74.5 pTM=0.577
2026-04-03 06:42:23,960 rank_033_alphafold2_ptm_model_5_seed_007 pLDDT=74.4 pTM=0.507
2026-04-03 06:42:23,962 rank_034_alphafold2_ptm_model_2_seed_002 pLDDT=74.3 pTM=0.568
2026-04-03 06:42:23,963 rank_035_alphafold2_ptm_model_5_seed_005 pLDDT=74.2 pTM=0.556
2026-04-03 06:42:23,965 rank_036_alphafold2_ptm_model_2_seed_011 pLDDT=74.2 pTM=0.6
2026-04-03 06:42:23,967 rank_037_alphafold2_ptm_model_1_seed_023 pLDDT=74.2 pTM=0.652
2026-04-03 06:42:23,969 rank_038_alphafold2_ptm_model_2_seed_010 pLDDT=74.1 pTM=0.592
2026-04-03 06:42:23,971 rank_039_alphafold2_ptm_model_1_seed_006 pLDDT=73.9 pTM=0.651
2026-04-03 06:42:23,973 rank_040_alphafold2_ptm_model_1_seed_012 pLDDT=73.9 pTM=0.645
2026-04-03 06:42:23,975 rank_041_alphafold2_ptm_model_5_seed_017 pLDDT=73.8 pTM=0.478
2026-04-03 06:42:23,977 rank_042_alphafold2_ptm_model_2_seed_021 pLDDT=73.6 pTM=0.567
2026-04-03 06:42:23,978 rank_043_alphafold2_ptm_model_2_seed_020 pLDDT=73.6 pTM=0.589
2026-04-03 06:42:23,980 rank_044_alphafold2_ptm_model_5_seed_013 pLDDT=73.3 pTM=0.507
2026-04-03 06:42:23,982 rank_045_alphafold2_ptm_model_2_seed_009 pLDDT=73.3 pTM=0.576
2026-04-03 06:42:23,984 rank_046_alphafold2_ptm_model_1_seed_018 pLDDT=73.1 pTM=0.622
2026-04-03 06:42:23,986 rank_047_alphafold2_ptm_model_2_seed_008 pLDDT=73.1 pTM=0.574
2026-04-03 06:42:23,987 rank_048_alphafold2_ptm_model_2_seed_000 pLDDT=72.9 pTM=0.57
2026-04-03 06:42:23,989 rank_049_alphafold2_ptm_model_4_seed_019 pLDDT=72.8 pTM=0.482
2026-04-03 06:42:23,991 rank_050_alphafold2_ptm_model_2_seed_006 pLDDT=72.7 pTM=0.583
2026-04-03 06:42:23,992 rank_051_alphafold2_ptm_model_4_seed_016 pLDDT=72.6 pTM=0.466
2026-04-03 06:42:23,994 rank_052_alphafold2_ptm_model_5_seed_001 pLDDT=72.5 pTM=0.469
2026-04-03 06:42:23,996 rank_053_alphafold2_ptm_model_2_seed_003 pLDDT=72.4 pTM=0.545
2026-04-03 06:42:23,998 rank_054_alphafold2_ptm_model_1_seed_004 pLDDT=72.4 pTM=0.629
2026-04-03 06:42:23,999 rank_055_alphafold2_ptm_model_5_seed_015 pLDDT=72.4 pTM=0.494
2026-04-03 06:42:24,001 rank_056_alphafold2_ptm_model_4_seed_021 pLDDT=72.3 pTM=0.471
2026-04-03 06:42:24,003 rank_057_alphafold2_ptm_model_2_seed_001 pLDDT=72.2 pTM=0.57
2026-04-03 06:42:24,005 rank_058_alphafold2_ptm_model_5_seed_002 pLDDT=72.2 pTM=0.494
2026-04-03 06:42:24,006 rank_059_alphafold2_ptm_model_5_seed_010 pLDDT=72.2 pTM=0.519
2026-04-03 06:42:24,008 rank_060_alphafold2_ptm_model_1_seed_007 pLDDT=72.1 pTM=0.599
2026-04-03 06:42:24,010 rank_061_alphafold2_ptm_model_2_seed_016 pLDDT=71.8 pTM=0.547
2026-04-03 06:42:24,011 rank_062_alphafold2_ptm_model_2_seed_013 pLDDT=71.8 pTM=0.562
2026-04-03 06:42:24,013 rank_063_alphafold2_ptm_model_4_seed_010 pLDDT=71.6 pTM=0.44
2026-04-03 06:42:24,015 rank_064_alphafold2_ptm_model_4_seed_022 pLDDT=71.6 pTM=0.542
2026-04-03 06:42:24,016 rank_065_alphafold2_ptm_model_2_seed_018 pLDDT=71.4 pTM=0.518
2026-04-03 06:42:24,018 rank_066_alphafold2_ptm_model_4_seed_011 pLDDT=71.2 pTM=0.448
2026-04-03 06:42:24,020 rank_067_alphafold2_ptm_model_1_seed_005 pLDDT=71.1 pTM=0.592
2026-04-03 06:42:24,022 rank_068_alphafold2_ptm_model_5_seed_024 pLDDT=70.9 pTM=0.459
2026-04-03 06:42:24,024 rank_069_alphafold2_ptm_model_5_seed_003 pLDDT=70.6 pTM=0.48
2026-04-03 06:42:24,025 rank_070_alphafold2_ptm_model_1_seed_017 pLDDT=70.5 pTM=0.595
2026-04-03 06:42:24,027 rank_071_alphafold2_ptm_model_2_seed_024 pLDDT=70.4 pTM=0.529
2026-04-03 06:42:24,029 rank_072_alphafold2_ptm_model_1_seed_022 pLDDT=70.1 pTM=0.583
2026-04-03 06:42:24,031 rank_073_alphafold2_ptm_model_2_seed_023 pLDDT=69.9 pTM=0.539
2026-04-03 06:42:24,032 rank_074_alphafold2_ptm_model_4_seed_013 pLDDT=69.9 pTM=0.451
2026-04-03 06:42:24,034 rank_075_alphafold2_ptm_model_5_seed_014 pLDDT=69.4 pTM=0.484
2026-04-03 06:42:24,036 rank_076_alphafold2_ptm_model_4_seed_000 pLDDT=69.2 pTM=0.45
2026-04-03 06:42:24,037 rank_077_alphafold2_ptm_model_2_seed_017 pLDDT=69.2 pTM=0.517
2026-04-03 06:42:24,039 rank_078_alphafold2_ptm_model_2_seed_015 pLDDT=69.1 pTM=0.51
2026-04-03 06:42:24,041 rank_079_alphafold2_ptm_model_4_seed_023 pLDDT=69.1 pTM=0.467
2026-04-03 06:42:24,043 rank_080_alphafold2_ptm_model_2_seed_004 pLDDT=68.9 pTM=0.521
2026-04-03 06:42:24,044 rank_081_alphafold2_ptm_model_4_seed_003 pLDDT=68.9 pTM=0.458
2026-04-03 06:42:24,046 rank_082_alphafold2_ptm_model_4_seed_020 pLDDT=68.9 pTM=0.444
2026-04-03 06:42:24,048 rank_083_alphafold2_ptm_model_2_seed_007 pLDDT=68.9 pTM=0.521
2026-04-03 06:42:24,050 rank_084_alphafold2_ptm_model_4_seed_012 pLDDT=68.8 pTM=0.429
2026-04-03 06:42:24,052 rank_085_alphafold2_ptm_model_2_seed_012 pLDDT=68.6 pTM=0.512
2026-04-03 06:42:24,054 rank_086_alphafold2_ptm_model_2_seed_022 pLDDT=68.2 pTM=0.516
2026-04-03 06:42:24,056 rank_087_alphafold2_ptm_model_4_seed_001 pLDDT=68.2 pTM=0.418
2026-04-03 06:42:24,057 rank_088_alphafold2_ptm_model_4_seed_015 pLDDT=68.2 pTM=0.462
2026-04-03 06:42:24,059 rank_089_alphafold2_ptm_model_4_seed_006 pLDDT=68.1 pTM=0.435
2026-04-03 06:42:24,061 rank_090_alphafold2_ptm_model_4_seed_024 pLDDT=68.1 pTM=0.428
2026-04-03 06:42:24,063 rank_091_alphafold2_ptm_model_4_seed_018 pLDDT=68 pTM=0.446
2026-04-03 06:42:24,065 rank_092_alphafold2_ptm_model_5_seed_020 pLDDT=67.9 pTM=0.583
2026-04-03 06:42:24,067 rank_093_alphafold2_ptm_model_4_seed_007 pLDDT=67.6 pTM=0.417
2026-04-03 06:42:24,068 rank_094_alphafold2_ptm_model_4_seed_004 pLDDT=67.1 pTM=0.428
2026-04-03 06:42:24,070 rank_095_alphafold2_ptm_model_4_seed_014 pLDDT=66.9 pTM=0.42
2026-04-03 06:42:24,072 rank_096_alphafold2_ptm_model_4_seed_005 pLDDT=66.7 pTM=0.449
2026-04-03 06:42:24,074 rank_097_alphafold2_ptm_model_2_seed_005 pLDDT=66.6 pTM=0.48
2026-04-03 06:42:24,076 rank_098_alphafold2_ptm_model_2_seed_014 pLDDT=66.1 pTM=0.474
2026-04-03 06:42:24,078 rank_099_alphafold2_ptm_model_4_seed_002 pLDDT=63.3 pTM=0.429
2026-04-03 06:42:24,080 rank_100_alphafold2_ptm_model_3_seed_009 pLDDT=60.8 pTM=0.413
2026-04-03 06:42:24,082 rank_101_alphafold2_ptm_model_4_seed_017 pLDDT=56.7 pTM=0.371
2026-04-03 06:42:24,083 rank_102_alphafold2_ptm_model_3_seed_000 pLDDT=55.5 pTM=0.39
2026-04-03 06:42:24,085 rank_103_alphafold2_ptm_model_3_seed_021 pLDDT=50.1 pTM=0.303
2026-04-03 06:42:24,087 rank_104_alphafold2_ptm_model_3_seed_010 pLDDT=49.7 pTM=0.333
2026-04-03 06:42:24,089 rank_105_alphafold2_ptm_model_3_seed_019 pLDDT=48.5 pTM=0.307
2026-04-03 06:42:24,091 rank_106_alphafold2_ptm_model_3_seed_006 pLDDT=45.8 pTM=0.29
2026-04-03 06:42:24,093 rank_107_alphafold2_ptm_model_3_seed_018 pLDDT=45.3 pTM=0.298
2026-04-03 06:42:24,094 rank_108_alphafold2_ptm_model_3_seed_016 pLDDT=43.4 pTM=0.299
2026-04-03 06:42:24,096 rank_109_alphafold2_ptm_model_3_seed_013 pLDDT=41 pTM=0.253
2026-04-03 06:42:24,098 rank_110_alphafold2_ptm_model_3_seed_022 pLDDT=41 pTM=0.42
2026-04-03 06:42:24,100 rank_111_alphafold2_ptm_model_3_seed_024 pLDDT=38.1 pTM=0.302
2026-04-03 06:42:24,102 rank_112_alphafold2_ptm_model_3_seed_011 pLDDT=37.6 pTM=0.292
2026-04-03 06:42:24,104 rank_113_alphafold2_ptm_model_3_seed_003 pLDDT=36 pTM=0.227
2026-04-03 06:42:24,105 rank_114_alphafold2_ptm_model_3_seed_020 pLDDT=35.9 pTM=0.639
2026-04-03 06:42:24,107 rank_115_alphafold2_ptm_model_3_seed_008 pLDDT=35.5 pTM=0.592
2026-04-03 06:42:24,109 rank_116_alphafold2_ptm_model_3_seed_014 pLDDT=35.4 pTM=0.234
2026-04-03 06:42:24,111 rank_117_alphafold2_ptm_model_3_seed_023 pLDDT=35.1 pTM=0.246
2026-04-03 06:42:24,113 rank_118_alphafold2_ptm_model_3_seed_004 pLDDT=32.7 pTM=0.196
2026-04-03 06:42:24,115 rank_119_alphafold2_ptm_model_3_seed_012 pLDDT=30 pTM=0.305
2026-04-03 06:42:24,117 rank_120_alphafold2_ptm_model_3_seed_002 pLDDT=29 pTM=0.553
2026-04-03 06:42:24,119 rank_121_alphafold2_ptm_model_3_seed_005 pLDDT=29 pTM=0.646
2026-04-03 06:42:24,121 rank_122_alphafold2_ptm_model_3_seed_007 pLDDT=28.6 pTM=0.329
2026-04-03 06:42:24,122 rank_123_alphafold2_ptm_model_3_seed_017 pLDDT=27.3 pTM=0.334
2026-04-03 06:42:24,124 rank_124_alphafold2_ptm_model_3_seed_015 pLDDT=27.1 pTM=0.292
2026-04-03 06:42:24,126 rank_125_alphafold2_ptm_model_3_seed_001 pLDDT=23.5 pTM=0.493
2026-04-03 06:42:27,149 Done
WARNING: All log messages before absl::InitializeLog() is called are written to STDERR
E0000 00:00:1775212997.681294   10767 cuda_dnn.cc:8310] Unable to register cuDNN factory: Attempting to register factory for plugin cuDNN when one has already been registered
E0000 00:00:1775212997.689784   10767 cuda_blas.cc:1418] Unable to register cuBLAS factory: Attempting to register factory for plugin cuBLAS when one has already been registered
2026-04-03 06:43:24,278 Running colabfold 1.5.5 (e2ca9e8f992cd65c986de5b64885d5572d8b8ad9)
2026-04-03 06:43:24,993 Running on GPU
2026-04-03 06:43:25,800 Found 8 citations for tools or databases
2026-04-03 06:44:11,564 Query 1/1: UvrD (length 644)
  0%|          | 0/150 [elapsed: 00:00 remaining: ?]SUBMIT:   0%|          | 0/150 [elapsed: 00:00 remaining: ?]COMPLETE:   0%|          | 0/150 [elapsed: 00:00 remaining: ?]COMPLETE: 100%|██████████| 150/150 [elapsed: 00:00 remaining: 00:00]COMPLETE: 100%|██████████| 150/150 [elapsed: 00:05 remaining: 00:00]
WARNING: All log messages before absl::InitializeLog() is called are written to STDERR
I0000 00:00:1775213086.764958   10767 mlir_graph_optimization_pass.cc:401] MLIR V1 optimization pass is not enabled
2026-04-03 06:44:29,643 Sequence 0 found templates: ['0038_A', '0045_A', '0011_A', '0046_A', '0059_A', '0047_A', '0012_A', '0049_A', '0060_A', '0048_A', '0013_A', '0037_A', '0014_A', '0039_A', '0015_A', '0040_A', '0055_A', '0029_A', '0016_A', '0017_A']
2026-04-03 06:44:37,500 Setting max_seq=16, max_extra_seq=32
2026-04-03 06:46:28,910 alphafold2_ptm_model_1_seed_000 recycle=0 pLDDT=77 pTM=0.707
2026-04-03 06:46:28,912 alphafold2_ptm_model_1_seed_000 took 97.3s (0 recycles)
2026-04-03 06:47:33,833 alphafold2_ptm_model_2_seed_000 recycle=0 pLDDT=76 pTM=0.617
2026-04-03 06:47:33,835 alphafold2_ptm_model_2_seed_000 took 64.2s (0 recycles)
2026-04-03 06:48:51,102 alphafold2_ptm_model_3_seed_000 recycle=0 pLDDT=55.5 pTM=0.39
2026-04-03 06:48:51,104 alphafold2_ptm_model_3_seed_000 took 76.6s (0 recycles)
2026-04-03 06:49:50,608 alphafold2_ptm_model_4_seed_000 recycle=0 pLDDT=69.2 pTM=0.45
2026-04-03 06:49:50,620 alphafold2_ptm_model_4_seed_000 took 58.8s (0 recycles)
2026-04-03 06:50:50,326 alphafold2_ptm_model_5_seed_000 recycle=0 pLDDT=74.9 pTM=0.521
2026-04-03 06:50:50,335 alphafold2_ptm_model_5_seed_000 took 59.0s (0 recycles)
2026-04-03 06:52:04,637 alphafold2_ptm_model_1_seed_001 recycle=0 pLDDT=80.9 pTM=0.746
2026-04-03 06:52:04,647 alphafold2_ptm_model_1_seed_001 took 65.0s (0 recycles)
2026-04-03 06:53:10,325 alphafold2_ptm_model_2_seed_001 recycle=0 pLDDT=74.6 pTM=0.601
2026-04-03 06:53:10,334 alphafold2_ptm_model_2_seed_001 took 65.0s (0 recycles)
2026-04-03 06:54:10,037 alphafold2_ptm_model_3_seed_001 recycle=0 pLDDT=23.5 pTM=0.493
2026-04-03 06:54:10,046 alphafold2_ptm_model_3_seed_001 took 59.0s (0 recycles)
2026-04-03 06:55:09,879 alphafold2_ptm_model_4_seed_001 recycle=0 pLDDT=68.2 pTM=0.418
2026-04-03 06:55:09,887 alphafold2_ptm_model_4_seed_001 took 59.1s (0 recycles)
2026-04-03 06:56:09,630 alphafold2_ptm_model_5_seed_001 recycle=0 pLDDT=72.5 pTM=0.469
2026-04-03 06:56:09,639 alphafold2_ptm_model_5_seed_001 took 59.0s (0 recycles)
2026-04-03 06:57:25,260 alphafold2_ptm_model_1_seed_002 recycle=0 pLDDT=82 pTM=0.762
2026-04-03 06:57:25,269 alphafold2_ptm_model_1_seed_002 took 64.1s (0 recycles)
2026-04-03 06:58:29,990 alphafold2_ptm_model_2_seed_002 recycle=0 pLDDT=77.8 pTM=0.639
2026-04-03 06:58:29,998 alphafold2_ptm_model_2_seed_002 took 64.1s (0 recycles)
2026-04-03 06:59:28,731 alphafold2_ptm_model_3_seed_002 recycle=0 pLDDT=29 pTM=0.553
2026-04-03 06:59:28,739 alphafold2_ptm_model_3_seed_002 took 58.1s (0 recycles)
2026-04-03 07:00:27,565 alphafold2_ptm_model_4_seed_002 recycle=0 pLDDT=63.3 pTM=0.429
2026-04-03 07:00:27,573 alphafold2_ptm_model_4_seed_002 took 58.2s (0 recycles)
2026-04-03 07:01:26,347 alphafold2_ptm_model_5_seed_002 recycle=0 pLDDT=72.2 pTM=0.494
2026-04-03 07:01:26,355 alphafold2_ptm_model_5_seed_002 took 58.1s (0 recycles)
2026-04-03 07:02:41,933 alphafold2_ptm_model_1_seed_003 recycle=0 pLDDT=82.8 pTM=0.771
2026-04-03 07:02:41,941 alphafold2_ptm_model_1_seed_003 took 64.1s (0 recycles)
2026-04-03 07:03:46,700 alphafold2_ptm_model_2_seed_003 recycle=0 pLDDT=72.7 pTM=0.583
2026-04-03 07:03:46,708 alphafold2_ptm_model_2_seed_003 took 64.1s (0 recycles)
2026-04-03 07:04:45,497 alphafold2_ptm_model_3_seed_003 recycle=0 pLDDT=36 pTM=0.227
2026-04-03 07:04:45,506 alphafold2_ptm_model_3_seed_003 took 58.1s (0 recycles)
2026-04-03 07:05:44,350 alphafold2_ptm_model_4_seed_003 recycle=0 pLDDT=68.9 pTM=0.458
2026-04-03 07:05:44,359 alphafold2_ptm_model_4_seed_003 took 58.2s (0 recycles)
2026-04-03 07:06:43,205 alphafold2_ptm_model_5_seed_003 recycle=0 pLDDT=70.6 pTM=0.48
2026-04-03 07:06:43,213 alphafold2_ptm_model_5_seed_003 took 58.2s (0 recycles)
2026-04-03 07:07:58,890 alphafold2_ptm_model_1_seed_004 recycle=0 pLDDT=73.1 pTM=0.675
2026-04-03 07:07:58,898 alphafold2_ptm_model_1_seed_004 took 64.1s (0 recycles)
2026-04-03 07:09:03,597 alphafold2_ptm_model_2_seed_004 recycle=0 pLDDT=66.5 pTM=0.506
2026-04-03 07:09:03,605 alphafold2_ptm_model_2_seed_004 took 64.0s (0 recycles)
2026-04-03 07:10:02,352 alphafold2_ptm_model_3_seed_004 recycle=0 pLDDT=32.7 pTM=0.196
2026-04-03 07:10:02,360 alphafold2_ptm_model_3_seed_004 took 58.1s (0 recycles)
2026-04-03 07:11:01,189 alphafold2_ptm_model_4_seed_004 recycle=0 pLDDT=67.1 pTM=0.428
2026-04-03 07:11:01,198 alphafold2_ptm_model_4_seed_004 took 58.2s (0 recycles)
2026-04-03 07:11:59,968 alphafold2_ptm_model_5_seed_004 recycle=0 pLDDT=75.1 pTM=0.543
2026-04-03 07:11:59,976 alphafold2_ptm_model_5_seed_004 took 58.1s (0 recycles)
2026-04-03 07:13:15,584 alphafold2_ptm_model_1_seed_005 recycle=0 pLDDT=69.9 pTM=0.641
2026-04-03 07:13:15,592 alphafold2_ptm_model_1_seed_005 took 64.1s (0 recycles)
2026-04-03 07:14:20,297 alphafold2_ptm_model_2_seed_005 recycle=0 pLDDT=64.7 pTM=0.475
2026-04-03 07:14:20,306 alphafold2_ptm_model_2_seed_005 took 64.0s (0 recycles)
2026-04-03 07:15:19,081 alphafold2_ptm_model_3_seed_005 recycle=0 pLDDT=29 pTM=0.646
2026-04-03 07:15:19,089 alphafold2_ptm_model_3_seed_005 took 58.1s (0 recycles)
2026-04-03 07:16:17,874 alphafold2_ptm_model_4_seed_005 recycle=0 pLDDT=66.7 pTM=0.449
2026-04-03 07:16:17,883 alphafold2_ptm_model_4_seed_005 took 58.1s (0 recycles)
2026-04-03 07:17:16,657 alphafold2_ptm_model_5_seed_005 recycle=0 pLDDT=74.2 pTM=0.556
2026-04-03 07:17:16,666 alphafold2_ptm_model_5_seed_005 took 58.1s (0 recycles)
2026-04-03 07:18:33,225 alphafold2_ptm_model_1_seed_006 recycle=0 pLDDT=78.9 pTM=0.731
2026-04-03 07:18:33,234 alphafold2_ptm_model_1_seed_006 took 64.2s (0 recycles)
2026-04-03 07:19:39,061 alphafold2_ptm_model_2_seed_006 recycle=0 pLDDT=76.7 pTM=0.625
2026-04-03 07:19:39,070 alphafold2_ptm_model_2_seed_006 took 65.2s (0 recycles)
2026-04-03 07:20:38,009 alphafold2_ptm_model_3_seed_006 recycle=0 pLDDT=45.8 pTM=0.29
2026-04-03 07:20:38,017 alphafold2_ptm_model_3_seed_006 took 58.2s (0 recycles)
2026-04-03 07:21:37,048 alphafold2_ptm_model_4_seed_006 recycle=0 pLDDT=68.1 pTM=0.435
2026-04-03 07:21:37,056 alphafold2_ptm_model_4_seed_006 took 58.4s (0 recycles)
2026-04-03 07:22:36,051 alphafold2_ptm_model_5_seed_006 recycle=0 pLDDT=77.8 pTM=0.599
2026-04-03 07:22:36,059 alphafold2_ptm_model_5_seed_006 took 58.3s (0 recycles)
2026-04-03 07:23:52,267 alphafold2_ptm_model_1_seed_007 recycle=0 pLDDT=72.5 pTM=0.666
2026-04-03 07:23:52,276 alphafold2_ptm_model_1_seed_007 took 64.3s (0 recycles)
2026-04-03 07:24:57,226 alphafold2_ptm_model_2_seed_007 recycle=0 pLDDT=67.9 pTM=0.53
2026-04-03 07:24:57,234 alphafold2_ptm_model_2_seed_007 took 64.3s (0 recycles)
2026-04-03 07:25:56,174 alphafold2_ptm_model_3_seed_007 recycle=0 pLDDT=28.6 pTM=0.329
2026-04-03 07:25:56,183 alphafold2_ptm_model_3_seed_007 took 58.3s (0 recycles)
2026-04-03 07:26:55,218 alphafold2_ptm_model_4_seed_007 recycle=0 pLDDT=67.6 pTM=0.417
2026-04-03 07:26:55,226 alphafold2_ptm_model_4_seed_007 took 58.4s (0 recycles)
2026-04-03 07:27:54,213 alphafold2_ptm_model_5_seed_007 recycle=0 pLDDT=74.4 pTM=0.507
2026-04-03 07:27:54,221 alphafold2_ptm_model_5_seed_007 took 58.3s (0 recycles)
2026-04-03 07:29:10,411 alphafold2_ptm_model_1_seed_008 recycle=0 pLDDT=84.3 pTM=0.808
2026-04-03 07:29:10,419 alphafold2_ptm_model_1_seed_008 took 64.3s (0 recycles)
2026-04-03 07:30:15,345 alphafold2_ptm_model_2_seed_008 recycle=0 pLDDT=77 pTM=0.65
2026-04-03 07:30:15,353 alphafold2_ptm_model_2_seed_008 took 64.3s (0 recycles)
2026-04-03 07:31:14,283 alphafold2_ptm_model_3_seed_008 recycle=0 pLDDT=35.5 pTM=0.592
2026-04-03 07:31:14,292 alphafold2_ptm_model_3_seed_008 took 58.3s (0 recycles)
2026-04-03 07:32:13,282 alphafold2_ptm_model_4_seed_008 recycle=0 pLDDT=74.8 pTM=0.479
2026-04-03 07:32:13,290 alphafold2_ptm_model_4_seed_008 took 58.3s (0 recycles)
2026-04-03 07:33:12,306 alphafold2_ptm_model_5_seed_008 recycle=0 pLDDT=80.6 pTM=0.633
2026-04-03 07:33:12,314 alphafold2_ptm_model_5_seed_008 took 58.3s (0 recycles)
2026-04-03 07:34:28,511 alphafold2_ptm_model_1_seed_009 recycle=0 pLDDT=80.1 pTM=0.764
2026-04-03 07:34:28,520 alphafold2_ptm_model_1_seed_009 took 64.3s (0 recycles)
2026-04-03 07:35:33,466 alphafold2_ptm_model_2_seed_009 recycle=0 pLDDT=77.2 pTM=0.632
2026-04-03 07:35:33,474 alphafold2_ptm_model_2_seed_009 took 64.3s (0 recycles)
2026-04-03 07:36:32,435 alphafold2_ptm_model_3_seed_009 recycle=0 pLDDT=60.8 pTM=0.413
2026-04-03 07:36:32,443 alphafold2_ptm_model_3_seed_009 took 58.3s (0 recycles)
2026-04-03 07:37:31,513 alphafold2_ptm_model_4_seed_009 recycle=0 pLDDT=76.1 pTM=0.458
2026-04-03 07:37:31,522 alphafold2_ptm_model_4_seed_009 took 58.4s (0 recycles)
2026-04-03 07:38:30,530 alphafold2_ptm_model_5_seed_009 recycle=0 pLDDT=75.6 pTM=0.503
2026-04-03 07:38:30,538 alphafold2_ptm_model_5_seed_009 took 58.3s (0 recycles)
2026-04-03 07:39:46,644 alphafold2_ptm_model_1_seed_010 recycle=0 pLDDT=83.1 pTM=0.761
2026-04-03 07:39:46,652 alphafold2_ptm_model_1_seed_010 took 64.2s (0 recycles)
2026-04-03 07:40:51,494 alphafold2_ptm_model_2_seed_010 recycle=0 pLDDT=78.2 pTM=0.649
2026-04-03 07:40:51,502 alphafold2_ptm_model_2_seed_010 took 64.2s (0 recycles)
2026-04-03 07:41:50,373 alphafold2_ptm_model_3_seed_010 recycle=0 pLDDT=49.7 pTM=0.333
2026-04-03 07:41:50,381 alphafold2_ptm_model_3_seed_010 took 58.2s (0 recycles)
2026-04-03 07:42:49,287 alphafold2_ptm_model_4_seed_010 recycle=0 pLDDT=71.6 pTM=0.44
2026-04-03 07:42:49,295 alphafold2_ptm_model_4_seed_010 took 58.2s (0 recycles)
2026-04-03 07:43:48,189 alphafold2_ptm_model_5_seed_010 recycle=0 pLDDT=72.2 pTM=0.519
2026-04-03 07:43:48,198 alphafold2_ptm_model_5_seed_010 took 58.2s (0 recycles)
2026-04-03 07:45:05,382 alphafold2_ptm_model_1_seed_011 recycle=0 pLDDT=81.7 pTM=0.761
2026-04-03 07:45:05,390 alphafold2_ptm_model_1_seed_011 took 65.3s (0 recycles)
2026-04-03 07:46:11,288 alphafold2_ptm_model_2_seed_011 recycle=0 pLDDT=75.2 pTM=0.612
2026-04-03 07:46:11,296 alphafold2_ptm_model_2_seed_011 took 65.2s (0 recycles)
2026-04-03 07:47:11,244 alphafold2_ptm_model_3_seed_011 recycle=0 pLDDT=37.6 pTM=0.292
2026-04-03 07:47:11,252 alphafold2_ptm_model_3_seed_011 took 59.3s (0 recycles)
2026-04-03 07:48:11,248 alphafold2_ptm_model_4_seed_011 recycle=0 pLDDT=71.2 pTM=0.448
2026-04-03 07:48:11,256 alphafold2_ptm_model_4_seed_011 took 59.3s (0 recycles)
2026-04-03 07:49:11,265 alphafold2_ptm_model_5_seed_011 recycle=0 pLDDT=77 pTM=0.593
2026-04-03 07:49:11,273 alphafold2_ptm_model_5_seed_011 took 59.3s (0 recycles)
2026-04-03 07:50:27,435 alphafold2_ptm_model_1_seed_012 recycle=0 pLDDT=77.5 pTM=0.727
2026-04-03 07:50:27,444 alphafold2_ptm_model_1_seed_012 took 64.2s (0 recycles)
2026-04-03 07:51:32,254 alphafold2_ptm_model_2_seed_012 recycle=0 pLDDT=69.4 pTM=0.535
2026-04-03 07:51:32,262 alphafold2_ptm_model_2_seed_012 took 64.1s (0 recycles)
2026-04-03 07:52:31,090 alphafold2_ptm_model_3_seed_012 recycle=0 pLDDT=30 pTM=0.305
2026-04-03 07:52:31,099 alphafold2_ptm_model_3_seed_012 took 58.2s (0 recycles)
2026-04-03 07:53:29,970 alphafold2_ptm_model_4_seed_012 recycle=0 pLDDT=68.8 pTM=0.429
2026-04-03 07:53:29,978 alphafold2_ptm_model_4_seed_012 took 58.2s (0 recycles)
2026-04-03 07:54:28,825 alphafold2_ptm_model_5_seed_012 recycle=0 pLDDT=77.3 pTM=0.589
2026-04-03 07:54:28,833 alphafold2_ptm_model_5_seed_012 took 58.2s (0 recycles)
2026-04-03 07:55:44,967 alphafold2_ptm_model_1_seed_013 recycle=0 pLDDT=81.6 pTM=0.743
2026-04-03 07:55:44,976 alphafold2_ptm_model_1_seed_013 took 64.2s (0 recycles)
2026-04-03 07:56:49,784 alphafold2_ptm_model_2_seed_013 recycle=0 pLDDT=72.1 pTM=0.565
2026-04-03 07:56:49,792 alphafold2_ptm_model_2_seed_013 took 64.1s (0 recycles)
2026-04-03 07:57:48,649 alphafold2_ptm_model_3_seed_013 recycle=0 pLDDT=41 pTM=0.253
2026-04-03 07:57:48,658 alphafold2_ptm_model_3_seed_013 took 58.2s (0 recycles)
2026-04-03 07:58:47,574 alphafold2_ptm_model_4_seed_013 recycle=0 pLDDT=69.9 pTM=0.451
2026-04-03 07:58:47,582 alphafold2_ptm_model_4_seed_013 took 58.2s (0 recycles)
2026-04-03 07:59:46,452 alphafold2_ptm_model_5_seed_013 recycle=0 pLDDT=73.3 pTM=0.507
2026-04-03 07:59:46,460 alphafold2_ptm_model_5_seed_013 took 58.2s (0 recycles)
2026-04-03 08:01:02,857 alphafold2_ptm_model_1_seed_014 recycle=0 pLDDT=80.4 pTM=0.756
2026-04-03 08:01:02,865 alphafold2_ptm_model_1_seed_014 took 64.2s (0 recycles)
2026-04-03 08:02:07,659 alphafold2_ptm_model_2_seed_014 recycle=0 pLDDT=64.1 pTM=0.488
2026-04-03 08:02:07,667 alphafold2_ptm_model_2_seed_014 took 64.1s (0 recycles)
2026-04-03 08:03:06,482 alphafold2_ptm_model_3_seed_014 recycle=0 pLDDT=35.4 pTM=0.234
2026-04-03 08:03:06,491 alphafold2_ptm_model_3_seed_014 took 58.1s (0 recycles)
2026-04-03 08:04:05,366 alphafold2_ptm_model_4_seed_014 recycle=0 pLDDT=66.9 pTM=0.42
2026-04-03 08:04:05,374 alphafold2_ptm_model_4_seed_014 took 58.2s (0 recycles)
2026-04-03 08:05:04,267 alphafold2_ptm_model_5_seed_014 recycle=0 pLDDT=69.4 pTM=0.484
2026-04-03 08:05:04,275 alphafold2_ptm_model_5_seed_014 took 58.2s (0 recycles)
2026-04-03 08:06:20,946 alphafold2_ptm_model_1_seed_015 recycle=0 pLDDT=76.2 pTM=0.683
2026-04-03 08:06:20,954 alphafold2_ptm_model_1_seed_015 took 64.3s (0 recycles)
2026-04-03 08:07:25,894 alphafold2_ptm_model_2_seed_015 recycle=0 pLDDT=68.9 pTM=0.524
2026-04-03 08:07:25,902 alphafold2_ptm_model_2_seed_015 took 64.3s (0 recycles)
2026-04-03 08:08:24,847 alphafold2_ptm_model_3_seed_015 recycle=0 pLDDT=27.1 pTM=0.292
2026-04-03 08:08:24,855 alphafold2_ptm_model_3_seed_015 took 58.3s (0 recycles)
2026-04-03 08:09:23,884 alphafold2_ptm_model_4_seed_015 recycle=0 pLDDT=68.2 pTM=0.462
2026-04-03 08:09:23,892 alphafold2_ptm_model_4_seed_015 took 58.4s (0 recycles)
2026-04-03 08:10:22,892 alphafold2_ptm_model_5_seed_015 recycle=0 pLDDT=72.4 pTM=0.494
2026-04-03 08:10:22,901 alphafold2_ptm_model_5_seed_015 took 58.3s (0 recycles)
2026-04-03 08:11:39,851 alphafold2_ptm_model_1_seed_016 recycle=0 pLDDT=80.4 pTM=0.769
2026-04-03 08:11:39,859 alphafold2_ptm_model_1_seed_016 took 64.2s (0 recycles)
2026-04-03 08:12:45,636 alphafold2_ptm_model_2_seed_016 recycle=0 pLDDT=72 pTM=0.568
2026-04-03 08:12:45,644 alphafold2_ptm_model_2_seed_016 took 65.1s (0 recycles)
2026-04-03 08:13:45,505 alphafold2_ptm_model_3_seed_016 recycle=0 pLDDT=43.4 pTM=0.299
2026-04-03 08:13:45,513 alphafold2_ptm_model_3_seed_016 took 59.2s (0 recycles)
2026-04-03 08:14:45,377 alphafold2_ptm_model_4_seed_016 recycle=0 pLDDT=72.6 pTM=0.466
2026-04-03 08:14:45,385 alphafold2_ptm_model_4_seed_016 took 59.2s (0 recycles)
2026-04-03 08:15:45,257 alphafold2_ptm_model_5_seed_016 recycle=0 pLDDT=75.6 pTM=0.556
2026-04-03 08:15:45,265 alphafold2_ptm_model_5_seed_016 took 59.2s (0 recycles)
2026-04-03 08:17:03,502 alphafold2_ptm_model_1_seed_017 recycle=0 pLDDT=71.8 pTM=0.676
2026-04-03 08:17:03,510 alphafold2_ptm_model_1_seed_017 took 65.2s (0 recycles)
2026-04-03 08:18:09,408 alphafold2_ptm_model_2_seed_017 recycle=0 pLDDT=66.4 pTM=0.511
2026-04-03 08:18:09,416 alphafold2_ptm_model_2_seed_017 took 65.2s (0 recycles)
2026-04-03 08:19:09,362 alphafold2_ptm_model_3_seed_017 recycle=0 pLDDT=27.3 pTM=0.334
2026-04-03 08:19:09,371 alphafold2_ptm_model_3_seed_017 took 59.3s (0 recycles)
2026-04-03 08:20:09,408 alphafold2_ptm_model_4_seed_017 recycle=0 pLDDT=56.7 pTM=0.371
2026-04-03 08:20:09,416 alphafold2_ptm_model_4_seed_017 took 59.3s (0 recycles)
2026-04-03 08:21:09,403 alphafold2_ptm_model_5_seed_017 recycle=0 pLDDT=73.8 pTM=0.478
2026-04-03 08:21:09,411 alphafold2_ptm_model_5_seed_017 took 59.3s (0 recycles)
2026-04-03 08:22:28,282 alphafold2_ptm_model_1_seed_018 recycle=0 pLDDT=76 pTM=0.679
2026-04-03 08:22:28,290 alphafold2_ptm_model_1_seed_018 took 65.3s (0 recycles)
2026-04-03 08:23:34,215 alphafold2_ptm_model_2_seed_018 recycle=0 pLDDT=73.8 pTM=0.568
2026-04-03 08:23:34,223 alphafold2_ptm_model_2_seed_018 took 65.2s (0 recycles)
2026-04-03 08:24:34,164 alphafold2_ptm_model_3_seed_018 recycle=0 pLDDT=45.3 pTM=0.298
2026-04-03 08:24:34,172 alphafold2_ptm_model_3_seed_018 took 59.2s (0 recycles)
2026-04-03 08:25:34,189 alphafold2_ptm_model_4_seed_018 recycle=0 pLDDT=68 pTM=0.446
2026-04-03 08:25:34,197 alphafold2_ptm_model_4_seed_018 took 59.3s (0 recycles)
2026-04-03 08:26:34,147 alphafold2_ptm_model_5_seed_018 recycle=0 pLDDT=75 pTM=0.556
2026-04-03 08:26:34,156 alphafold2_ptm_model_5_seed_018 took 59.3s (0 recycles)
2026-04-03 08:27:52,646 alphafold2_ptm_model_1_seed_019 recycle=0 pLDDT=77.6 pTM=0.733
2026-04-03 08:27:52,654 alphafold2_ptm_model_1_seed_019 took 64.3s (0 recycles)
2026-04-03 08:28:57,442 alphafold2_ptm_model_2_seed_019 recycle=0 pLDDT=77.4 pTM=0.638
2026-04-03 08:28:57,443 alphafold2_ptm_model_2_seed_019 took 64.1s (0 recycles)
2026-04-03 08:29:56,506 alphafold2_ptm_model_3_seed_019 recycle=0 pLDDT=48.5 pTM=0.307
2026-04-03 08:29:56,514 alphafold2_ptm_model_3_seed_019 took 58.4s (0 recycles)
2026-04-03 08:30:55,498 alphafold2_ptm_model_4_seed_019 recycle=0 pLDDT=72.8 pTM=0.482
2026-04-03 08:30:55,506 alphafold2_ptm_model_4_seed_019 took 58.3s (0 recycles)
2026-04-03 08:31:54,500 alphafold2_ptm_model_5_seed_019 recycle=0 pLDDT=77.1 pTM=0.543
2026-04-03 08:31:54,508 alphafold2_ptm_model_5_seed_019 took 58.3s (0 recycles)
2026-04-03 08:33:13,465 alphafold2_ptm_model_1_seed_020 recycle=0 pLDDT=83.3 pTM=0.776
2026-04-03 08:33:13,473 alphafold2_ptm_model_1_seed_020 took 64.3s (0 recycles)
2026-04-03 08:34:18,459 alphafold2_ptm_model_2_seed_020 recycle=0 pLDDT=77.6 pTM=0.639
2026-04-03 08:34:18,467 alphafold2_ptm_model_2_seed_020 took 64.3s (0 recycles)
2026-04-03 08:35:17,424 alphafold2_ptm_model_3_seed_020 recycle=0 pLDDT=35.9 pTM=0.639
2026-04-03 08:35:17,432 alphafold2_ptm_model_3_seed_020 took 58.3s (0 recycles)
2026-04-03 08:36:16,405 alphafold2_ptm_model_4_seed_020 recycle=0 pLDDT=68.9 pTM=0.444
2026-04-03 08:36:16,413 alphafold2_ptm_model_4_seed_020 took 58.3s (0 recycles)
2026-04-03 08:37:15,368 alphafold2_ptm_model_5_seed_020 recycle=0 pLDDT=67.9 pTM=0.583
2026-04-03 08:37:15,376 alphafold2_ptm_model_5_seed_020 took 58.3s (0 recycles)
2026-04-03 08:38:32,337 alphafold2_ptm_model_1_seed_021 recycle=0 pLDDT=77.2 pTM=0.736
2026-04-03 08:38:32,346 alphafold2_ptm_model_1_seed_021 took 64.2s (0 recycles)
2026-04-03 08:39:37,237 alphafold2_ptm_model_2_seed_021 recycle=0 pLDDT=74 pTM=0.591
2026-04-03 08:39:37,245 alphafold2_ptm_model_2_seed_021 took 64.2s (0 recycles)
2026-04-03 08:40:36,181 alphafold2_ptm_model_3_seed_021 recycle=0 pLDDT=50.1 pTM=0.303
2026-04-03 08:40:36,189 alphafold2_ptm_model_3_seed_021 took 58.3s (0 recycles)
2026-04-03 08:41:35,194 alphafold2_ptm_model_4_seed_021 recycle=0 pLDDT=72.3 pTM=0.471
2026-04-03 08:41:35,203 alphafold2_ptm_model_4_seed_021 took 58.3s (0 recycles)
2026-04-03 08:42:34,226 alphafold2_ptm_model_5_seed_021 recycle=0 pLDDT=77.2 pTM=0.53
2026-04-03 08:42:34,234 alphafold2_ptm_model_5_seed_021 took 58.4s (0 recycles)
2026-04-03 08:43:50,201 alphafold2_ptm_model_1_seed_022 recycle=0 pLDDT=63.2 pTM=0.545
2026-04-03 08:43:50,209 alphafold2_ptm_model_1_seed_022 took 64.2s (0 recycles)
2026-04-03 08:44:55,002 alphafold2_ptm_model_2_seed_022 recycle=0 pLDDT=66 pTM=0.493
2026-04-03 08:44:55,011 alphafold2_ptm_model_2_seed_022 took 64.1s (0 recycles)
2026-04-03 08:45:53,855 alphafold2_ptm_model_3_seed_022 recycle=0 pLDDT=41 pTM=0.42
2026-04-03 08:45:53,863 alphafold2_ptm_model_3_seed_022 took 58.2s (0 recycles)
2026-04-03 08:46:52,718 alphafold2_ptm_model_4_seed_022 recycle=0 pLDDT=71.6 pTM=0.542
2026-04-03 08:46:52,726 alphafold2_ptm_model_4_seed_022 took 58.2s (0 recycles)
2026-04-03 08:47:51,573 alphafold2_ptm_model_5_seed_022 recycle=0 pLDDT=77.8 pTM=0.714
2026-04-03 08:47:51,581 alphafold2_ptm_model_5_seed_022 took 58.2s (0 recycles)
2026-04-03 08:49:07,604 alphafold2_ptm_model_1_seed_023 recycle=0 pLDDT=73.5 pTM=0.684
2026-04-03 08:49:07,613 alphafold2_ptm_model_1_seed_023 took 64.2s (0 recycles)
2026-04-03 08:50:12,535 alphafold2_ptm_model_2_seed_023 recycle=0 pLDDT=68.2 pTM=0.537
2026-04-03 08:50:12,543 alphafold2_ptm_model_2_seed_023 took 64.2s (0 recycles)
2026-04-03 08:51:11,464 alphafold2_ptm_model_3_seed_023 recycle=0 pLDDT=35.1 pTM=0.246
2026-04-03 08:51:11,472 alphafold2_ptm_model_3_seed_023 took 58.3s (0 recycles)
2026-04-03 08:52:10,451 alphafold2_ptm_model_4_seed_023 recycle=0 pLDDT=69.1 pTM=0.467
2026-04-03 08:52:10,459 alphafold2_ptm_model_4_seed_023 took 58.3s (0 recycles)
2026-04-03 08:53:09,405 alphafold2_ptm_model_5_seed_023 recycle=0 pLDDT=76.1 pTM=0.727
2026-04-03 08:53:09,414 alphafold2_ptm_model_5_seed_023 took 58.3s (0 recycles)
2026-04-03 08:54:25,483 alphafold2_ptm_model_1_seed_024 recycle=0 pLDDT=74.9 pTM=0.674
2026-04-03 08:54:25,491 alphafold2_ptm_model_1_seed_024 took 64.3s (0 recycles)
2026-04-03 08:55:30,421 alphafold2_ptm_model_2_seed_024 recycle=0 pLDDT=68.8 pTM=0.532
2026-04-03 08:55:30,430 alphafold2_ptm_model_2_seed_024 took 64.3s (0 recycles)
2026-04-03 08:56:29,384 alphafold2_ptm_model_3_seed_024 recycle=0 pLDDT=38.1 pTM=0.302
2026-04-03 08:56:29,393 alphafold2_ptm_model_3_seed_024 took 58.3s (0 recycles)
2026-04-03 08:57:28,401 alphafold2_ptm_model_4_seed_024 recycle=0 pLDDT=68.1 pTM=0.428
2026-04-03 08:57:28,409 alphafold2_ptm_model_4_seed_024 took 58.3s (0 recycles)
2026-04-03 08:58:27,375 alphafold2_ptm_model_5_seed_024 recycle=0 pLDDT=70.9 pTM=0.459
2026-04-03 08:58:27,383 alphafold2_ptm_model_5_seed_024 took 58.3s (0 recycles)
2026-04-03 08:58:28,059 reranking models by 'plddt' metric
2026-04-03 08:58:28,059 rank_001_alphafold2_ptm_model_1_seed_008 pLDDT=84.3 pTM=0.808
2026-04-03 08:58:28,061 rank_002_alphafold2_ptm_model_1_seed_020 pLDDT=83.3 pTM=0.776
2026-04-03 08:58:28,063 rank_003_alphafold2_ptm_model_1_seed_010 pLDDT=83.1 pTM=0.761
2026-04-03 08:58:28,065 rank_004_alphafold2_ptm_model_1_seed_003 pLDDT=82.8 pTM=0.771
2026-04-03 08:58:28,067 rank_005_alphafold2_ptm_model_1_seed_002 pLDDT=82 pTM=0.762
2026-04-03 08:58:28,068 rank_006_alphafold2_ptm_model_1_seed_011 pLDDT=81.7 pTM=0.761
2026-04-03 08:58:28,070 rank_007_alphafold2_ptm_model_1_seed_013 pLDDT=81.6 pTM=0.743
2026-04-03 08:58:28,072 rank_008_alphafold2_ptm_model_1_seed_001 pLDDT=80.9 pTM=0.746
2026-04-03 08:58:28,073 rank_009_alphafold2_ptm_model_5_seed_008 pLDDT=80.6 pTM=0.633
2026-04-03 08:58:28,075 rank_010_alphafold2_ptm_model_1_seed_014 pLDDT=80.4 pTM=0.756
2026-04-03 08:58:28,076 rank_011_alphafold2_ptm_model_1_seed_016 pLDDT=80.4 pTM=0.769
2026-04-03 08:58:28,078 rank_012_alphafold2_ptm_model_1_seed_009 pLDDT=80.1 pTM=0.764
2026-04-03 08:58:28,079 rank_013_alphafold2_ptm_model_1_seed_006 pLDDT=78.9 pTM=0.731
2026-04-03 08:58:28,081 rank_014_alphafold2_ptm_model_2_seed_010 pLDDT=78.2 pTM=0.649
2026-04-03 08:58:28,083 rank_015_alphafold2_ptm_model_5_seed_022 pLDDT=77.8 pTM=0.714
2026-04-03 08:58:28,084 rank_016_alphafold2_ptm_model_5_seed_006 pLDDT=77.8 pTM=0.599
2026-04-03 08:58:28,086 rank_017_alphafold2_ptm_model_2_seed_002 pLDDT=77.8 pTM=0.639
2026-04-03 08:58:28,087 rank_018_alphafold2_ptm_model_1_seed_019 pLDDT=77.6 pTM=0.733
2026-04-03 08:58:28,089 rank_019_alphafold2_ptm_model_2_seed_020 pLDDT=77.6 pTM=0.639
2026-04-03 08:58:28,090 rank_020_alphafold2_ptm_model_1_seed_012 pLDDT=77.5 pTM=0.727
2026-04-03 08:58:28,092 rank_021_alphafold2_ptm_model_2_seed_019 pLDDT=77.4 pTM=0.638
2026-04-03 08:58:28,094 rank_022_alphafold2_ptm_model_5_seed_012 pLDDT=77.3 pTM=0.589
2026-04-03 08:58:28,095 rank_023_alphafold2_ptm_model_5_seed_021 pLDDT=77.2 pTM=0.53
2026-04-03 08:58:28,097 rank_024_alphafold2_ptm_model_2_seed_009 pLDDT=77.2 pTM=0.632
2026-04-03 08:58:28,098 rank_025_alphafold2_ptm_model_1_seed_021 pLDDT=77.2 pTM=0.736
2026-04-03 08:58:28,103 rank_026_alphafold2_ptm_model_5_seed_019 pLDDT=77.1 pTM=0.543
2026-04-03 08:58:28,105 rank_027_alphafold2_ptm_model_2_seed_008 pLDDT=77 pTM=0.65
2026-04-03 08:58:28,107 rank_028_alphafold2_ptm_model_1_seed_000 pLDDT=77 pTM=0.707
2026-04-03 08:58:28,108 rank_029_alphafold2_ptm_model_5_seed_011 pLDDT=77 pTM=0.593
2026-04-03 08:58:28,110 rank_030_alphafold2_ptm_model_2_seed_006 pLDDT=76.7 pTM=0.625
2026-04-03 08:58:28,111 rank_031_alphafold2_ptm_model_1_seed_015 pLDDT=76.2 pTM=0.683
2026-04-03 08:58:28,113 rank_032_alphafold2_ptm_model_4_seed_009 pLDDT=76.1 pTM=0.458
2026-04-03 08:58:28,115 rank_033_alphafold2_ptm_model_5_seed_023 pLDDT=76.1 pTM=0.727
2026-04-03 08:58:28,116 rank_034_alphafold2_ptm_model_2_seed_000 pLDDT=76 pTM=0.617
2026-04-03 08:58:28,117 rank_035_alphafold2_ptm_model_1_seed_018 pLDDT=76 pTM=0.679
2026-04-03 08:58:28,119 rank_036_alphafold2_ptm_model_5_seed_016 pLDDT=75.6 pTM=0.556
2026-04-03 08:58:28,121 rank_037_alphafold2_ptm_model_5_seed_009 pLDDT=75.6 pTM=0.503
2026-04-03 08:58:28,122 rank_038_alphafold2_ptm_model_2_seed_011 pLDDT=75.2 pTM=0.612
2026-04-03 08:58:28,124 rank_039_alphafold2_ptm_model_5_seed_004 pLDDT=75.1 pTM=0.543
2026-04-03 08:58:28,126 rank_040_alphafold2_ptm_model_5_seed_018 pLDDT=75 pTM=0.556
2026-04-03 08:58:28,127 rank_041_alphafold2_ptm_model_1_seed_024 pLDDT=74.9 pTM=0.674
2026-04-03 08:58:28,129 rank_042_alphafold2_ptm_model_5_seed_000 pLDDT=74.9 pTM=0.521
2026-04-03 08:58:28,130 rank_043_alphafold2_ptm_model_4_seed_008 pLDDT=74.8 pTM=0.479
2026-04-03 08:58:28,132 rank_044_alphafold2_ptm_model_2_seed_001 pLDDT=74.6 pTM=0.601
2026-04-03 08:58:28,133 rank_045_alphafold2_ptm_model_5_seed_007 pLDDT=74.4 pTM=0.507
2026-04-03 08:58:28,135 rank_046_alphafold2_ptm_model_5_seed_005 pLDDT=74.2 pTM=0.556
2026-04-03 08:58:28,137 rank_047_alphafold2_ptm_model_2_seed_021 pLDDT=74 pTM=0.591
2026-04-03 08:58:28,138 rank_048_alphafold2_ptm_model_5_seed_017 pLDDT=73.8 pTM=0.478
2026-04-03 08:58:28,139 rank_049_alphafold2_ptm_model_2_seed_018 pLDDT=73.8 pTM=0.568
2026-04-03 08:58:28,141 rank_050_alphafold2_ptm_model_1_seed_023 pLDDT=73.5 pTM=0.684
2026-04-03 08:58:28,142 rank_051_alphafold2_ptm_model_5_seed_013 pLDDT=73.3 pTM=0.507
2026-04-03 08:58:28,144 rank_052_alphafold2_ptm_model_1_seed_004 pLDDT=73.1 pTM=0.675
2026-04-03 08:58:28,145 rank_053_alphafold2_ptm_model_4_seed_019 pLDDT=72.8 pTM=0.482
2026-04-03 08:58:28,147 rank_054_alphafold2_ptm_model_2_seed_003 pLDDT=72.7 pTM=0.583
2026-04-03 08:58:28,148 rank_055_alphafold2_ptm_model_4_seed_016 pLDDT=72.6 pTM=0.466
2026-04-03 08:58:28,150 rank_056_alphafold2_ptm_model_5_seed_001 pLDDT=72.5 pTM=0.469
2026-04-03 08:58:28,152 rank_057_alphafold2_ptm_model_1_seed_007 pLDDT=72.5 pTM=0.666
2026-04-03 08:58:28,153 rank_058_alphafold2_ptm_model_5_seed_015 pLDDT=72.4 pTM=0.494
2026-04-03 08:58:28,155 rank_059_alphafold2_ptm_model_4_seed_021 pLDDT=72.3 pTM=0.471
2026-04-03 08:58:28,157 rank_060_alphafold2_ptm_model_5_seed_010 pLDDT=72.2 pTM=0.519
2026-04-03 08:58:28,158 rank_061_alphafold2_ptm_model_5_seed_002 pLDDT=72.2 pTM=0.494
2026-04-03 08:58:28,159 rank_062_alphafold2_ptm_model_2_seed_013 pLDDT=72.1 pTM=0.565
2026-04-03 08:58:28,161 rank_063_alphafold2_ptm_model_2_seed_016 pLDDT=72 pTM=0.568
2026-04-03 08:58:28,163 rank_064_alphafold2_ptm_model_1_seed_017 pLDDT=71.8 pTM=0.676
2026-04-03 08:58:28,164 rank_065_alphafold2_ptm_model_4_seed_010 pLDDT=71.6 pTM=0.44
2026-04-03 08:58:28,166 rank_066_alphafold2_ptm_model_4_seed_022 pLDDT=71.6 pTM=0.542
2026-04-03 08:58:28,168 rank_067_alphafold2_ptm_model_4_seed_011 pLDDT=71.2 pTM=0.448
2026-04-03 08:58:28,169 rank_068_alphafold2_ptm_model_5_seed_024 pLDDT=70.9 pTM=0.459
2026-04-03 08:58:28,171 rank_069_alphafold2_ptm_model_5_seed_003 pLDDT=70.6 pTM=0.48
2026-04-03 08:58:28,172 rank_070_alphafold2_ptm_model_1_seed_005 pLDDT=69.9 pTM=0.641
2026-04-03 08:58:28,174 rank_071_alphafold2_ptm_model_4_seed_013 pLDDT=69.9 pTM=0.451
2026-04-03 08:58:28,175 rank_072_alphafold2_ptm_model_5_seed_014 pLDDT=69.4 pTM=0.484
2026-04-03 08:58:28,177 rank_073_alphafold2_ptm_model_2_seed_012 pLDDT=69.4 pTM=0.535
2026-04-03 08:58:28,179 rank_074_alphafold2_ptm_model_4_seed_000 pLDDT=69.2 pTM=0.45
2026-04-03 08:58:28,180 rank_075_alphafold2_ptm_model_4_seed_023 pLDDT=69.1 pTM=0.467
2026-04-03 08:58:28,182 rank_076_alphafold2_ptm_model_4_seed_003 pLDDT=68.9 pTM=0.458
2026-04-03 08:58:28,183 rank_077_alphafold2_ptm_model_4_seed_020 pLDDT=68.9 pTM=0.444
2026-04-03 08:58:28,185 rank_078_alphafold2_ptm_model_2_seed_015 pLDDT=68.9 pTM=0.524
2026-04-03 08:58:28,187 rank_079_alphafold2_ptm_model_2_seed_024 pLDDT=68.8 pTM=0.532
2026-04-03 08:58:28,188 rank_080_alphafold2_ptm_model_4_seed_012 pLDDT=68.8 pTM=0.429
2026-04-03 08:58:28,189 rank_081_alphafold2_ptm_model_2_seed_023 pLDDT=68.2 pTM=0.537
2026-04-03 08:58:28,191 rank_082_alphafold2_ptm_model_4_seed_001 pLDDT=68.2 pTM=0.418
2026-04-03 08:58:28,193 rank_083_alphafold2_ptm_model_4_seed_015 pLDDT=68.2 pTM=0.462
2026-04-03 08:58:28,194 rank_084_alphafold2_ptm_model_4_seed_006 pLDDT=68.1 pTM=0.435
2026-04-03 08:58:28,196 rank_085_alphafold2_ptm_model_4_seed_024 pLDDT=68.1 pTM=0.428
2026-04-03 08:58:28,198 rank_086_alphafold2_ptm_model_4_seed_018 pLDDT=68 pTM=0.446
2026-04-03 08:58:28,199 rank_087_alphafold2_ptm_model_5_seed_020 pLDDT=67.9 pTM=0.583
2026-04-03 08:58:28,201 rank_088_alphafold2_ptm_model_2_seed_007 pLDDT=67.9 pTM=0.53
2026-04-03 08:58:28,202 rank_089_alphafold2_ptm_model_4_seed_007 pLDDT=67.6 pTM=0.417
2026-04-03 08:58:28,204 rank_090_alphafold2_ptm_model_4_seed_004 pLDDT=67.1 pTM=0.428
2026-04-03 08:58:28,205 rank_091_alphafold2_ptm_model_4_seed_014 pLDDT=66.9 pTM=0.42
2026-04-03 08:58:28,207 rank_092_alphafold2_ptm_model_4_seed_005 pLDDT=66.7 pTM=0.449
2026-04-03 08:58:28,208 rank_093_alphafold2_ptm_model_2_seed_004 pLDDT=66.5 pTM=0.506
2026-04-03 08:58:28,210 rank_094_alphafold2_ptm_model_2_seed_017 pLDDT=66.4 pTM=0.511
2026-04-03 08:58:28,212 rank_095_alphafold2_ptm_model_2_seed_022 pLDDT=66 pTM=0.493
2026-04-03 08:58:28,213 rank_096_alphafold2_ptm_model_2_seed_005 pLDDT=64.7 pTM=0.475
2026-04-03 08:58:28,214 rank_097_alphafold2_ptm_model_2_seed_014 pLDDT=64.1 pTM=0.488
2026-04-03 08:58:28,216 rank_098_alphafold2_ptm_model_4_seed_002 pLDDT=63.3 pTM=0.429
2026-04-03 08:58:28,218 rank_099_alphafold2_ptm_model_1_seed_022 pLDDT=63.2 pTM=0.545
2026-04-03 08:58:28,219 rank_100_alphafold2_ptm_model_3_seed_009 pLDDT=60.8 pTM=0.413
2026-04-03 08:58:28,221 rank_101_alphafold2_ptm_model_4_seed_017 pLDDT=56.7 pTM=0.371
2026-04-03 08:58:28,222 rank_102_alphafold2_ptm_model_3_seed_000 pLDDT=55.5 pTM=0.39
2026-04-03 08:58:28,224 rank_103_alphafold2_ptm_model_3_seed_021 pLDDT=50.1 pTM=0.303
2026-04-03 08:58:28,226 rank_104_alphafold2_ptm_model_3_seed_010 pLDDT=49.7 pTM=0.333
2026-04-03 08:58:28,227 rank_105_alphafold2_ptm_model_3_seed_019 pLDDT=48.5 pTM=0.307
2026-04-03 08:58:28,228 rank_106_alphafold2_ptm_model_3_seed_006 pLDDT=45.8 pTM=0.29
2026-04-03 08:58:28,230 rank_107_alphafold2_ptm_model_3_seed_018 pLDDT=45.3 pTM=0.298
2026-04-03 08:58:28,231 rank_108_alphafold2_ptm_model_3_seed_016 pLDDT=43.4 pTM=0.299
2026-04-03 08:58:28,233 rank_109_alphafold2_ptm_model_3_seed_013 pLDDT=41 pTM=0.253
2026-04-03 08:58:28,234 rank_110_alphafold2_ptm_model_3_seed_022 pLDDT=41 pTM=0.42
2026-04-03 08:58:28,236 rank_111_alphafold2_ptm_model_3_seed_024 pLDDT=38.1 pTM=0.302
2026-04-03 08:58:28,237 rank_112_alphafold2_ptm_model_3_seed_011 pLDDT=37.6 pTM=0.292
2026-04-03 08:58:28,239 rank_113_alphafold2_ptm_model_3_seed_003 pLDDT=36 pTM=0.227
2026-04-03 08:58:28,241 rank_114_alphafold2_ptm_model_3_seed_020 pLDDT=35.9 pTM=0.639
2026-04-03 08:58:28,242 rank_115_alphafold2_ptm_model_3_seed_008 pLDDT=35.5 pTM=0.592
2026-04-03 08:58:28,244 rank_116_alphafold2_ptm_model_3_seed_014 pLDDT=35.4 pTM=0.234
2026-04-03 08:58:28,245 rank_117_alphafold2_ptm_model_3_seed_023 pLDDT=35.1 pTM=0.246
2026-04-03 08:58:28,247 rank_118_alphafold2_ptm_model_3_seed_004 pLDDT=32.7 pTM=0.196
2026-04-03 08:58:28,249 rank_119_alphafold2_ptm_model_3_seed_012 pLDDT=30 pTM=0.305
2026-04-03 08:58:28,250 rank_120_alphafold2_ptm_model_3_seed_002 pLDDT=29 pTM=0.553
2026-04-03 08:58:28,252 rank_121_alphafold2_ptm_model_3_seed_005 pLDDT=29 pTM=0.646
2026-04-03 08:58:28,253 rank_122_alphafold2_ptm_model_3_seed_007 pLDDT=28.6 pTM=0.329
2026-04-03 08:58:28,255 rank_123_alphafold2_ptm_model_3_seed_017 pLDDT=27.3 pTM=0.334
2026-04-03 08:58:28,257 rank_124_alphafold2_ptm_model_3_seed_015 pLDDT=27.1 pTM=0.292
2026-04-03 08:58:28,258 rank_125_alphafold2_ptm_model_3_seed_001 pLDDT=23.5 pTM=0.493
2026-04-03 08:58:31,215 Done
>>> WRITING SHELL SCRIPT
>>> APPENDING JSON TO jobs.json
###### COMPLETE ######
>>> ATTEMPTING TO RUN COLABFOLD

desired_count: 0
desired_count: 1
1
1
desired_count: 2
2
3
desired_count: 6
6
9
desired_count: 12
12
21
desired_count: 17
17
38
desired_count: 15
15
53
desired_count: 10
10
63
desired_count: 5
5
68
desired_count: 1
1
69
desired_count: 0
desired_count: 0
desired_count: 0
desired_count: 0
desired_count: 0
desired_count: 0
desired_count: 0
desired_count: 0
desired_count: 0
>>> CREATING DIRECTORY FOR BEST TEMPLATES
###### UvrD_unrelaxed_rank_057_alphafold2_ptm_model_5_seed_004.pdb ADDED TO iteration1 (0.0958247194661463 A) ######
###### UvrD_unrelaxed_rank_044_alphafold2_ptm_model_5_seed_021.pdb ADDED TO iteration1 (0.10329413032290757 A) ######
###### UvrD_unrelaxed_rank_058_alphafold2_ptm_model_5_seed_018.pdb ADDED TO iteration1 (0.12416061521206322 A) ######
###### UvrD_unrelaxed_rank_063_alphafold2_ptm_model_5_seed_005.pdb ADDED TO iteration1 (0.17064881297340515 A) ######
###### UvrD_unrelaxed_rank_077_alphafold2_ptm_model_4_seed_022.pdb ADDED TO iteration1 (0.17593551421501163 A) ######
###### UvrD_unrelaxed_rank_074_alphafold2_ptm_model_5_seed_002.pdb ADDED TO iteration1 (0.16950788024178914 A) ######
###### UvrD_unrelaxed_rank_037_alphafold2_ptm_model_5_seed_006.pdb ADDED TO iteration1 (0.15989339920628987 A) ######
###### UvrD_unrelaxed_rank_043_alphafold2_ptm_model_5_seed_012.pdb ADDED TO iteration1 (0.1838753796681975 A) ######
###### UvrD_unrelaxed_rank_079_alphafold2_ptm_model_4_seed_011.pdb ADDED TO iteration1 (0.17590848404907758 A) ######
###### UvrD_unrelaxed_rank_108_alphafold2_ptm_model_3_seed_016.pdb ADDED TO iteration1 (0.23143715677218543 A) ######
###### UvrD_unrelaxed_rank_104_alphafold2_ptm_model_3_seed_010.pdb ADDED TO iteration1 (0.24213875205339044 A) ######
###### UvrD_unrelaxed_rank_103_alphafold2_ptm_model_3_seed_021.pdb ADDED TO iteration1 (0.2211868736576923 A) ######
###### UvrD_unrelaxed_rank_104_alphafold2_ptm_model_3_seed_010_dupe1.pdb ADDED TO iteration1 (0.24213875205339044 A) ######
###### UvrD_unrelaxed_rank_076_alphafold2_ptm_model_4_seed_010.pdb ADDED TO iteration1 (0.22491998646447506 A) ######
###### UvrD_unrelaxed_rank_103_alphafold2_ptm_model_3_seed_021_dupe1.pdb ADDED TO iteration1 (0.2211868736576923 A) ######
###### UvrD_unrelaxed_rank_076_alphafold2_ptm_model_4_seed_010_dupe1.pdb ADDED TO iteration1 (0.22491998646447506 A) ######
###### UvrD_unrelaxed_rank_076_alphafold2_ptm_model_4_seed_010_dupe2.pdb ADDED TO iteration1 (0.22491998646447506 A) ######
###### UvrD_unrelaxed_rank_108_alphafold2_ptm_model_3_seed_016_dupe1.pdb ADDED TO iteration1 (0.23143715677218543 A) ######
###### UvrD_unrelaxed_rank_104_alphafold2_ptm_model_3_seed_010_dupe2.pdb ADDED TO iteration1 (0.24213875205339044 A) ######
###### UvrD_unrelaxed_rank_108_alphafold2_ptm_model_3_seed_016_dupe2.pdb ADDED TO iteration1 (0.23143715677218543 A) ######
###### UvrD_unrelaxed_rank_103_alphafold2_ptm_model_3_seed_021_dupe2.pdb ADDED TO iteration1 (0.2211868736576923 A) ######
###### UvrD_unrelaxed_rank_122_alphafold2_ptm_model_3_seed_007.pdb ADDED TO iteration1 (0.2885548978688594 A) ######
###### UvrD_unrelaxed_rank_122_alphafold2_ptm_model_3_seed_007_dupe1.pdb ADDED TO iteration1 (0.2885548978688594 A) ######
###### UvrD_unrelaxed_rank_122_alphafold2_ptm_model_3_seed_007_dupe2.pdb ADDED TO iteration1 (0.2885548978688594 A) ######
###### UvrD_unrelaxed_rank_122_alphafold2_ptm_model_3_seed_007_dupe3.pdb ADDED TO iteration1 (0.2885548978688594 A) ######
###### UvrD_unrelaxed_rank_122_alphafold2_ptm_model_3_seed_007_dupe4.pdb ADDED TO iteration1 (0.2885548978688594 A) ######
###### UvrD_unrelaxed_rank_122_alphafold2_ptm_model_3_seed_007_dupe5.pdb ADDED TO iteration1 (0.2885548978688594 A) ######
###### UvrD_unrelaxed_rank_122_alphafold2_ptm_model_3_seed_007_dupe6.pdb ADDED TO iteration1 (0.2885548978688594 A) ######
###### UvrD_unrelaxed_rank_122_alphafold2_ptm_model_3_seed_007_dupe7.pdb ADDED TO iteration1 (0.2885548978688594 A) ######
###### UvrD_unrelaxed_rank_122_alphafold2_ptm_model_3_seed_007_dupe8.pdb ADDED TO iteration1 (0.2885548978688594 A) ######
###### UvrD_unrelaxed_rank_122_alphafold2_ptm_model_3_seed_007_dupe9.pdb ADDED TO iteration1 (0.2885548978688594 A) ######
###### UvrD_unrelaxed_rank_122_alphafold2_ptm_model_3_seed_007_dupe10.pdb ADDED TO iteration1 (0.2885548978688594 A) ######
###### UvrD_unrelaxed_rank_122_alphafold2_ptm_model_3_seed_007_dupe11.pdb ADDED TO iteration1 (0.2885548978688594 A) ######
###### UvrD_unrelaxed_rank_122_alphafold2_ptm_model_3_seed_007_dupe12.pdb ADDED TO iteration1 (0.2885548978688594 A) ######
###### UvrD_unrelaxed_rank_122_alphafold2_ptm_model_3_seed_007_dupe13.pdb ADDED TO iteration1 (0.2885548978688594 A) ######
###### UvrD_unrelaxed_rank_122_alphafold2_ptm_model_3_seed_007_dupe14.pdb ADDED TO iteration1 (0.2885548978688594 A) ######
###### UvrD_unrelaxed_rank_122_alphafold2_ptm_model_3_seed_007_dupe15.pdb ADDED TO iteration1 (0.2885548978688594 A) ######
###### UvrD_unrelaxed_rank_122_alphafold2_ptm_model_3_seed_007_dupe16.pdb ADDED TO iteration1 (0.2885548978688594 A) ######
###### UvrD_unrelaxed_rank_026_alphafold2_ptm_model_2_seed_013.pdb ADDED TO iteration1 (0.34898492498539957 A) ######
###### UvrD_unrelaxed_rank_105_alphafold2_ptm_model_3_seed_019.pdb ADDED TO iteration1 (0.3163331367848707 A) ######
###### UvrD_unrelaxed_rank_016_alphafold2_ptm_model_5_seed_008.pdb ADDED TO iteration1 (0.32040098576310083 A) ######
###### UvrD_unrelaxed_rank_042_alphafold2_ptm_model_2_seed_023.pdb ADDED TO iteration1 (0.3485975581319435 A) ######
###### UvrD_unrelaxed_rank_105_alphafold2_ptm_model_3_seed_019_dupe1.pdb ADDED TO iteration1 (0.3163331367848707 A) ######
###### UvrD_unrelaxed_rank_105_alphafold2_ptm_model_3_seed_019_dupe2.pdb ADDED TO iteration1 (0.3163331367848707 A) ######
###### UvrD_unrelaxed_rank_042_alphafold2_ptm_model_2_seed_023_dupe1.pdb ADDED TO iteration1 (0.3485975581319435 A) ######
###### UvrD_unrelaxed_rank_095_alphafold2_ptm_model_4_seed_007.pdb ADDED TO iteration1 (0.33332286309734754 A) ######
###### UvrD_unrelaxed_rank_042_alphafold2_ptm_model_2_seed_023_dupe2.pdb ADDED TO iteration1 (0.3485975581319435 A) ######
###### UvrD_unrelaxed_rank_095_alphafold2_ptm_model_4_seed_007_dupe1.pdb ADDED TO iteration1 (0.33332286309734754 A) ######
###### UvrD_unrelaxed_rank_026_alphafold2_ptm_model_2_seed_013_dupe1.pdb ADDED TO iteration1 (0.34898492498539957 A) ######
###### UvrD_unrelaxed_rank_016_alphafold2_ptm_model_5_seed_008_dupe1.pdb ADDED TO iteration1 (0.32040098576310083 A) ######
###### UvrD_unrelaxed_rank_016_alphafold2_ptm_model_5_seed_008_dupe2.pdb ADDED TO iteration1 (0.32040098576310083 A) ######
###### UvrD_unrelaxed_rank_095_alphafold2_ptm_model_4_seed_007_dupe2.pdb ADDED TO iteration1 (0.33332286309734754 A) ######
###### UvrD_unrelaxed_rank_026_alphafold2_ptm_model_2_seed_013_dupe2.pdb ADDED TO iteration1 (0.34898492498539957 A) ######
###### UvrD_unrelaxed_rank_008_alphafold2_ptm_model_1_seed_002.pdb ADDED TO iteration1 (0.38639533070527454 A) ######
###### UvrD_unrelaxed_rank_064_alphafold2_ptm_model_2_seed_022.pdb ADDED TO iteration1 (0.37972569996479505 A) ######
###### UvrD_unrelaxed_rank_035_alphafold2_ptm_model_2_seed_012.pdb ADDED TO iteration1 (0.38042096909324996 A) ######
###### UvrD_unrelaxed_rank_034_alphafold2_ptm_model_2_seed_024.pdb ADDED TO iteration1 (0.3932531677544121 A) ######
###### UvrD_unrelaxed_rank_053_alphafold2_ptm_model_2_seed_017.pdb ADDED TO iteration1 (0.39493851325285867 A) ######
###### UvrD_unrelaxed_rank_052_alphafold2_ptm_model_2_seed_014.pdb ADDED TO iteration1 (0.3961635732277843 A) ######
###### UvrD_unrelaxed_rank_004_alphafold2_ptm_model_2_seed_002.pdb ADDED TO iteration1 (0.36285895249888594 A) ######
###### UvrD_unrelaxed_rank_018_alphafold2_ptm_model_2_seed_000.pdb ADDED TO iteration1 (0.3760522801217054 A) ######
###### UvrD_unrelaxed_rank_005_alphafold2_ptm_model_2_seed_020.pdb ADDED TO iteration1 (0.36961928015700224 A) ######
###### UvrD_unrelaxed_rank_017_alphafold2_ptm_model_2_seed_008.pdb ADDED TO iteration1 (0.39944242388588813 A) ######
###### UvrD_unrelaxed_rank_029_alphafold2_ptm_model_2_seed_003.pdb ADDED TO iteration1 (0.40062899415308123 A) ######
###### UvrD_unrelaxed_rank_032_alphafold2_ptm_model_1_seed_003.pdb ADDED TO iteration1 (0.4385994535958018 A) ######
###### UvrD_unrelaxed_rank_031_alphafold2_ptm_model_1_seed_006.pdb ADDED TO iteration1 (0.4195679402451554 A) ######
###### UvrD_unrelaxed_rank_022_alphafold2_ptm_model_1_seed_021.pdb ADDED TO iteration1 (0.4279741001326449 A) ######
###### UvrD_unrelaxed_rank_060_alphafold2_ptm_model_1_seed_005.pdb ADDED TO iteration1 (0.445680827240523 A) ######
###### UvrD_unrelaxed_rank_067_alphafold2_ptm_model_1_seed_007.pdb ADDED TO iteration1 (0.46901006424370917 A) ######
desired_count: 0
desired_count: 1
1
1
desired_count: 2
2
3
desired_count: 6
6
9
desired_count: 12
12
21
desired_count: 17
17
38
desired_count: 15
15
53
desired_count: 10
10
63
desired_count: 5
5
68
desired_count: 1
desired_count: 0
desired_count: 0
desired_count: 0
desired_count: 0
desired_count: 0
desired_count: 0
desired_count: 0
desired_count: 0
desired_count: 0
>>> APPENDING TO ITERATIONS DIRECTORY
###### UvrD_unrelaxed_rank_098_alphafold2_ptm_model_4_seed_005.pdb ADDED TO iteration2 (0.0738185617551026 A) ######
###### UvrD_unrelaxed_rank_038_alphafold2_ptm_model_5_seed_000.pdb ADDED TO iteration2 (0.14083473492439091 A) ######
###### UvrD_unrelaxed_rank_015_alphafold2_ptm_model_5_seed_019.pdb ADDED TO iteration2 (0.10257951050178894 A) ######
###### UvrD_unrelaxed_rank_064_alphafold2_ptm_model_5_seed_002.pdb ADDED TO iteration2 (0.16950788024178914 A) ######
###### UvrD_unrelaxed_rank_011_alphafold2_ptm_model_5_seed_012.pdb ADDED TO iteration2 (0.1838753796681975 A) ######
###### UvrD_unrelaxed_rank_007_alphafold2_ptm_model_5_seed_006.pdb ADDED TO iteration2 (0.15989339920628987 A) ######
###### UvrD_unrelaxed_rank_045_alphafold2_ptm_model_5_seed_005.pdb ADDED TO iteration2 (0.17064881297340515 A) ######
###### UvrD_unrelaxed_rank_057_alphafold2_ptm_model_2_seed_003.pdb ADDED TO iteration2 (0.1674427483081351 A) ######
###### UvrD_unrelaxed_rank_067_alphafold2_ptm_model_4_seed_022.pdb ADDED TO iteration2 (0.17593551421501163 A) ######
###### UvrD_unrelaxed_rank_088_alphafold2_ptm_model_2_seed_005.pdb ADDED TO iteration2 (0.23616816271501373 A) ######
###### UvrD_unrelaxed_rank_072_alphafold2_ptm_model_2_seed_004.pdb ADDED TO iteration2 (0.2301641125633377 A) ######
###### UvrD_unrelaxed_rank_073_alphafold2_ptm_model_2_seed_017.pdb ADDED TO iteration2 (0.23619278821414194 A) ######
###### UvrD_unrelaxed_rank_053_alphafold2_ptm_model_2_seed_006.pdb ADDED TO iteration2 (0.24726243553515542 A) ######
###### UvrD_unrelaxed_rank_055_alphafold2_ptm_model_2_seed_013.pdb ADDED TO iteration2 (0.2487356204250761 A) ######
###### UvrD_unrelaxed_rank_066_alphafold2_ptm_model_4_seed_010.pdb ADDED TO iteration2 (0.22491998646447506 A) ######
###### UvrD_unrelaxed_rank_104_alphafold2_ptm_model_3_seed_010.pdb ADDED TO iteration2 (0.24213875205339044 A) ######
###### UvrD_unrelaxed_rank_108_alphafold2_ptm_model_3_seed_016.pdb ADDED TO iteration2 (0.23143715677218543 A) ######
###### UvrD_unrelaxed_rank_079_alphafold2_ptm_model_2_seed_022.pdb ADDED TO iteration2 (0.24640291958656993 A) ######
###### UvrD_unrelaxed_rank_076_alphafold2_ptm_model_2_seed_015.pdb ADDED TO iteration2 (0.24743702940768125 A) ######
###### UvrD_unrelaxed_rank_103_alphafold2_ptm_model_3_seed_021.pdb ADDED TO iteration2 (0.2211868736576923 A) ######
###### UvrD_unrelaxed_rank_047_alphafold2_ptm_model_2_seed_000.pdb ADDED TO iteration2 (0.24351315840893858 A) ######
###### UvrD_unrelaxed_rank_002_alphafold2_ptm_model_1_seed_011.pdb ADDED TO iteration2 (0.28367503457389603 A) ######
###### UvrD_unrelaxed_rank_025_alphafold2_ptm_model_2_seed_010.pdb ADDED TO iteration2 (0.2751737478220384 A) ######
###### UvrD_unrelaxed_rank_022_alphafold2_ptm_model_1_seed_014.pdb ADDED TO iteration2 (0.2731502239273486 A) ######
###### UvrD_unrelaxed_rank_042_alphafold2_ptm_model_1_seed_007.pdb ADDED TO iteration2 (0.26502381257185287 A) ######
###### UvrD_unrelaxed_rank_032_alphafold2_ptm_model_1_seed_012.pdb ADDED TO iteration2 (0.2867309081645484 A) ######
###### UvrD_unrelaxed_rank_010_alphafold2_ptm_model_1_seed_016.pdb ADDED TO iteration2 (0.2902766519898448 A) ######
###### UvrD_unrelaxed_rank_009_alphafold2_ptm_model_1_seed_008.pdb ADDED TO iteration2 (0.2894700774668151 A) ######
###### UvrD_unrelaxed_rank_018_alphafold2_ptm_model_1_seed_021.pdb ADDED TO iteration2 (0.28338568632612876 A) ######
###### UvrD_unrelaxed_rank_037_alphafold2_ptm_model_2_seed_019.pdb ADDED TO iteration2 (0.26771444156519386 A) ######
###### UvrD_unrelaxed_rank_046_alphafold2_ptm_model_1_seed_004.pdb ADDED TO iteration2 (0.2888025719232703 A) ######
###### UvrD_unrelaxed_rank_068_alphafold2_ptm_model_2_seed_007.pdb ADDED TO iteration2 (0.2610767535714651 A) ######
###### UvrD_unrelaxed_rank_031_alphafold2_ptm_model_2_seed_002.pdb ADDED TO iteration2 (0.2694178484904999 A) ######
###### UvrD_unrelaxed_rank_074_alphafold2_ptm_model_2_seed_012.pdb ADDED TO iteration2 (0.26636101656791006 A) ######
###### UvrD_unrelaxed_rank_026_alphafold2_ptm_model_1_seed_009.pdb ADDED TO iteration2 (0.278045007657616 A) ######
###### UvrD_unrelaxed_rank_054_alphafold2_ptm_model_2_seed_016.pdb ADDED TO iteration2 (0.2628450721757068 A) ######
###### UvrD_unrelaxed_rank_020_alphafold2_ptm_model_1_seed_003.pdb ADDED TO iteration2 (0.2772942427262938 A) ######
###### UvrD_unrelaxed_rank_082_alphafold2_ptm_model_1_seed_022.pdb ADDED TO iteration2 (0.28320959779022314 A) ######
###### UvrD_unrelaxed_rank_105_alphafold2_ptm_model_3_seed_019.pdb ADDED TO iteration2 (0.3163331367848707 A) ######
###### UvrD_unrelaxed_rank_001_alphafold2_ptm_model_5_seed_008.pdb ADDED TO iteration2 (0.32040098576310083 A) ######
###### UvrD_unrelaxed_rank_019_alphafold2_ptm_model_1_seed_000.pdb ADDED TO iteration2 (0.30974981237771054 A) ######
###### UvrD_unrelaxed_rank_080_alphafold2_ptm_model_1_seed_017.pdb ADDED TO iteration2 (0.324034821475688 A) ######
###### UvrD_unrelaxed_rank_080_alphafold2_ptm_model_1_seed_017_dupe1.pdb ADDED TO iteration2 (0.324034821475688 A) ######
###### UvrD_unrelaxed_rank_019_alphafold2_ptm_model_1_seed_000_dupe1.pdb ADDED TO iteration2 (0.30974981237771054 A) ######
###### UvrD_unrelaxed_rank_005_alphafold2_ptm_model_1_seed_001.pdb ADDED TO iteration2 (0.30442292957187334 A) ######
###### UvrD_unrelaxed_rank_105_alphafold2_ptm_model_3_seed_019_dupe1.pdb ADDED TO iteration2 (0.3163331367848707 A) ######
###### UvrD_unrelaxed_rank_080_alphafold2_ptm_model_1_seed_017_dupe2.pdb ADDED TO iteration2 (0.324034821475688 A) ######
###### UvrD_unrelaxed_rank_005_alphafold2_ptm_model_1_seed_001_dupe1.pdb ADDED TO iteration2 (0.30442292957187334 A) ######
###### UvrD_unrelaxed_rank_094_alphafold2_ptm_model_4_seed_007.pdb ADDED TO iteration2 (0.33332286309734754 A) ######
###### UvrD_unrelaxed_rank_001_alphafold2_ptm_model_5_seed_008_dupe1.pdb ADDED TO iteration2 (0.32040098576310083 A) ######
###### UvrD_unrelaxed_rank_094_alphafold2_ptm_model_4_seed_007_dupe1.pdb ADDED TO iteration2 (0.33332286309734754 A) ######
###### UvrD_unrelaxed_rank_094_alphafold2_ptm_model_4_seed_007_dupe2.pdb ADDED TO iteration2 (0.33332286309734754 A) ######
###### UvrD_unrelaxed_rank_001_alphafold2_ptm_model_5_seed_008_dupe2.pdb ADDED TO iteration2 (0.32040098576310083 A) ######
###### UvrD_unrelaxed_rank_112_alphafold2_ptm_model_3_seed_011.pdb ADDED TO iteration2 (0.3907902160498695 A) ######
###### UvrD_unrelaxed_rank_112_alphafold2_ptm_model_3_seed_011_dupe1.pdb ADDED TO iteration2 (0.3907902160498695 A) ######
###### UvrD_unrelaxed_rank_112_alphafold2_ptm_model_3_seed_011_dupe2.pdb ADDED TO iteration2 (0.3907902160498695 A) ######
###### UvrD_unrelaxed_rank_112_alphafold2_ptm_model_3_seed_011_dupe3.pdb ADDED TO iteration2 (0.3907902160498695 A) ######
###### UvrD_unrelaxed_rank_112_alphafold2_ptm_model_3_seed_011_dupe4.pdb ADDED TO iteration2 (0.3907902160498695 A) ######
###### UvrD_unrelaxed_rank_112_alphafold2_ptm_model_3_seed_011_dupe5.pdb ADDED TO iteration2 (0.3907902160498695 A) ######
###### UvrD_unrelaxed_rank_112_alphafold2_ptm_model_3_seed_011_dupe6.pdb ADDED TO iteration2 (0.3907902160498695 A) ######
###### UvrD_unrelaxed_rank_112_alphafold2_ptm_model_3_seed_011_dupe7.pdb ADDED TO iteration2 (0.3907902160498695 A) ######
###### UvrD_unrelaxed_rank_112_alphafold2_ptm_model_3_seed_011_dupe8.pdb ADDED TO iteration2 (0.3907902160498695 A) ######
###### UvrD_unrelaxed_rank_112_alphafold2_ptm_model_3_seed_011_dupe9.pdb ADDED TO iteration2 (0.3907902160498695 A) ######
###### UvrD_unrelaxed_rank_118_alphafold2_ptm_model_3_seed_004.pdb ADDED TO iteration2 (0.425469724040612 A) ######
###### UvrD_unrelaxed_rank_109_alphafold2_ptm_model_3_seed_013.pdb ADDED TO iteration2 (0.42056338945981875 A) ######
###### UvrD_unrelaxed_rank_118_alphafold2_ptm_model_3_seed_004_dupe1.pdb ADDED TO iteration2 (0.425469724040612 A) ######
###### UvrD_unrelaxed_rank_109_alphafold2_ptm_model_3_seed_013_dupe1.pdb ADDED TO iteration2 (0.42056338945981875 A) ######
###### UvrD_unrelaxed_rank_118_alphafold2_ptm_model_3_seed_004_dupe2.pdb ADDED TO iteration2 (0.425469724040612 A) ######
desired_count: 0
desired_count: 1
1
1
desired_count: 2
2
3
desired_count: 6
6
9
desired_count: 12
12
21
desired_count: 17
17
38
desired_count: 15
15
53
desired_count: 10
10
63
desired_count: 5
5
68
desired_count: 1
desired_count: 0
desired_count: 0
desired_count: 0
desired_count: 0
desired_count: 0
desired_count: 0
desired_count: 0
desired_count: 0
desired_count: 0
>>> APPENDING TO ITERATIONS DIRECTORY
###### UvrD_unrelaxed_rank_083_alphafold2_ptm_model_4_seed_000.pdb ADDED TO iteration3 (0.059670762584518366 A) ######
###### UvrD_unrelaxed_rank_084_alphafold2_ptm_model_4_seed_023.pdb ADDED TO iteration3 (0.11823078896706231 A) ######
###### UvrD_unrelaxed_rank_059_alphafold2_ptm_model_5_seed_013.pdb ADDED TO iteration3 (0.14719085589339398 A) ######
###### UvrD_unrelaxed_rank_035_alphafold2_ptm_model_5_seed_006.pdb ADDED TO iteration3 (0.15989339920628987 A) ######
###### UvrD_unrelaxed_rank_069_alphafold2_ptm_model_5_seed_002.pdb ADDED TO iteration3 (0.16950788024178914 A) ######
###### UvrD_unrelaxed_rank_074_alphafold2_ptm_model_4_seed_011.pdb ADDED TO iteration3 (0.17590848404907758 A) ######
###### UvrD_unrelaxed_rank_055_alphafold2_ptm_model_5_seed_005.pdb ADDED TO iteration3 (0.17064881297340515 A) ######
###### UvrD_unrelaxed_rank_073_alphafold2_ptm_model_4_seed_022.pdb ADDED TO iteration3 (0.17593551421501163 A) ######
###### UvrD_unrelaxed_rank_037_alphafold2_ptm_model_5_seed_012.pdb ADDED TO iteration3 (0.1838753796681975 A) ######
###### UvrD_unrelaxed_rank_104_alphafold2_ptm_model_3_seed_010.pdb ADDED TO iteration3 (0.24213875205339044 A) ######
###### UvrD_unrelaxed_rank_072_alphafold2_ptm_model_4_seed_010.pdb ADDED TO iteration3 (0.22491998646447506 A) ######
###### UvrD_unrelaxed_rank_108_alphafold2_ptm_model_3_seed_016.pdb ADDED TO iteration3 (0.23143715677218543 A) ######
###### UvrD_unrelaxed_rank_072_alphafold2_ptm_model_4_seed_010_dupe1.pdb ADDED TO iteration3 (0.22491998646447506 A) ######
###### UvrD_unrelaxed_rank_104_alphafold2_ptm_model_3_seed_010_dupe1.pdb ADDED TO iteration3 (0.24213875205339044 A) ######
###### UvrD_unrelaxed_rank_072_alphafold2_ptm_model_4_seed_010_dupe2.pdb ADDED TO iteration3 (0.22491998646447506 A) ######
###### UvrD_unrelaxed_rank_108_alphafold2_ptm_model_3_seed_016_dupe1.pdb ADDED TO iteration3 (0.23143715677218543 A) ######
###### UvrD_unrelaxed_rank_103_alphafold2_ptm_model_3_seed_021.pdb ADDED TO iteration3 (0.2211868736576923 A) ######
###### UvrD_unrelaxed_rank_103_alphafold2_ptm_model_3_seed_021_dupe1.pdb ADDED TO iteration3 (0.2211868736576923 A) ######
###### UvrD_unrelaxed_rank_108_alphafold2_ptm_model_3_seed_016_dupe2.pdb ADDED TO iteration3 (0.23143715677218543 A) ######
###### UvrD_unrelaxed_rank_103_alphafold2_ptm_model_3_seed_021_dupe2.pdb ADDED TO iteration3 (0.2211868736576923 A) ######
###### UvrD_unrelaxed_rank_104_alphafold2_ptm_model_3_seed_010_dupe2.pdb ADDED TO iteration3 (0.24213875205339044 A) ######
###### UvrD_unrelaxed_rank_082_alphafold2_ptm_model_2_seed_005.pdb ADDED TO iteration3 (0.26719769496035384 A) ######
###### UvrD_unrelaxed_rank_007_alphafold2_ptm_model_1_seed_016.pdb ADDED TO iteration3 (0.27840860187396327 A) ######
###### UvrD_unrelaxed_rank_062_alphafold2_ptm_model_2_seed_023.pdb ADDED TO iteration3 (0.27167123576114394 A) ######
###### UvrD_unrelaxed_rank_054_alphafold2_ptm_model_2_seed_024.pdb ADDED TO iteration3 (0.27238860177183527 A) ######
###### UvrD_unrelaxed_rank_046_alphafold2_ptm_model_1_seed_004.pdb ADDED TO iteration3 (0.27149047414746624 A) ######
###### UvrD_unrelaxed_rank_004_alphafold2_ptm_model_1_seed_010.pdb ADDED TO iteration3 (0.2804274024327232 A) ######
###### UvrD_unrelaxed_rank_016_alphafold2_ptm_model_2_seed_020.pdb ADDED TO iteration3 (0.27462716832086714 A) ######
###### UvrD_unrelaxed_rank_012_alphafold2_ptm_model_1_seed_009.pdb ADDED TO iteration3 (0.28013960138181737 A) ######
###### UvrD_unrelaxed_rank_034_alphafold2_ptm_model_2_seed_018.pdb ADDED TO iteration3 (0.2760327365102734 A) ######
###### UvrD_unrelaxed_rank_026_alphafold2_ptm_model_2_seed_011.pdb ADDED TO iteration3 (0.2680984952774442 A) ######
###### UvrD_unrelaxed_rank_011_alphafold2_ptm_model_1_seed_014.pdb ADDED TO iteration3 (0.27523103883318856 A) ######
###### UvrD_unrelaxed_rank_044_alphafold2_ptm_model_2_seed_003.pdb ADDED TO iteration3 (0.2671522543759936 A) ######
###### UvrD_unrelaxed_rank_010_alphafold2_ptm_model_1_seed_013.pdb ADDED TO iteration3 (0.28107948847166625 A) ######
###### UvrD_unrelaxed_rank_019_alphafold2_ptm_model_1_seed_019.pdb ADDED TO iteration3 (0.2861987503494952 A) ######
###### UvrD_unrelaxed_rank_029_alphafold2_ptm_model_2_seed_001.pdb ADDED TO iteration3 (0.272286298886442 A) ######
###### UvrD_unrelaxed_rank_030_alphafold2_ptm_model_1_seed_017.pdb ADDED TO iteration3 (0.28854026950914824 A) ######
###### UvrD_unrelaxed_rank_018_alphafold2_ptm_model_1_seed_021.pdb ADDED TO iteration3 (0.2893810238575864 A) ######
###### UvrD_unrelaxed_rank_021_alphafold2_ptm_model_5_seed_008.pdb ADDED TO iteration3 (0.32040098576310083 A) ######
###### UvrD_unrelaxed_rank_095_alphafold2_ptm_model_4_seed_007.pdb ADDED TO iteration3 (0.33332286309734754 A) ######
###### UvrD_unrelaxed_rank_105_alphafold2_ptm_model_3_seed_019.pdb ADDED TO iteration3 (0.3163331367848707 A) ######
###### UvrD_unrelaxed_rank_021_alphafold2_ptm_model_5_seed_008_dupe1.pdb ADDED TO iteration3 (0.32040098576310083 A) ######
###### UvrD_unrelaxed_rank_095_alphafold2_ptm_model_4_seed_007_dupe1.pdb ADDED TO iteration3 (0.33332286309734754 A) ######
###### UvrD_unrelaxed_rank_021_alphafold2_ptm_model_5_seed_008_dupe2.pdb ADDED TO iteration3 (0.32040098576310083 A) ######
###### UvrD_unrelaxed_rank_095_alphafold2_ptm_model_4_seed_007_dupe2.pdb ADDED TO iteration3 (0.33332286309734754 A) ######
###### UvrD_unrelaxed_rank_021_alphafold2_ptm_model_5_seed_008_dupe3.pdb ADDED TO iteration3 (0.32040098576310083 A) ######
###### UvrD_unrelaxed_rank_095_alphafold2_ptm_model_4_seed_007_dupe3.pdb ADDED TO iteration3 (0.33332286309734754 A) ######
###### UvrD_unrelaxed_rank_095_alphafold2_ptm_model_4_seed_007_dupe4.pdb ADDED TO iteration3 (0.33332286309734754 A) ######
###### UvrD_unrelaxed_rank_105_alphafold2_ptm_model_3_seed_019_dupe1.pdb ADDED TO iteration3 (0.3163331367848707 A) ######
###### UvrD_unrelaxed_rank_105_alphafold2_ptm_model_3_seed_019_dupe2.pdb ADDED TO iteration3 (0.3163331367848707 A) ######
###### UvrD_unrelaxed_rank_105_alphafold2_ptm_model_3_seed_019_dupe3.pdb ADDED TO iteration3 (0.3163331367848707 A) ######
###### UvrD_unrelaxed_rank_021_alphafold2_ptm_model_5_seed_008_dupe4.pdb ADDED TO iteration3 (0.32040098576310083 A) ######
###### UvrD_unrelaxed_rank_105_alphafold2_ptm_model_3_seed_019_dupe4.pdb ADDED TO iteration3 (0.3163331367848707 A) ######
###### UvrD_unrelaxed_rank_112_alphafold2_ptm_model_3_seed_011.pdb ADDED TO iteration3 (0.3907902160498695 A) ######
###### UvrD_unrelaxed_rank_112_alphafold2_ptm_model_3_seed_011_dupe1.pdb ADDED TO iteration3 (0.3907902160498695 A) ######
###### UvrD_unrelaxed_rank_112_alphafold2_ptm_model_3_seed_011_dupe2.pdb ADDED TO iteration3 (0.3907902160498695 A) ######
###### UvrD_unrelaxed_rank_112_alphafold2_ptm_model_3_seed_011_dupe3.pdb ADDED TO iteration3 (0.3907902160498695 A) ######
###### UvrD_unrelaxed_rank_112_alphafold2_ptm_model_3_seed_011_dupe4.pdb ADDED TO iteration3 (0.3907902160498695 A) ######
###### UvrD_unrelaxed_rank_112_alphafold2_ptm_model_3_seed_011_dupe5.pdb ADDED TO iteration3 (0.3907902160498695 A) ######
###### UvrD_unrelaxed_rank_112_alphafold2_ptm_model_3_seed_011_dupe6.pdb ADDED TO iteration3 (0.3907902160498695 A) ######
###### UvrD_unrelaxed_rank_112_alphafold2_ptm_model_3_seed_011_dupe7.pdb ADDED TO iteration3 (0.3907902160498695 A) ######
###### UvrD_unrelaxed_rank_112_alphafold2_ptm_model_3_seed_011_dupe8.pdb ADDED TO iteration3 (0.3907902160498695 A) ######
###### UvrD_unrelaxed_rank_112_alphafold2_ptm_model_3_seed_011_dupe9.pdb ADDED TO iteration3 (0.3907902160498695 A) ######
###### UvrD_unrelaxed_rank_109_alphafold2_ptm_model_3_seed_013.pdb ADDED TO iteration3 (0.42056338945981875 A) ######
###### UvrD_unrelaxed_rank_109_alphafold2_ptm_model_3_seed_013_dupe1.pdb ADDED TO iteration3 (0.42056338945981875 A) ######
###### UvrD_unrelaxed_rank_118_alphafold2_ptm_model_3_seed_004.pdb ADDED TO iteration3 (0.425469724040612 A) ######
###### UvrD_unrelaxed_rank_109_alphafold2_ptm_model_3_seed_013_dupe2.pdb ADDED TO iteration3 (0.42056338945981875 A) ######
###### UvrD_unrelaxed_rank_118_alphafold2_ptm_model_3_seed_004_dupe1.pdb ADDED TO iteration3 (0.425469724040612 A) ######
desired_count: 0
desired_count: 1
1
1
desired_count: 2
2
3
desired_count: 6
6
9
desired_count: 12
12
21
desired_count: 17
17
38
desired_count: 15
15
53
desired_count: 10
10
63
desired_count: 5
5
68
desired_count: 1
desired_count: 0
desired_count: 0
desired_count: 0
desired_count: 0
desired_count: 0
desired_count: 0
desired_count: 0
desired_count: 0
desired_count: 0
>>> APPENDING TO ITERATIONS DIRECTORY
###### UvrD_unrelaxed_rank_095_alphafold2_ptm_model_4_seed_014.pdb ADDED TO iteration4 (0.05426184013369672 A) ######
###### UvrD_unrelaxed_rank_055_alphafold2_ptm_model_5_seed_015.pdb ADDED TO iteration4 (0.10264256816643413 A) ######
###### UvrD_unrelaxed_rank_021_alphafold2_ptm_model_5_seed_009.pdb ADDED TO iteration4 (0.12688422425339058 A) ######
###### UvrD_unrelaxed_rank_058_alphafold2_ptm_model_5_seed_002.pdb ADDED TO iteration4 (0.16950788024178914 A) ######
###### UvrD_unrelaxed_rank_066_alphafold2_ptm_model_4_seed_011.pdb ADDED TO iteration4 (0.17590848404907758 A) ######
###### UvrD_unrelaxed_rank_006_alphafold2_ptm_model_5_seed_012.pdb ADDED TO iteration4 (0.1838753796681975 A) ######
###### UvrD_unrelaxed_rank_064_alphafold2_ptm_model_4_seed_022.pdb ADDED TO iteration4 (0.17593551421501163 A) ######
###### UvrD_unrelaxed_rank_002_alphafold2_ptm_model_5_seed_006.pdb ADDED TO iteration4 (0.15989339920628987 A) ######
###### UvrD_unrelaxed_rank_035_alphafold2_ptm_model_5_seed_005.pdb ADDED TO iteration4 (0.17064881297340515 A) ######
###### UvrD_unrelaxed_rank_103_alphafold2_ptm_model_3_seed_021.pdb ADDED TO iteration4 (0.2211868736576923 A) ######
###### UvrD_unrelaxed_rank_104_alphafold2_ptm_model_3_seed_010.pdb ADDED TO iteration4 (0.24213875205339044 A) ######
###### UvrD_unrelaxed_rank_103_alphafold2_ptm_model_3_seed_021_dupe1.pdb ADDED TO iteration4 (0.2211868736576923 A) ######
###### UvrD_unrelaxed_rank_108_alphafold2_ptm_model_3_seed_016.pdb ADDED TO iteration4 (0.23143715677218543 A) ######
###### UvrD_unrelaxed_rank_063_alphafold2_ptm_model_4_seed_010.pdb ADDED TO iteration4 (0.22491998646447506 A) ######
###### UvrD_unrelaxed_rank_063_alphafold2_ptm_model_4_seed_010_dupe1.pdb ADDED TO iteration4 (0.22491998646447506 A) ######
###### UvrD_unrelaxed_rank_104_alphafold2_ptm_model_3_seed_010_dupe1.pdb ADDED TO iteration4 (0.24213875205339044 A) ######
###### UvrD_unrelaxed_rank_103_alphafold2_ptm_model_3_seed_021_dupe2.pdb ADDED TO iteration4 (0.2211868736576923 A) ######
###### UvrD_unrelaxed_rank_108_alphafold2_ptm_model_3_seed_016_dupe1.pdb ADDED TO iteration4 (0.23143715677218543 A) ######
###### UvrD_unrelaxed_rank_108_alphafold2_ptm_model_3_seed_016_dupe2.pdb ADDED TO iteration4 (0.23143715677218543 A) ######
###### UvrD_unrelaxed_rank_083_alphafold2_ptm_model_2_seed_007.pdb ADDED TO iteration4 (0.2366919612623828 A) ######
###### UvrD_unrelaxed_rank_083_alphafold2_ptm_model_2_seed_007_dupe1.pdb ADDED TO iteration4 (0.2366919612623828 A) ######
###### UvrD_unrelaxed_rank_029_alphafold2_ptm_model_1_seed_014.pdb ADDED TO iteration4 (0.29040532875156505 A) ######
###### UvrD_unrelaxed_rank_073_alphafold2_ptm_model_2_seed_023.pdb ADDED TO iteration4 (0.27981658591606934 A) ######
###### UvrD_unrelaxed_rank_061_alphafold2_ptm_model_2_seed_016.pdb ADDED TO iteration4 (0.2758856216315173 A) ######
###### UvrD_unrelaxed_rank_040_alphafold2_ptm_model_1_seed_012.pdb ADDED TO iteration4 (0.28173130102198085 A) ######
###### UvrD_unrelaxed_rank_045_alphafold2_ptm_model_2_seed_009.pdb ADDED TO iteration4 (0.268455848655033 A) ######
###### UvrD_unrelaxed_rank_047_alphafold2_ptm_model_2_seed_008.pdb ADDED TO iteration4 (0.2545632056068478 A) ######
###### UvrD_unrelaxed_rank_032_alphafold2_ptm_model_2_seed_019.pdb ADDED TO iteration4 (0.26395151542463774 A) ######
###### UvrD_unrelaxed_rank_011_alphafold2_ptm_model_1_seed_016.pdb ADDED TO iteration4 (0.2986803630656812 A) ######
###### UvrD_unrelaxed_rank_085_alphafold2_ptm_model_2_seed_012.pdb ADDED TO iteration4 (0.25821652461394023 A) ######
###### UvrD_unrelaxed_rank_034_alphafold2_ptm_model_2_seed_002.pdb ADDED TO iteration4 (0.27571757187476226 A) ######
###### UvrD_unrelaxed_rank_077_alphafold2_ptm_model_2_seed_017.pdb ADDED TO iteration4 (0.25173069066583426 A) ######
###### UvrD_unrelaxed_rank_122_alphafold2_ptm_model_3_seed_007.pdb ADDED TO iteration4 (0.2885548978688594 A) ######
###### UvrD_unrelaxed_rank_018_alphafold2_ptm_model_1_seed_002.pdb ADDED TO iteration4 (0.2848272934891137 A) ######
###### UvrD_unrelaxed_rank_004_alphafold2_ptm_model_1_seed_011.pdb ADDED TO iteration4 (0.27791893192461864 A) ######
###### UvrD_unrelaxed_rank_053_alphafold2_ptm_model_2_seed_003.pdb ADDED TO iteration4 (0.2546689785213956 A) ######
###### UvrD_unrelaxed_rank_062_alphafold2_ptm_model_2_seed_013.pdb ADDED TO iteration4 (0.2622728248493798 A) ######
###### UvrD_unrelaxed_rank_012_alphafold2_ptm_model_1_seed_008.pdb ADDED TO iteration4 (0.2833077908903299 A) ######
###### UvrD_unrelaxed_rank_070_alphafold2_ptm_model_1_seed_017.pdb ADDED TO iteration4 (0.3065391132149776 A) ######
###### UvrD_unrelaxed_rank_008_alphafold2_ptm_model_1_seed_001.pdb ADDED TO iteration4 (0.3030397079505287 A) ######
###### UvrD_unrelaxed_rank_001_alphafold2_ptm_model_5_seed_008.pdb ADDED TO iteration4 (0.32040098576310083 A) ######
###### UvrD_unrelaxed_rank_030_alphafold2_ptm_model_1_seed_000.pdb ADDED TO iteration4 (0.3030868585876823 A) ######
###### UvrD_unrelaxed_rank_070_alphafold2_ptm_model_1_seed_017_dupe1.pdb ADDED TO iteration4 (0.3065391132149776 A) ######
###### UvrD_unrelaxed_rank_008_alphafold2_ptm_model_1_seed_001_dupe1.pdb ADDED TO iteration4 (0.3030397079505287 A) ######
###### UvrD_unrelaxed_rank_030_alphafold2_ptm_model_1_seed_000_dupe1.pdb ADDED TO iteration4 (0.3030868585876823 A) ######
###### UvrD_unrelaxed_rank_037_alphafold2_ptm_model_1_seed_023.pdb ADDED TO iteration4 (0.30339103536109047 A) ######
###### UvrD_unrelaxed_rank_046_alphafold2_ptm_model_1_seed_018.pdb ADDED TO iteration4 (0.3069357011799888 A) ######
###### UvrD_unrelaxed_rank_105_alphafold2_ptm_model_3_seed_019.pdb ADDED TO iteration4 (0.3163331367848707 A) ######
###### UvrD_unrelaxed_rank_001_alphafold2_ptm_model_5_seed_008_dupe1.pdb ADDED TO iteration4 (0.32040098576310083 A) ######
###### UvrD_unrelaxed_rank_093_alphafold2_ptm_model_4_seed_007.pdb ADDED TO iteration4 (0.33332286309734754 A) ######
###### UvrD_unrelaxed_rank_105_alphafold2_ptm_model_3_seed_019_dupe1.pdb ADDED TO iteration4 (0.3163331367848707 A) ######
###### UvrD_unrelaxed_rank_037_alphafold2_ptm_model_1_seed_023_dupe1.pdb ADDED TO iteration4 (0.30339103536109047 A) ######
###### UvrD_unrelaxed_rank_046_alphafold2_ptm_model_1_seed_018_dupe1.pdb ADDED TO iteration4 (0.3069357011799888 A) ######
###### UvrD_unrelaxed_rank_112_alphafold2_ptm_model_3_seed_011.pdb ADDED TO iteration4 (0.3907902160498695 A) ######
###### UvrD_unrelaxed_rank_112_alphafold2_ptm_model_3_seed_011_dupe1.pdb ADDED TO iteration4 (0.3907902160498695 A) ######
###### UvrD_unrelaxed_rank_112_alphafold2_ptm_model_3_seed_011_dupe2.pdb ADDED TO iteration4 (0.3907902160498695 A) ######
###### UvrD_unrelaxed_rank_112_alphafold2_ptm_model_3_seed_011_dupe3.pdb ADDED TO iteration4 (0.3907902160498695 A) ######
###### UvrD_unrelaxed_rank_112_alphafold2_ptm_model_3_seed_011_dupe4.pdb ADDED TO iteration4 (0.3907902160498695 A) ######
###### UvrD_unrelaxed_rank_112_alphafold2_ptm_model_3_seed_011_dupe5.pdb ADDED TO iteration4 (0.3907902160498695 A) ######
###### UvrD_unrelaxed_rank_112_alphafold2_ptm_model_3_seed_011_dupe6.pdb ADDED TO iteration4 (0.3907902160498695 A) ######
###### UvrD_unrelaxed_rank_112_alphafold2_ptm_model_3_seed_011_dupe7.pdb ADDED TO iteration4 (0.3907902160498695 A) ######
###### UvrD_unrelaxed_rank_112_alphafold2_ptm_model_3_seed_011_dupe8.pdb ADDED TO iteration4 (0.3907902160498695 A) ######
###### UvrD_unrelaxed_rank_112_alphafold2_ptm_model_3_seed_011_dupe9.pdb ADDED TO iteration4 (0.3907902160498695 A) ######
###### UvrD_unrelaxed_rank_118_alphafold2_ptm_model_3_seed_004.pdb ADDED TO iteration4 (0.425469724040612 A) ######
###### UvrD_unrelaxed_rank_109_alphafold2_ptm_model_3_seed_013.pdb ADDED TO iteration4 (0.42056338945981875 A) ######
###### UvrD_unrelaxed_rank_118_alphafold2_ptm_model_3_seed_004_dupe1.pdb ADDED TO iteration4 (0.425469724040612 A) ######
###### UvrD_unrelaxed_rank_109_alphafold2_ptm_model_3_seed_013_dupe1.pdb ADDED TO iteration4 (0.42056338945981875 A) ######
###### UvrD_unrelaxed_rank_109_alphafold2_ptm_model_3_seed_013_dupe2.pdb ADDED TO iteration4 (0.42056338945981875 A) ######
desired_count: 0
desired_count: 1
1
1
desired_count: 2
2
3
desired_count: 6
6
9
desired_count: 12
12
21
desired_count: 17
17
38
desired_count: 15
15
53
desired_count: 10
10
63
desired_count: 5
5
68
desired_count: 1
desired_count: 0
desired_count: 0
desired_count: 0
desired_count: 0
desired_count: 0
desired_count: 0
desired_count: 0
desired_count: 0
desired_count: 0
>>> APPENDING TO ITERATIONS DIRECTORY
###### UvrD_unrelaxed_rank_045_alphafold2_ptm_model_5_seed_007.pdb ADDED TO iteration5 (0.08700062264037303 A) ######
###### UvrD_unrelaxed_rank_037_alphafold2_ptm_model_5_seed_009.pdb ADDED TO iteration5 (0.12688422425339058 A) ######
###### UvrD_unrelaxed_rank_048_alphafold2_ptm_model_5_seed_017.pdb ADDED TO iteration5 (0.12811051711046076 A) ######
###### UvrD_unrelaxed_rank_066_alphafold2_ptm_model_4_seed_022.pdb ADDED TO iteration5 (0.17593551421501163 A) ######
###### UvrD_unrelaxed_rank_016_alphafold2_ptm_model_5_seed_006.pdb ADDED TO iteration5 (0.15989339920628987 A) ######
###### UvrD_unrelaxed_rank_061_alphafold2_ptm_model_5_seed_002.pdb ADDED TO iteration5 (0.16950788024178914 A) ######
###### UvrD_unrelaxed_rank_067_alphafold2_ptm_model_4_seed_011.pdb ADDED TO iteration5 (0.17590848404907758 A) ######
###### UvrD_unrelaxed_rank_046_alphafold2_ptm_model_5_seed_005.pdb ADDED TO iteration5 (0.17064881297340515 A) ######
###### UvrD_unrelaxed_rank_022_alphafold2_ptm_model_5_seed_012.pdb ADDED TO iteration5 (0.1838753796681975 A) ######
###### UvrD_unrelaxed_rank_007_alphafold2_ptm_model_1_seed_013.pdb ADDED TO iteration5 (0.21085380052076222 A) ######
###### UvrD_unrelaxed_rank_012_alphafold2_ptm_model_1_seed_009.pdb ADDED TO iteration5 (0.23892478980077025 A) ######
###### UvrD_unrelaxed_rank_104_alphafold2_ptm_model_3_seed_010.pdb ADDED TO iteration5 (0.24213875205339044 A) ######
###### UvrD_unrelaxed_rank_012_alphafold2_ptm_model_1_seed_009_dupe1.pdb ADDED TO iteration5 (0.23892478980077025 A) ######
###### UvrD_unrelaxed_rank_065_alphafold2_ptm_model_4_seed_010.pdb ADDED TO iteration5 (0.22491998646447506 A) ######
###### UvrD_unrelaxed_rank_108_alphafold2_ptm_model_3_seed_016.pdb ADDED TO iteration5 (0.23143715677218543 A) ######
###### UvrD_unrelaxed_rank_103_alphafold2_ptm_model_3_seed_021.pdb ADDED TO iteration5 (0.2211868736576923 A) ######
###### UvrD_unrelaxed_rank_103_alphafold2_ptm_model_3_seed_021_dupe1.pdb ADDED TO iteration5 (0.2211868736576923 A) ######
###### UvrD_unrelaxed_rank_104_alphafold2_ptm_model_3_seed_010_dupe1.pdb ADDED TO iteration5 (0.24213875205339044 A) ######
###### UvrD_unrelaxed_rank_007_alphafold2_ptm_model_1_seed_013_dupe1.pdb ADDED TO iteration5 (0.21085380052076222 A) ######
###### UvrD_unrelaxed_rank_065_alphafold2_ptm_model_4_seed_010_dupe1.pdb ADDED TO iteration5 (0.22491998646447506 A) ######
###### UvrD_unrelaxed_rank_108_alphafold2_ptm_model_3_seed_016_dupe1.pdb ADDED TO iteration5 (0.23143715677218543 A) ######
###### UvrD_unrelaxed_rank_013_alphafold2_ptm_model_1_seed_006.pdb ADDED TO iteration5 (0.29050799481097705 A) ######
###### UvrD_unrelaxed_rank_122_alphafold2_ptm_model_3_seed_007.pdb ADDED TO iteration5 (0.2885548978688594 A) ######
###### UvrD_unrelaxed_rank_081_alphafold2_ptm_model_2_seed_023.pdb ADDED TO iteration5 (0.28797480661718233 A) ######
###### UvrD_unrelaxed_rank_097_alphafold2_ptm_model_2_seed_014.pdb ADDED TO iteration5 (0.2941309508517866 A) ######
###### UvrD_unrelaxed_rank_049_alphafold2_ptm_model_2_seed_018.pdb ADDED TO iteration5 (0.28538748837180894 A) ######
###### UvrD_unrelaxed_rank_099_alphafold2_ptm_model_1_seed_022.pdb ADDED TO iteration5 (0.2979015771507802 A) ######
###### UvrD_unrelaxed_rank_038_alphafold2_ptm_model_2_seed_011.pdb ADDED TO iteration5 (0.2901456426632579 A) ######
###### UvrD_unrelaxed_rank_054_alphafold2_ptm_model_2_seed_003.pdb ADDED TO iteration5 (0.28751532527726986 A) ######
###### UvrD_unrelaxed_rank_088_alphafold2_ptm_model_2_seed_007.pdb ADDED TO iteration5 (0.27581338959189927 A) ######
###### UvrD_unrelaxed_rank_079_alphafold2_ptm_model_2_seed_024.pdb ADDED TO iteration5 (0.2504294540382993 A) ######
###### UvrD_unrelaxed_rank_073_alphafold2_ptm_model_2_seed_012.pdb ADDED TO iteration5 (0.28840650255856476 A) ######
###### UvrD_unrelaxed_rank_034_alphafold2_ptm_model_2_seed_000.pdb ADDED TO iteration5 (0.29488218514907444 A) ######
###### UvrD_unrelaxed_rank_063_alphafold2_ptm_model_2_seed_016.pdb ADDED TO iteration5 (0.28419045204174054 A) ######
###### UvrD_unrelaxed_rank_047_alphafold2_ptm_model_2_seed_021.pdb ADDED TO iteration5 (0.29206927359939666 A) ######
###### UvrD_unrelaxed_rank_096_alphafold2_ptm_model_2_seed_005.pdb ADDED TO iteration5 (0.2793185970791796 A) ######
###### UvrD_unrelaxed_rank_030_alphafold2_ptm_model_2_seed_006.pdb ADDED TO iteration5 (0.2821224633254935 A) ######
###### UvrD_unrelaxed_rank_024_alphafold2_ptm_model_2_seed_009.pdb ADDED TO iteration5 (0.29398701157671 A) ######
###### UvrD_unrelaxed_rank_052_alphafold2_ptm_model_1_seed_004.pdb ADDED TO iteration5 (0.30517580935490374 A) ######
###### UvrD_unrelaxed_rank_105_alphafold2_ptm_model_3_seed_019.pdb ADDED TO iteration5 (0.3163331367848707 A) ######
###### UvrD_unrelaxed_rank_028_alphafold2_ptm_model_1_seed_000.pdb ADDED TO iteration5 (0.3235587953300433 A) ######
###### UvrD_unrelaxed_rank_020_alphafold2_ptm_model_1_seed_012.pdb ADDED TO iteration5 (0.31615752144509424 A) ######
###### UvrD_unrelaxed_rank_064_alphafold2_ptm_model_1_seed_017.pdb ADDED TO iteration5 (0.3280210489186677 A) ######
###### UvrD_unrelaxed_rank_078_alphafold2_ptm_model_2_seed_015.pdb ADDED TO iteration5 (0.30180062190603035 A) ######
###### UvrD_unrelaxed_rank_089_alphafold2_ptm_model_4_seed_007.pdb ADDED TO iteration5 (0.33332286309734754 A) ######
###### UvrD_unrelaxed_rank_050_alphafold2_ptm_model_1_seed_023.pdb ADDED TO iteration5 (0.3101733619017229 A) ######
###### UvrD_unrelaxed_rank_019_alphafold2_ptm_model_2_seed_020.pdb ADDED TO iteration5 (0.30262549043302633 A) ######
###### UvrD_unrelaxed_rank_014_alphafold2_ptm_model_2_seed_010.pdb ADDED TO iteration5 (0.3089444121748828 A) ######
###### UvrD_unrelaxed_rank_001_alphafold2_ptm_model_1_seed_008.pdb ADDED TO iteration5 (0.31627464953435364 A) ######
###### UvrD_unrelaxed_rank_006_alphafold2_ptm_model_1_seed_011.pdb ADDED TO iteration5 (0.3033893685044179 A) ######
###### UvrD_unrelaxed_rank_070_alphafold2_ptm_model_1_seed_005.pdb ADDED TO iteration5 (0.30587794582244593 A) ######
###### UvrD_unrelaxed_rank_002_alphafold2_ptm_model_1_seed_020.pdb ADDED TO iteration5 (0.3136037731806969 A) ######
###### UvrD_unrelaxed_rank_025_alphafold2_ptm_model_1_seed_021.pdb ADDED TO iteration5 (0.31368223451754773 A) ######
###### UvrD_unrelaxed_rank_112_alphafold2_ptm_model_3_seed_011.pdb ADDED TO iteration5 (0.3907902160498695 A) ######
###### UvrD_unrelaxed_rank_112_alphafold2_ptm_model_3_seed_011_dupe1.pdb ADDED TO iteration5 (0.3907902160498695 A) ######
###### UvrD_unrelaxed_rank_112_alphafold2_ptm_model_3_seed_011_dupe2.pdb ADDED TO iteration5 (0.3907902160498695 A) ######
###### UvrD_unrelaxed_rank_112_alphafold2_ptm_model_3_seed_011_dupe3.pdb ADDED TO iteration5 (0.3907902160498695 A) ######
###### UvrD_unrelaxed_rank_112_alphafold2_ptm_model_3_seed_011_dupe4.pdb ADDED TO iteration5 (0.3907902160498695 A) ######
###### UvrD_unrelaxed_rank_112_alphafold2_ptm_model_3_seed_011_dupe5.pdb ADDED TO iteration5 (0.3907902160498695 A) ######
###### UvrD_unrelaxed_rank_112_alphafold2_ptm_model_3_seed_011_dupe6.pdb ADDED TO iteration5 (0.3907902160498695 A) ######
###### UvrD_unrelaxed_rank_112_alphafold2_ptm_model_3_seed_011_dupe7.pdb ADDED TO iteration5 (0.3907902160498695 A) ######
###### UvrD_unrelaxed_rank_112_alphafold2_ptm_model_3_seed_011_dupe8.pdb ADDED TO iteration5 (0.3907902160498695 A) ######
###### UvrD_unrelaxed_rank_112_alphafold2_ptm_model_3_seed_011_dupe9.pdb ADDED TO iteration5 (0.3907902160498695 A) ######
###### UvrD_unrelaxed_rank_109_alphafold2_ptm_model_3_seed_013.pdb ADDED TO iteration5 (0.42056338945981875 A) ######
###### UvrD_unrelaxed_rank_118_alphafold2_ptm_model_3_seed_004.pdb ADDED TO iteration5 (0.425469724040612 A) ######
###### UvrD_unrelaxed_rank_109_alphafold2_ptm_model_3_seed_013_dupe1.pdb ADDED TO iteration5 (0.42056338945981875 A) ######
###### UvrD_unrelaxed_rank_109_alphafold2_ptm_model_3_seed_013_dupe2.pdb ADDED TO iteration5 (0.42056338945981875 A) ######
###### UvrD_unrelaxed_rank_118_alphafold2_ptm_model_3_seed_004_dupe1.pdb ADDED TO iteration5 (0.425469724040612 A) ######
>>> EXCEPTION WHEN APPENDING TO /home/lcirne/scratch/container-1/mod_counts.json: [Errno 2] No such file or directory: '/home/lcirne/scratch/container-1/mod_counts.json'
>>> APPENDING JSON TO /home/lcirne/scratch/container-1/mod_counts.json
###### COMPLETE ######
