*******************************

       ColabFold Wrapper

*******************************
>>> LOGGING AS: lcirne
Input file name in the format 'name.fasta': Input template directory: Desired number of recycles (integer) (max 5, min 0): Desired number of seeds (integer) (min 1): Desired value for n (integer) (min 10): Desired value for max number of msa's (integer) (min 1): WARNING: All log messages before absl::InitializeLog() is called are written to STDERR
E0000 00:00:1775180270.311937    6135 cuda_dnn.cc:8310] Unable to register cuDNN factory: Attempting to register factory for plugin cuDNN when one has already been registered
E0000 00:00:1775180270.320680    6135 cuda_blas.cc:1418] Unable to register cuBLAS factory: Attempting to register factory for plugin cuBLAS when one has already been registered
2026-04-02 21:37:57,756 Running colabfold 1.5.5 (e2ca9e8f992cd65c986de5b64885d5572d8b8ad9)
2026-04-02 21:37:58,817 Running on GPU
2026-04-02 21:37:59,622 Found 8 citations for tools or databases
2026-04-02 21:38:00,322 Query 1/1: UvrD (length 644)
  0%|          | 0/150 [elapsed: 00:00 remaining: ?]SUBMIT:   0%|          | 0/150 [elapsed: 00:00 remaining: ?]COMPLETE:   0%|          | 0/150 [elapsed: 00:00 remaining: ?]COMPLETE: 100%|██████████| 150/150 [elapsed: 00:00 remaining: 00:00]COMPLETE: 100%|██████████| 150/150 [elapsed: 00:03 remaining: 00:00]
WARNING: All log messages before absl::InitializeLog() is called are written to STDERR
I0000 00:00:1775180303.934990    6135 mlir_graph_optimization_pass.cc:401] MLIR V1 optimization pass is not enabled
2026-04-02 21:38:08,355 Sequence 0 found templates: ['abcd_A', 'efgh_A', 'abcd_A', 'efgh_A']
2026-04-02 21:38:14,514 Setting max_seq=16, max_extra_seq=32
2026-04-02 21:40:03,579 alphafold2_ptm_model_1_seed_000 recycle=0 pLDDT=80.4 pTM=0.754
2026-04-02 21:40:03,588 alphafold2_ptm_model_1_seed_000 took 91.9s (0 recycles)
2026-04-02 21:41:08,031 alphafold2_ptm_model_2_seed_000 recycle=0 pLDDT=80.5 pTM=0.689
2026-04-02 21:41:08,039 alphafold2_ptm_model_2_seed_000 took 63.9s (0 recycles)
2026-04-02 21:42:21,478 alphafold2_ptm_model_3_seed_000 recycle=0 pLDDT=55.5 pTM=0.39
2026-04-02 21:42:21,490 alphafold2_ptm_model_3_seed_000 took 72.9s (0 recycles)
2026-04-02 21:43:20,147 alphafold2_ptm_model_4_seed_000 recycle=0 pLDDT=69.2 pTM=0.45
2026-04-02 21:43:20,156 alphafold2_ptm_model_4_seed_000 took 58.0s (0 recycles)
2026-04-02 21:44:19,663 alphafold2_ptm_model_5_seed_000 recycle=0 pLDDT=74.9 pTM=0.521
2026-04-02 21:44:19,680 alphafold2_ptm_model_5_seed_000 took 58.8s (0 recycles)
2026-04-02 21:45:34,730 alphafold2_ptm_model_1_seed_001 recycle=0 pLDDT=79.8 pTM=0.78
2026-04-02 21:45:34,738 alphafold2_ptm_model_1_seed_001 took 63.8s (0 recycles)
2026-04-02 21:46:39,421 alphafold2_ptm_model_2_seed_001 recycle=0 pLDDT=80 pTM=0.721
2026-04-02 21:46:39,428 alphafold2_ptm_model_2_seed_001 took 64.2s (0 recycles)
2026-04-02 21:47:38,559 alphafold2_ptm_model_3_seed_001 recycle=0 pLDDT=23.5 pTM=0.493
2026-04-02 21:47:38,568 alphafold2_ptm_model_3_seed_001 took 58.6s (0 recycles)
2026-04-02 21:48:37,183 alphafold2_ptm_model_4_seed_001 recycle=0 pLDDT=68.2 pTM=0.418
2026-04-02 21:48:37,191 alphafold2_ptm_model_4_seed_001 took 58.1s (0 recycles)
2026-04-02 21:49:35,693 alphafold2_ptm_model_5_seed_001 recycle=0 pLDDT=72.5 pTM=0.469
2026-04-02 21:49:35,701 alphafold2_ptm_model_5_seed_001 took 58.0s (0 recycles)
2026-04-02 21:50:50,249 alphafold2_ptm_model_1_seed_002 recycle=0 pLDDT=81.6 pTM=0.754
2026-04-02 21:50:50,256 alphafold2_ptm_model_1_seed_002 took 64.0s (0 recycles)
2026-04-02 21:51:55,088 alphafold2_ptm_model_2_seed_002 recycle=0 pLDDT=82.3 pTM=0.711
2026-04-02 21:51:55,095 alphafold2_ptm_model_2_seed_002 took 64.2s (0 recycles)
2026-04-02 21:52:53,935 alphafold2_ptm_model_3_seed_002 recycle=0 pLDDT=29 pTM=0.553
2026-04-02 21:52:53,943 alphafold2_ptm_model_3_seed_002 took 58.3s (0 recycles)
2026-04-02 21:53:53,233 alphafold2_ptm_model_4_seed_002 recycle=0 pLDDT=63.3 pTM=0.429
2026-04-02 21:53:53,240 alphafold2_ptm_model_4_seed_002 took 58.8s (0 recycles)
2026-04-02 21:54:52,489 alphafold2_ptm_model_5_seed_002 recycle=0 pLDDT=72.2 pTM=0.494
2026-04-02 21:54:52,497 alphafold2_ptm_model_5_seed_002 took 58.7s (0 recycles)
2026-04-02 21:56:07,665 alphafold2_ptm_model_1_seed_003 recycle=0 pLDDT=78.4 pTM=0.765
2026-04-02 21:56:07,672 alphafold2_ptm_model_1_seed_003 took 64.6s (0 recycles)
2026-04-02 21:57:12,403 alphafold2_ptm_model_2_seed_003 recycle=0 pLDDT=79 pTM=0.668
2026-04-02 21:57:12,410 alphafold2_ptm_model_2_seed_003 took 64.2s (0 recycles)
2026-04-02 21:58:10,989 alphafold2_ptm_model_3_seed_003 recycle=0 pLDDT=36 pTM=0.227
2026-04-02 21:58:10,997 alphafold2_ptm_model_3_seed_003 took 58.1s (0 recycles)
2026-04-02 21:59:10,442 alphafold2_ptm_model_4_seed_003 recycle=0 pLDDT=68.9 pTM=0.458
2026-04-02 21:59:10,450 alphafold2_ptm_model_4_seed_003 took 58.7s (0 recycles)
2026-04-02 22:00:09,226 alphafold2_ptm_model_5_seed_003 recycle=0 pLDDT=70.6 pTM=0.48
2026-04-02 22:00:09,234 alphafold2_ptm_model_5_seed_003 took 58.0s (0 recycles)
2026-04-02 22:01:24,294 alphafold2_ptm_model_1_seed_004 recycle=0 pLDDT=76.1 pTM=0.739
2026-04-02 22:01:24,301 alphafold2_ptm_model_1_seed_004 took 64.0s (0 recycles)
2026-04-02 22:02:28,836 alphafold2_ptm_model_2_seed_004 recycle=0 pLDDT=77.6 pTM=0.652
2026-04-02 22:02:28,844 alphafold2_ptm_model_2_seed_004 took 64.0s (0 recycles)
2026-04-02 22:03:28,157 alphafold2_ptm_model_3_seed_004 recycle=0 pLDDT=32.7 pTM=0.196
2026-04-02 22:03:28,164 alphafold2_ptm_model_3_seed_004 took 58.6s (0 recycles)
2026-04-02 22:04:26,789 alphafold2_ptm_model_4_seed_004 recycle=0 pLDDT=67.1 pTM=0.428
2026-04-02 22:04:26,796 alphafold2_ptm_model_4_seed_004 took 58.1s (0 recycles)
2026-04-02 22:05:25,290 alphafold2_ptm_model_5_seed_004 recycle=0 pLDDT=75.1 pTM=0.543
2026-04-02 22:05:25,298 alphafold2_ptm_model_5_seed_004 took 58.0s (0 recycles)
2026-04-02 22:06:40,025 alphafold2_ptm_model_1_seed_005 recycle=0 pLDDT=74.8 pTM=0.686
2026-04-02 22:06:40,032 alphafold2_ptm_model_1_seed_005 took 63.8s (0 recycles)
2026-04-02 22:07:44,546 alphafold2_ptm_model_2_seed_005 recycle=0 pLDDT=75.9 pTM=0.618
2026-04-02 22:07:44,557 alphafold2_ptm_model_2_seed_005 took 64.0s (0 recycles)
2026-04-02 22:08:43,000 alphafold2_ptm_model_3_seed_005 recycle=0 pLDDT=29 pTM=0.646
2026-04-02 22:08:43,010 alphafold2_ptm_model_3_seed_005 took 57.9s (0 recycles)
2026-04-02 22:09:41,482 alphafold2_ptm_model_4_seed_005 recycle=0 pLDDT=66.7 pTM=0.449
2026-04-02 22:09:41,489 alphafold2_ptm_model_4_seed_005 took 58.0s (0 recycles)
2026-04-02 22:10:39,933 alphafold2_ptm_model_5_seed_005 recycle=0 pLDDT=74.2 pTM=0.556
2026-04-02 22:10:39,940 alphafold2_ptm_model_5_seed_005 took 58.0s (0 recycles)
2026-04-02 22:11:54,609 alphafold2_ptm_model_1_seed_006 recycle=0 pLDDT=78.8 pTM=0.737
2026-04-02 22:11:54,616 alphafold2_ptm_model_1_seed_006 took 64.0s (0 recycles)
2026-04-02 22:12:59,083 alphafold2_ptm_model_2_seed_006 recycle=0 pLDDT=79.4 pTM=0.696
2026-04-02 22:12:59,089 alphafold2_ptm_model_2_seed_006 took 64.0s (0 recycles)
2026-04-02 22:13:57,339 alphafold2_ptm_model_3_seed_006 recycle=0 pLDDT=45.8 pTM=0.29
2026-04-02 22:13:57,347 alphafold2_ptm_model_3_seed_006 took 57.8s (0 recycles)
2026-04-02 22:14:55,665 alphafold2_ptm_model_4_seed_006 recycle=0 pLDDT=68.1 pTM=0.435
2026-04-02 22:14:55,674 alphafold2_ptm_model_4_seed_006 took 57.8s (0 recycles)
2026-04-02 22:15:53,958 alphafold2_ptm_model_5_seed_006 recycle=0 pLDDT=77.8 pTM=0.599
2026-04-02 22:15:53,966 alphafold2_ptm_model_5_seed_006 took 57.8s (0 recycles)
2026-04-02 22:17:09,179 alphafold2_ptm_model_1_seed_007 recycle=0 pLDDT=73.2 pTM=0.733
2026-04-02 22:17:09,186 alphafold2_ptm_model_1_seed_007 took 64.6s (0 recycles)
2026-04-02 22:18:13,679 alphafold2_ptm_model_2_seed_007 recycle=0 pLDDT=77.6 pTM=0.677
2026-04-02 22:18:13,687 alphafold2_ptm_model_2_seed_007 took 64.0s (0 recycles)
2026-04-02 22:19:11,893 alphafold2_ptm_model_3_seed_007 recycle=0 pLDDT=28.6 pTM=0.329
2026-04-02 22:19:11,900 alphafold2_ptm_model_3_seed_007 took 57.7s (0 recycles)
2026-04-02 22:20:10,157 alphafold2_ptm_model_4_seed_007 recycle=0 pLDDT=67.6 pTM=0.417
2026-04-02 22:20:10,164 alphafold2_ptm_model_4_seed_007 took 57.8s (0 recycles)
2026-04-02 22:21:08,634 alphafold2_ptm_model_5_seed_007 recycle=0 pLDDT=74.4 pTM=0.507
2026-04-02 22:21:08,641 alphafold2_ptm_model_5_seed_007 took 58.0s (0 recycles)
2026-04-02 22:22:23,624 alphafold2_ptm_model_1_seed_008 recycle=0 pLDDT=81 pTM=0.785
2026-04-02 22:22:23,631 alphafold2_ptm_model_1_seed_008 took 64.3s (0 recycles)
2026-04-02 22:23:28,689 alphafold2_ptm_model_2_seed_008 recycle=0 pLDDT=80.5 pTM=0.685
2026-04-02 22:23:28,706 alphafold2_ptm_model_2_seed_008 took 64.6s (0 recycles)
2026-04-02 22:24:27,156 alphafold2_ptm_model_3_seed_008 recycle=0 pLDDT=35.5 pTM=0.592
2026-04-02 22:24:27,164 alphafold2_ptm_model_3_seed_008 took 57.7s (0 recycles)
2026-04-02 22:25:25,626 alphafold2_ptm_model_4_seed_008 recycle=0 pLDDT=74.8 pTM=0.479
2026-04-02 22:25:25,633 alphafold2_ptm_model_4_seed_008 took 58.0s (0 recycles)
2026-04-02 22:26:23,916 alphafold2_ptm_model_5_seed_008 recycle=0 pLDDT=80.6 pTM=0.633
2026-04-02 22:26:23,923 alphafold2_ptm_model_5_seed_008 took 57.8s (0 recycles)
2026-04-02 22:27:38,174 alphafold2_ptm_model_1_seed_009 recycle=0 pLDDT=81.1 pTM=0.773
2026-04-02 22:27:38,181 alphafold2_ptm_model_1_seed_009 took 63.8s (0 recycles)
2026-04-02 22:28:42,672 alphafold2_ptm_model_2_seed_009 recycle=0 pLDDT=81 pTM=0.702
2026-04-02 22:28:42,679 alphafold2_ptm_model_2_seed_009 took 64.0s (0 recycles)
2026-04-02 22:29:40,925 alphafold2_ptm_model_3_seed_009 recycle=0 pLDDT=60.8 pTM=0.413
2026-04-02 22:29:40,932 alphafold2_ptm_model_3_seed_009 took 57.8s (0 recycles)
2026-04-02 22:30:39,931 alphafold2_ptm_model_4_seed_009 recycle=0 pLDDT=76.1 pTM=0.458
2026-04-02 22:30:39,939 alphafold2_ptm_model_4_seed_009 took 58.5s (0 recycles)
2026-04-02 22:31:38,448 alphafold2_ptm_model_5_seed_009 recycle=0 pLDDT=75.6 pTM=0.503
2026-04-02 22:31:38,455 alphafold2_ptm_model_5_seed_009 took 58.0s (0 recycles)
2026-04-02 22:32:53,613 alphafold2_ptm_model_1_seed_010 recycle=0 pLDDT=83.5 pTM=0.785
2026-04-02 22:32:53,620 alphafold2_ptm_model_1_seed_010 took 64.1s (0 recycles)
2026-04-02 22:33:58,830 alphafold2_ptm_model_2_seed_010 recycle=0 pLDDT=81.7 pTM=0.722
2026-04-02 22:33:58,838 alphafold2_ptm_model_2_seed_010 took 64.7s (0 recycles)
2026-04-02 22:34:58,005 alphafold2_ptm_model_3_seed_010 recycle=0 pLDDT=49.7 pTM=0.333
2026-04-02 22:34:58,023 alphafold2_ptm_model_3_seed_010 took 58.7s (0 recycles)
2026-04-02 22:35:56,595 alphafold2_ptm_model_4_seed_010 recycle=0 pLDDT=71.6 pTM=0.44
2026-04-02 22:35:56,603 alphafold2_ptm_model_4_seed_010 took 57.8s (0 recycles)
2026-04-02 22:36:55,114 alphafold2_ptm_model_5_seed_010 recycle=0 pLDDT=72.2 pTM=0.519
2026-04-02 22:36:55,122 alphafold2_ptm_model_5_seed_010 took 57.8s (0 recycles)
2026-04-02 22:38:09,394 alphafold2_ptm_model_1_seed_011 recycle=0 pLDDT=82.5 pTM=0.794
2026-04-02 22:38:09,402 alphafold2_ptm_model_1_seed_011 took 63.9s (0 recycles)
2026-04-02 22:39:13,907 alphafold2_ptm_model_2_seed_011 recycle=0 pLDDT=81.2 pTM=0.729
2026-04-02 22:39:13,913 alphafold2_ptm_model_2_seed_011 took 64.0s (0 recycles)
2026-04-02 22:40:12,360 alphafold2_ptm_model_3_seed_011 recycle=0 pLDDT=37.6 pTM=0.292
2026-04-02 22:40:12,367 alphafold2_ptm_model_3_seed_011 took 57.7s (0 recycles)
2026-04-02 22:41:10,615 alphafold2_ptm_model_4_seed_011 recycle=0 pLDDT=71.2 pTM=0.448
2026-04-02 22:41:10,622 alphafold2_ptm_model_4_seed_011 took 57.8s (0 recycles)
2026-04-02 22:42:09,121 alphafold2_ptm_model_5_seed_011 recycle=0 pLDDT=77 pTM=0.593
2026-04-02 22:42:09,128 alphafold2_ptm_model_5_seed_011 took 57.8s (0 recycles)
2026-04-02 22:43:24,329 alphafold2_ptm_model_1_seed_012 recycle=0 pLDDT=80 pTM=0.763
2026-04-02 22:43:24,336 alphafold2_ptm_model_1_seed_012 took 63.9s (0 recycles)
2026-04-02 22:44:28,662 alphafold2_ptm_model_2_seed_012 recycle=0 pLDDT=78 pTM=0.659
2026-04-02 22:44:28,670 alphafold2_ptm_model_2_seed_012 took 63.8s (0 recycles)
2026-04-02 22:45:26,876 alphafold2_ptm_model_3_seed_012 recycle=0 pLDDT=30 pTM=0.305
2026-04-02 22:45:26,883 alphafold2_ptm_model_3_seed_012 took 57.7s (0 recycles)
2026-04-02 22:46:25,153 alphafold2_ptm_model_4_seed_012 recycle=0 pLDDT=68.8 pTM=0.429
2026-04-02 22:46:25,160 alphafold2_ptm_model_4_seed_012 took 57.8s (0 recycles)
2026-04-02 22:47:23,389 alphafold2_ptm_model_5_seed_012 recycle=0 pLDDT=77.3 pTM=0.589
2026-04-02 22:47:23,397 alphafold2_ptm_model_5_seed_012 took 57.7s (0 recycles)
2026-04-02 22:48:37,510 alphafold2_ptm_model_1_seed_013 recycle=0 pLDDT=81.2 pTM=0.779
2026-04-02 22:48:37,517 alphafold2_ptm_model_1_seed_013 took 63.8s (0 recycles)
2026-04-02 22:49:41,829 alphafold2_ptm_model_2_seed_013 recycle=0 pLDDT=79.8 pTM=0.697
2026-04-02 22:49:41,836 alphafold2_ptm_model_2_seed_013 took 63.8s (0 recycles)
2026-04-02 22:50:40,237 alphafold2_ptm_model_3_seed_013 recycle=0 pLDDT=41 pTM=0.253
2026-04-02 22:50:40,246 alphafold2_ptm_model_3_seed_013 took 57.9s (0 recycles)
2026-04-02 22:51:38,594 alphafold2_ptm_model_4_seed_013 recycle=0 pLDDT=69.9 pTM=0.451
2026-04-02 22:51:38,601 alphafold2_ptm_model_4_seed_013 took 57.8s (0 recycles)
2026-04-02 22:52:36,843 alphafold2_ptm_model_5_seed_013 recycle=0 pLDDT=73.3 pTM=0.507
2026-04-02 22:52:36,850 alphafold2_ptm_model_5_seed_013 took 57.8s (0 recycles)
2026-04-02 22:53:50,881 alphafold2_ptm_model_1_seed_014 recycle=0 pLDDT=77.6 pTM=0.741
2026-04-02 22:53:50,888 alphafold2_ptm_model_1_seed_014 took 63.8s (0 recycles)
2026-04-02 22:54:55,160 alphafold2_ptm_model_2_seed_014 recycle=0 pLDDT=75.9 pTM=0.636
2026-04-02 22:54:55,167 alphafold2_ptm_model_2_seed_014 took 63.8s (0 recycles)
2026-04-02 22:55:53,350 alphafold2_ptm_model_3_seed_014 recycle=0 pLDDT=35.4 pTM=0.234
2026-04-02 22:55:53,357 alphafold2_ptm_model_3_seed_014 took 57.7s (0 recycles)
2026-04-02 22:56:51,596 alphafold2_ptm_model_4_seed_014 recycle=0 pLDDT=66.9 pTM=0.42
2026-04-02 22:56:51,603 alphafold2_ptm_model_4_seed_014 took 57.8s (0 recycles)
2026-04-02 22:57:50,232 alphafold2_ptm_model_5_seed_014 recycle=0 pLDDT=69.4 pTM=0.484
2026-04-02 22:57:50,241 alphafold2_ptm_model_5_seed_014 took 57.9s (0 recycles)
2026-04-02 22:59:05,735 alphafold2_ptm_model_1_seed_015 recycle=0 pLDDT=78.9 pTM=0.768
2026-04-02 22:59:05,742 alphafold2_ptm_model_1_seed_015 took 64.0s (0 recycles)
2026-04-02 23:00:10,534 alphafold2_ptm_model_2_seed_015 recycle=0 pLDDT=77.6 pTM=0.673
2026-04-02 23:00:10,541 alphafold2_ptm_model_2_seed_015 took 64.1s (0 recycles)
2026-04-02 23:01:08,769 alphafold2_ptm_model_3_seed_015 recycle=0 pLDDT=27.1 pTM=0.292
2026-04-02 23:01:08,777 alphafold2_ptm_model_3_seed_015 took 57.7s (0 recycles)
2026-04-02 23:02:07,289 alphafold2_ptm_model_4_seed_015 recycle=0 pLDDT=68.2 pTM=0.462
2026-04-02 23:02:07,297 alphafold2_ptm_model_4_seed_015 took 58.0s (0 recycles)
2026-04-02 23:03:05,824 alphafold2_ptm_model_5_seed_015 recycle=0 pLDDT=72.4 pTM=0.494
2026-04-02 23:03:05,833 alphafold2_ptm_model_5_seed_015 took 58.0s (0 recycles)
2026-04-02 23:04:21,923 alphafold2_ptm_model_1_seed_016 recycle=0 pLDDT=78.4 pTM=0.777
2026-04-02 23:04:21,929 alphafold2_ptm_model_1_seed_016 took 64.3s (0 recycles)
2026-04-02 23:05:26,567 alphafold2_ptm_model_2_seed_016 recycle=0 pLDDT=75.6 pTM=0.65
2026-04-02 23:05:26,575 alphafold2_ptm_model_2_seed_016 took 64.1s (0 recycles)
2026-04-02 23:06:25,126 alphafold2_ptm_model_3_seed_016 recycle=0 pLDDT=43.4 pTM=0.299
2026-04-02 23:06:25,140 alphafold2_ptm_model_3_seed_016 took 58.0s (0 recycles)
2026-04-02 23:07:24,496 alphafold2_ptm_model_4_seed_016 recycle=0 pLDDT=72.6 pTM=0.466
2026-04-02 23:07:24,505 alphafold2_ptm_model_4_seed_016 took 58.6s (0 recycles)
2026-04-02 23:08:23,143 alphafold2_ptm_model_5_seed_016 recycle=0 pLDDT=75.6 pTM=0.556
2026-04-02 23:08:23,162 alphafold2_ptm_model_5_seed_016 took 58.1s (0 recycles)
2026-04-02 23:09:39,311 alphafold2_ptm_model_1_seed_017 recycle=0 pLDDT=71.4 pTM=0.701
2026-04-02 23:09:39,329 alphafold2_ptm_model_1_seed_017 took 64.0s (0 recycles)
2026-04-02 23:10:43,656 alphafold2_ptm_model_2_seed_017 recycle=0 pLDDT=75.8 pTM=0.654
2026-04-02 23:10:43,665 alphafold2_ptm_model_2_seed_017 took 63.8s (0 recycles)
2026-04-02 23:11:42,060 alphafold2_ptm_model_3_seed_017 recycle=0 pLDDT=27.3 pTM=0.334
2026-04-02 23:11:42,067 alphafold2_ptm_model_3_seed_017 took 57.9s (0 recycles)
2026-04-02 23:12:41,353 alphafold2_ptm_model_4_seed_017 recycle=0 pLDDT=56.7 pTM=0.371
2026-04-02 23:12:41,361 alphafold2_ptm_model_4_seed_017 took 58.6s (0 recycles)
2026-04-02 23:13:39,635 alphafold2_ptm_model_5_seed_017 recycle=0 pLDDT=73.8 pTM=0.478
2026-04-02 23:13:39,645 alphafold2_ptm_model_5_seed_017 took 57.8s (0 recycles)
2026-04-02 23:14:56,845 alphafold2_ptm_model_1_seed_018 recycle=0 pLDDT=80.8 pTM=0.759
2026-04-02 23:14:56,852 alphafold2_ptm_model_1_seed_018 took 64.6s (0 recycles)
2026-04-02 23:16:01,330 alphafold2_ptm_model_2_seed_018 recycle=0 pLDDT=80.7 pTM=0.689
2026-04-02 23:16:01,337 alphafold2_ptm_model_2_seed_018 took 64.0s (0 recycles)
2026-04-02 23:16:59,852 alphafold2_ptm_model_3_seed_018 recycle=0 pLDDT=45.3 pTM=0.298
2026-04-02 23:16:59,860 alphafold2_ptm_model_3_seed_018 took 58.0s (0 recycles)
2026-04-02 23:17:58,303 alphafold2_ptm_model_4_seed_018 recycle=0 pLDDT=68 pTM=0.446
2026-04-02 23:17:58,309 alphafold2_ptm_model_4_seed_018 took 57.9s (0 recycles)
2026-04-02 23:18:56,748 alphafold2_ptm_model_5_seed_018 recycle=0 pLDDT=75 pTM=0.556
2026-04-02 23:18:56,756 alphafold2_ptm_model_5_seed_018 took 57.9s (0 recycles)
2026-04-02 23:20:14,113 alphafold2_ptm_model_1_seed_019 recycle=0 pLDDT=80.2 pTM=0.759
2026-04-02 23:20:14,122 alphafold2_ptm_model_1_seed_019 took 63.9s (0 recycles)
2026-04-02 23:21:19,039 alphafold2_ptm_model_2_seed_019 recycle=0 pLDDT=81.6 pTM=0.702
2026-04-02 23:21:19,057 alphafold2_ptm_model_2_seed_019 took 64.4s (0 recycles)
2026-04-02 23:22:17,525 alphafold2_ptm_model_3_seed_019 recycle=0 pLDDT=48.5 pTM=0.307
2026-04-02 23:22:17,533 alphafold2_ptm_model_3_seed_019 took 57.8s (0 recycles)
2026-04-02 23:23:16,205 alphafold2_ptm_model_4_seed_019 recycle=0 pLDDT=72.8 pTM=0.482
2026-04-02 23:23:16,214 alphafold2_ptm_model_4_seed_019 took 58.2s (0 recycles)
2026-04-02 23:24:15,185 alphafold2_ptm_model_5_seed_019 recycle=0 pLDDT=77.1 pTM=0.543
2026-04-02 23:24:15,192 alphafold2_ptm_model_5_seed_019 took 58.4s (0 recycles)
2026-04-02 23:25:29,922 alphafold2_ptm_model_1_seed_020 recycle=0 pLDDT=82.8 pTM=0.785
2026-04-02 23:25:29,929 alphafold2_ptm_model_1_seed_020 took 63.9s (0 recycles)
2026-04-02 23:26:34,273 alphafold2_ptm_model_2_seed_020 recycle=0 pLDDT=81.9 pTM=0.728
2026-04-02 23:26:34,281 alphafold2_ptm_model_2_seed_020 took 63.9s (0 recycles)
2026-04-02 23:27:32,496 alphafold2_ptm_model_3_seed_020 recycle=0 pLDDT=35.9 pTM=0.639
2026-04-02 23:27:32,503 alphafold2_ptm_model_3_seed_020 took 57.7s (0 recycles)
2026-04-02 23:28:30,743 alphafold2_ptm_model_4_seed_020 recycle=0 pLDDT=68.9 pTM=0.444
2026-04-02 23:28:30,751 alphafold2_ptm_model_4_seed_020 took 57.8s (0 recycles)
2026-04-02 23:29:29,656 alphafold2_ptm_model_5_seed_020 recycle=0 pLDDT=67.9 pTM=0.583
2026-04-02 23:29:29,664 alphafold2_ptm_model_5_seed_020 took 58.4s (0 recycles)
2026-04-02 23:30:46,313 alphafold2_ptm_model_1_seed_021 recycle=0 pLDDT=80.2 pTM=0.769
2026-04-02 23:30:46,321 alphafold2_ptm_model_1_seed_021 took 63.9s (0 recycles)
2026-04-02 23:31:50,649 alphafold2_ptm_model_2_seed_021 recycle=0 pLDDT=79.8 pTM=0.692
2026-04-02 23:31:50,657 alphafold2_ptm_model_2_seed_021 took 63.8s (0 recycles)
2026-04-02 23:32:49,179 alphafold2_ptm_model_3_seed_021 recycle=0 pLDDT=50.1 pTM=0.303
2026-04-02 23:32:49,186 alphafold2_ptm_model_3_seed_021 took 57.9s (0 recycles)
2026-04-02 23:33:47,881 alphafold2_ptm_model_4_seed_021 recycle=0 pLDDT=72.3 pTM=0.471
2026-04-02 23:33:47,892 alphafold2_ptm_model_4_seed_021 took 58.2s (0 recycles)
2026-04-02 23:34:47,280 alphafold2_ptm_model_5_seed_021 recycle=0 pLDDT=77.2 pTM=0.53
2026-04-02 23:34:47,287 alphafold2_ptm_model_5_seed_021 took 58.7s (0 recycles)
2026-04-02 23:36:02,799 alphafold2_ptm_model_1_seed_022 recycle=0 pLDDT=73.1 pTM=0.665
2026-04-02 23:36:02,806 alphafold2_ptm_model_1_seed_022 took 64.9s (0 recycles)
2026-04-02 23:37:08,359 alphafold2_ptm_model_2_seed_022 recycle=0 pLDDT=73.9 pTM=0.612
2026-04-02 23:37:08,368 alphafold2_ptm_model_2_seed_022 took 65.1s (0 recycles)
2026-04-02 23:38:06,847 alphafold2_ptm_model_3_seed_022 recycle=0 pLDDT=41 pTM=0.42
2026-04-02 23:38:06,854 alphafold2_ptm_model_3_seed_022 took 57.9s (0 recycles)
2026-04-02 23:39:05,264 alphafold2_ptm_model_4_seed_022 recycle=0 pLDDT=71.6 pTM=0.542
2026-04-02 23:39:05,272 alphafold2_ptm_model_4_seed_022 took 57.9s (0 recycles)
2026-04-02 23:40:03,686 alphafold2_ptm_model_5_seed_022 recycle=0 pLDDT=77.8 pTM=0.714
2026-04-02 23:40:03,693 alphafold2_ptm_model_5_seed_022 took 57.9s (0 recycles)
2026-04-02 23:41:18,088 alphafold2_ptm_model_1_seed_023 recycle=0 pLDDT=77.1 pTM=0.74
2026-04-02 23:41:18,096 alphafold2_ptm_model_1_seed_023 took 64.0s (0 recycles)
2026-04-02 23:42:22,572 alphafold2_ptm_model_2_seed_023 recycle=0 pLDDT=77.5 pTM=0.686
2026-04-02 23:42:22,579 alphafold2_ptm_model_2_seed_023 took 64.0s (0 recycles)
2026-04-02 23:43:20,942 alphafold2_ptm_model_3_seed_023 recycle=0 pLDDT=35.1 pTM=0.246
2026-04-02 23:43:20,949 alphafold2_ptm_model_3_seed_023 took 57.9s (0 recycles)
2026-04-02 23:44:20,497 alphafold2_ptm_model_4_seed_023 recycle=0 pLDDT=69.1 pTM=0.467
2026-04-02 23:44:20,505 alphafold2_ptm_model_4_seed_023 took 58.8s (0 recycles)
2026-04-02 23:45:19,891 alphafold2_ptm_model_5_seed_023 recycle=0 pLDDT=76.1 pTM=0.727
2026-04-02 23:45:19,899 alphafold2_ptm_model_5_seed_023 took 58.8s (0 recycles)
2026-04-02 23:46:35,765 alphafold2_ptm_model_1_seed_024 recycle=0 pLDDT=80.4 pTM=0.782
2026-04-02 23:46:35,772 alphafold2_ptm_model_1_seed_024 took 64.9s (0 recycles)
2026-04-02 23:47:41,212 alphafold2_ptm_model_2_seed_024 recycle=0 pLDDT=78.3 pTM=0.685
2026-04-02 23:47:41,219 alphafold2_ptm_model_2_seed_024 took 64.9s (0 recycles)
2026-04-02 23:48:40,505 alphafold2_ptm_model_3_seed_024 recycle=0 pLDDT=38.1 pTM=0.302
2026-04-02 23:48:40,512 alphafold2_ptm_model_3_seed_024 took 58.8s (0 recycles)
2026-04-02 23:49:39,812 alphafold2_ptm_model_4_seed_024 recycle=0 pLDDT=68.1 pTM=0.428
2026-04-02 23:49:39,820 alphafold2_ptm_model_4_seed_024 took 58.8s (0 recycles)
2026-04-02 23:50:39,149 alphafold2_ptm_model_5_seed_024 recycle=0 pLDDT=70.9 pTM=0.459
2026-04-02 23:50:39,156 alphafold2_ptm_model_5_seed_024 took 58.8s (0 recycles)
2026-04-02 23:50:39,673 reranking models by 'plddt' metric
2026-04-02 23:50:39,674 rank_001_alphafold2_ptm_model_1_seed_010 pLDDT=83.5 pTM=0.785
2026-04-02 23:50:39,676 rank_002_alphafold2_ptm_model_1_seed_020 pLDDT=82.8 pTM=0.785
2026-04-02 23:50:39,678 rank_003_alphafold2_ptm_model_1_seed_011 pLDDT=82.5 pTM=0.794
2026-04-02 23:50:39,680 rank_004_alphafold2_ptm_model_2_seed_002 pLDDT=82.3 pTM=0.711
2026-04-02 23:50:39,682 rank_005_alphafold2_ptm_model_2_seed_020 pLDDT=81.9 pTM=0.728
2026-04-02 23:50:39,684 rank_006_alphafold2_ptm_model_2_seed_010 pLDDT=81.7 pTM=0.722
2026-04-02 23:50:39,686 rank_007_alphafold2_ptm_model_2_seed_019 pLDDT=81.6 pTM=0.702
2026-04-02 23:50:39,688 rank_008_alphafold2_ptm_model_1_seed_002 pLDDT=81.6 pTM=0.754
2026-04-02 23:50:39,690 rank_009_alphafold2_ptm_model_2_seed_011 pLDDT=81.2 pTM=0.729
2026-04-02 23:50:39,692 rank_010_alphafold2_ptm_model_1_seed_013 pLDDT=81.2 pTM=0.779
2026-04-02 23:50:39,694 rank_011_alphafold2_ptm_model_1_seed_009 pLDDT=81.1 pTM=0.773
2026-04-02 23:50:39,696 rank_012_alphafold2_ptm_model_2_seed_009 pLDDT=81 pTM=0.702
2026-04-02 23:50:39,698 rank_013_alphafold2_ptm_model_1_seed_008 pLDDT=81 pTM=0.785
2026-04-02 23:50:39,700 rank_014_alphafold2_ptm_model_1_seed_018 pLDDT=80.8 pTM=0.759
2026-04-02 23:50:39,702 rank_015_alphafold2_ptm_model_2_seed_018 pLDDT=80.7 pTM=0.689
2026-04-02 23:50:39,704 rank_016_alphafold2_ptm_model_5_seed_008 pLDDT=80.6 pTM=0.633
2026-04-02 23:50:39,706 rank_017_alphafold2_ptm_model_2_seed_008 pLDDT=80.5 pTM=0.685
2026-04-02 23:50:39,708 rank_018_alphafold2_ptm_model_2_seed_000 pLDDT=80.5 pTM=0.689
2026-04-02 23:50:39,710 rank_019_alphafold2_ptm_model_1_seed_000 pLDDT=80.4 pTM=0.754
2026-04-02 23:50:39,712 rank_020_alphafold2_ptm_model_1_seed_024 pLDDT=80.4 pTM=0.782
2026-04-02 23:50:39,714 rank_021_alphafold2_ptm_model_1_seed_019 pLDDT=80.2 pTM=0.759
2026-04-02 23:50:39,716 rank_022_alphafold2_ptm_model_1_seed_021 pLDDT=80.2 pTM=0.769
2026-04-02 23:50:39,718 rank_023_alphafold2_ptm_model_1_seed_012 pLDDT=80 pTM=0.763
2026-04-02 23:50:39,720 rank_024_alphafold2_ptm_model_2_seed_001 pLDDT=80 pTM=0.721
2026-04-02 23:50:39,722 rank_025_alphafold2_ptm_model_1_seed_001 pLDDT=79.8 pTM=0.78
2026-04-02 23:50:39,728 rank_026_alphafold2_ptm_model_2_seed_013 pLDDT=79.8 pTM=0.697
2026-04-02 23:50:39,730 rank_027_alphafold2_ptm_model_2_seed_021 pLDDT=79.8 pTM=0.692
2026-04-02 23:50:39,732 rank_028_alphafold2_ptm_model_2_seed_006 pLDDT=79.4 pTM=0.696
2026-04-02 23:50:39,734 rank_029_alphafold2_ptm_model_2_seed_003 pLDDT=79 pTM=0.668
2026-04-02 23:50:39,735 rank_030_alphafold2_ptm_model_1_seed_015 pLDDT=78.9 pTM=0.768
2026-04-02 23:50:39,737 rank_031_alphafold2_ptm_model_1_seed_006 pLDDT=78.8 pTM=0.737
2026-04-02 23:50:39,739 rank_032_alphafold2_ptm_model_1_seed_003 pLDDT=78.4 pTM=0.765
2026-04-02 23:50:39,741 rank_033_alphafold2_ptm_model_1_seed_016 pLDDT=78.4 pTM=0.777
2026-04-02 23:50:39,743 rank_034_alphafold2_ptm_model_2_seed_024 pLDDT=78.3 pTM=0.685
2026-04-02 23:50:39,745 rank_035_alphafold2_ptm_model_2_seed_012 pLDDT=78 pTM=0.659
2026-04-02 23:50:39,747 rank_036_alphafold2_ptm_model_5_seed_022 pLDDT=77.8 pTM=0.714
2026-04-02 23:50:39,749 rank_037_alphafold2_ptm_model_5_seed_006 pLDDT=77.8 pTM=0.599
2026-04-02 23:50:39,751 rank_038_alphafold2_ptm_model_2_seed_004 pLDDT=77.6 pTM=0.652
2026-04-02 23:50:39,753 rank_039_alphafold2_ptm_model_1_seed_014 pLDDT=77.6 pTM=0.741
2026-04-02 23:50:39,755 rank_040_alphafold2_ptm_model_2_seed_007 pLDDT=77.6 pTM=0.677
2026-04-02 23:50:39,757 rank_041_alphafold2_ptm_model_2_seed_015 pLDDT=77.6 pTM=0.673
2026-04-02 23:50:39,759 rank_042_alphafold2_ptm_model_2_seed_023 pLDDT=77.5 pTM=0.686
2026-04-02 23:50:39,761 rank_043_alphafold2_ptm_model_5_seed_012 pLDDT=77.3 pTM=0.589
2026-04-02 23:50:39,762 rank_044_alphafold2_ptm_model_5_seed_021 pLDDT=77.2 pTM=0.53
2026-04-02 23:50:39,764 rank_045_alphafold2_ptm_model_1_seed_023 pLDDT=77.1 pTM=0.74
2026-04-02 23:50:39,766 rank_046_alphafold2_ptm_model_5_seed_019 pLDDT=77.1 pTM=0.543
2026-04-02 23:50:39,768 rank_047_alphafold2_ptm_model_5_seed_011 pLDDT=77 pTM=0.593
2026-04-02 23:50:39,770 rank_048_alphafold2_ptm_model_5_seed_023 pLDDT=76.1 pTM=0.727
2026-04-02 23:50:39,772 rank_049_alphafold2_ptm_model_4_seed_009 pLDDT=76.1 pTM=0.458
2026-04-02 23:50:39,774 rank_050_alphafold2_ptm_model_1_seed_004 pLDDT=76.1 pTM=0.739
2026-04-02 23:50:39,776 rank_051_alphafold2_ptm_model_2_seed_005 pLDDT=75.9 pTM=0.618
2026-04-02 23:50:39,778 rank_052_alphafold2_ptm_model_2_seed_014 pLDDT=75.9 pTM=0.636
2026-04-02 23:50:39,780 rank_053_alphafold2_ptm_model_2_seed_017 pLDDT=75.8 pTM=0.654
2026-04-02 23:50:39,782 rank_054_alphafold2_ptm_model_5_seed_016 pLDDT=75.6 pTM=0.556
2026-04-02 23:50:39,784 rank_055_alphafold2_ptm_model_5_seed_009 pLDDT=75.6 pTM=0.503
2026-04-02 23:50:39,786 rank_056_alphafold2_ptm_model_2_seed_016 pLDDT=75.6 pTM=0.65
2026-04-02 23:50:39,788 rank_057_alphafold2_ptm_model_5_seed_004 pLDDT=75.1 pTM=0.543
2026-04-02 23:50:39,790 rank_058_alphafold2_ptm_model_5_seed_018 pLDDT=75 pTM=0.556
2026-04-02 23:50:39,792 rank_059_alphafold2_ptm_model_5_seed_000 pLDDT=74.9 pTM=0.521
2026-04-02 23:50:39,794 rank_060_alphafold2_ptm_model_1_seed_005 pLDDT=74.8 pTM=0.686
2026-04-02 23:50:39,795 rank_061_alphafold2_ptm_model_4_seed_008 pLDDT=74.8 pTM=0.479
2026-04-02 23:50:39,797 rank_062_alphafold2_ptm_model_5_seed_007 pLDDT=74.4 pTM=0.507
2026-04-02 23:50:39,799 rank_063_alphafold2_ptm_model_5_seed_005 pLDDT=74.2 pTM=0.556
2026-04-02 23:50:39,801 rank_064_alphafold2_ptm_model_2_seed_022 pLDDT=73.9 pTM=0.612
2026-04-02 23:50:39,803 rank_065_alphafold2_ptm_model_5_seed_017 pLDDT=73.8 pTM=0.478
2026-04-02 23:50:39,805 rank_066_alphafold2_ptm_model_5_seed_013 pLDDT=73.3 pTM=0.507
2026-04-02 23:50:39,807 rank_067_alphafold2_ptm_model_1_seed_007 pLDDT=73.2 pTM=0.733
2026-04-02 23:50:39,809 rank_068_alphafold2_ptm_model_1_seed_022 pLDDT=73.1 pTM=0.665
2026-04-02 23:50:39,811 rank_069_alphafold2_ptm_model_4_seed_019 pLDDT=72.8 pTM=0.482
2026-04-02 23:50:39,813 rank_070_alphafold2_ptm_model_4_seed_016 pLDDT=72.6 pTM=0.466
2026-04-02 23:50:39,815 rank_071_alphafold2_ptm_model_5_seed_001 pLDDT=72.5 pTM=0.469
2026-04-02 23:50:39,817 rank_072_alphafold2_ptm_model_5_seed_015 pLDDT=72.4 pTM=0.494
2026-04-02 23:50:39,819 rank_073_alphafold2_ptm_model_4_seed_021 pLDDT=72.3 pTM=0.471
2026-04-02 23:50:39,821 rank_074_alphafold2_ptm_model_5_seed_002 pLDDT=72.2 pTM=0.494
2026-04-02 23:50:39,823 rank_075_alphafold2_ptm_model_5_seed_010 pLDDT=72.2 pTM=0.519
2026-04-02 23:50:39,825 rank_076_alphafold2_ptm_model_4_seed_010 pLDDT=71.6 pTM=0.44
2026-04-02 23:50:39,827 rank_077_alphafold2_ptm_model_4_seed_022 pLDDT=71.6 pTM=0.542
2026-04-02 23:50:39,829 rank_078_alphafold2_ptm_model_1_seed_017 pLDDT=71.4 pTM=0.701
2026-04-02 23:50:39,831 rank_079_alphafold2_ptm_model_4_seed_011 pLDDT=71.2 pTM=0.448
2026-04-02 23:50:39,833 rank_080_alphafold2_ptm_model_5_seed_024 pLDDT=70.9 pTM=0.459
2026-04-02 23:50:39,835 rank_081_alphafold2_ptm_model_5_seed_003 pLDDT=70.6 pTM=0.48
2026-04-02 23:50:39,837 rank_082_alphafold2_ptm_model_4_seed_013 pLDDT=69.9 pTM=0.451
2026-04-02 23:50:39,839 rank_083_alphafold2_ptm_model_5_seed_014 pLDDT=69.4 pTM=0.484
2026-04-02 23:50:39,841 rank_084_alphafold2_ptm_model_4_seed_000 pLDDT=69.2 pTM=0.45
2026-04-02 23:50:39,843 rank_085_alphafold2_ptm_model_4_seed_023 pLDDT=69.1 pTM=0.467
2026-04-02 23:50:39,845 rank_086_alphafold2_ptm_model_4_seed_020 pLDDT=68.9 pTM=0.444
2026-04-02 23:50:39,847 rank_087_alphafold2_ptm_model_4_seed_003 pLDDT=68.9 pTM=0.458
2026-04-02 23:50:39,849 rank_088_alphafold2_ptm_model_4_seed_012 pLDDT=68.8 pTM=0.429
2026-04-02 23:50:39,851 rank_089_alphafold2_ptm_model_4_seed_001 pLDDT=68.2 pTM=0.418
2026-04-02 23:50:39,853 rank_090_alphafold2_ptm_model_4_seed_015 pLDDT=68.2 pTM=0.462
2026-04-02 23:50:39,855 rank_091_alphafold2_ptm_model_4_seed_006 pLDDT=68.1 pTM=0.435
2026-04-02 23:50:39,857 rank_092_alphafold2_ptm_model_4_seed_024 pLDDT=68.1 pTM=0.428
2026-04-02 23:50:39,859 rank_093_alphafold2_ptm_model_4_seed_018 pLDDT=68 pTM=0.446
2026-04-02 23:50:39,861 rank_094_alphafold2_ptm_model_5_seed_020 pLDDT=67.9 pTM=0.583
2026-04-02 23:50:39,863 rank_095_alphafold2_ptm_model_4_seed_007 pLDDT=67.6 pTM=0.417
2026-04-02 23:50:39,865 rank_096_alphafold2_ptm_model_4_seed_004 pLDDT=67.1 pTM=0.428
2026-04-02 23:50:39,867 rank_097_alphafold2_ptm_model_4_seed_014 pLDDT=66.9 pTM=0.42
2026-04-02 23:50:39,870 rank_098_alphafold2_ptm_model_4_seed_005 pLDDT=66.7 pTM=0.449
2026-04-02 23:50:39,872 rank_099_alphafold2_ptm_model_4_seed_002 pLDDT=63.3 pTM=0.429
2026-04-02 23:50:39,874 rank_100_alphafold2_ptm_model_3_seed_009 pLDDT=60.8 pTM=0.413
2026-04-02 23:50:39,876 rank_101_alphafold2_ptm_model_4_seed_017 pLDDT=56.7 pTM=0.371
2026-04-02 23:50:39,879 rank_102_alphafold2_ptm_model_3_seed_000 pLDDT=55.5 pTM=0.39
2026-04-02 23:50:39,881 rank_103_alphafold2_ptm_model_3_seed_021 pLDDT=50.1 pTM=0.303
2026-04-02 23:50:39,883 rank_104_alphafold2_ptm_model_3_seed_010 pLDDT=49.7 pTM=0.333
2026-04-02 23:50:39,885 rank_105_alphafold2_ptm_model_3_seed_019 pLDDT=48.5 pTM=0.307
2026-04-02 23:50:39,887 rank_106_alphafold2_ptm_model_3_seed_006 pLDDT=45.8 pTM=0.29
2026-04-02 23:50:39,890 rank_107_alphafold2_ptm_model_3_seed_018 pLDDT=45.3 pTM=0.298
2026-04-02 23:50:39,892 rank_108_alphafold2_ptm_model_3_seed_016 pLDDT=43.4 pTM=0.299
2026-04-02 23:50:39,894 rank_109_alphafold2_ptm_model_3_seed_013 pLDDT=41 pTM=0.253
2026-04-02 23:50:39,896 rank_110_alphafold2_ptm_model_3_seed_022 pLDDT=41 pTM=0.42
2026-04-02 23:50:39,898 rank_111_alphafold2_ptm_model_3_seed_024 pLDDT=38.1 pTM=0.302
2026-04-02 23:50:39,901 rank_112_alphafold2_ptm_model_3_seed_011 pLDDT=37.6 pTM=0.292
2026-04-02 23:50:39,903 rank_113_alphafold2_ptm_model_3_seed_003 pLDDT=36 pTM=0.227
2026-04-02 23:50:39,905 rank_114_alphafold2_ptm_model_3_seed_020 pLDDT=35.9 pTM=0.639
2026-04-02 23:50:39,908 rank_115_alphafold2_ptm_model_3_seed_008 pLDDT=35.5 pTM=0.592
2026-04-02 23:50:39,910 rank_116_alphafold2_ptm_model_3_seed_014 pLDDT=35.4 pTM=0.234
2026-04-02 23:50:39,912 rank_117_alphafold2_ptm_model_3_seed_023 pLDDT=35.1 pTM=0.246
2026-04-02 23:50:39,915 rank_118_alphafold2_ptm_model_3_seed_004 pLDDT=32.7 pTM=0.196
2026-04-02 23:50:39,917 rank_119_alphafold2_ptm_model_3_seed_012 pLDDT=30 pTM=0.305
2026-04-02 23:50:39,919 rank_120_alphafold2_ptm_model_3_seed_002 pLDDT=29 pTM=0.553
2026-04-02 23:50:39,922 rank_121_alphafold2_ptm_model_3_seed_005 pLDDT=29 pTM=0.646
2026-04-02 23:50:39,924 rank_122_alphafold2_ptm_model_3_seed_007 pLDDT=28.6 pTM=0.329
2026-04-02 23:50:39,926 rank_123_alphafold2_ptm_model_3_seed_017 pLDDT=27.3 pTM=0.334
2026-04-02 23:50:39,928 rank_124_alphafold2_ptm_model_3_seed_015 pLDDT=27.1 pTM=0.292
2026-04-02 23:50:39,931 rank_125_alphafold2_ptm_model_3_seed_001 pLDDT=23.5 pTM=0.493
2026-04-02 23:50:43,244 Done
WARNING: All log messages before absl::InitializeLog() is called are written to STDERR
E0000 00:00:1775188291.380824   10727 cuda_dnn.cc:8310] Unable to register cuDNN factory: Attempting to register factory for plugin cuDNN when one has already been registered
E0000 00:00:1775188291.389628   10727 cuda_blas.cc:1418] Unable to register cuBLAS factory: Attempting to register factory for plugin cuBLAS when one has already been registered
2026-04-02 23:51:39,811 Running colabfold 1.5.5 (e2ca9e8f992cd65c986de5b64885d5572d8b8ad9)
2026-04-02 23:51:40,866 Running on GPU
2026-04-02 23:51:41,967 Found 8 citations for tools or databases
2026-04-02 23:52:07,480 Query 1/1: UvrD (length 644)
  0%|          | 0/150 [elapsed: 00:00 remaining: ?]SUBMIT:   0%|          | 0/150 [elapsed: 00:00 remaining: ?]COMPLETE:   0%|          | 0/150 [elapsed: 00:00 remaining: ?]COMPLETE: 100%|██████████| 150/150 [elapsed: 00:00 remaining: 00:00]COMPLETE: 100%|██████████| 150/150 [elapsed: 00:02 remaining: 00:00]
WARNING: All log messages before absl::InitializeLog() is called are written to STDERR
I0000 00:00:1775188356.438171   10727 mlir_graph_optimization_pass.cc:401] MLIR V1 optimization pass is not enabled
2026-04-02 23:52:21,114 Sequence 0 found templates: ['0037_A', '0010_A', '0036_A', '0011_A', '0012_A', '0038_A', '0013_A', '0039_A', '0014_A', '0040_A', '0021_A', '0049_A', '0015_A', '0022_A', '0023_A', '0024_A', '0016_A', '0025_A', '0026_A', '0027_A']
2026-04-02 23:52:27,069 Setting max_seq=16, max_extra_seq=32
2026-04-02 23:54:17,788 alphafold2_ptm_model_1_seed_000 recycle=0 pLDDT=63.2 pTM=0.49
2026-04-02 23:54:17,796 alphafold2_ptm_model_1_seed_000 took 93.1s (0 recycles)
2026-04-02 23:55:22,084 alphafold2_ptm_model_2_seed_000 recycle=0 pLDDT=61.5 pTM=0.481
2026-04-02 23:55:22,093 alphafold2_ptm_model_2_seed_000 took 63.8s (0 recycles)
2026-04-02 23:56:35,715 alphafold2_ptm_model_3_seed_000 recycle=0 pLDDT=55.5 pTM=0.39
2026-04-02 23:56:35,722 alphafold2_ptm_model_3_seed_000 took 73.1s (0 recycles)
2026-04-02 23:57:34,078 alphafold2_ptm_model_4_seed_000 recycle=0 pLDDT=69.2 pTM=0.45
2026-04-02 23:57:34,085 alphafold2_ptm_model_4_seed_000 took 57.8s (0 recycles)
2026-04-02 23:58:32,677 alphafold2_ptm_model_5_seed_000 recycle=0 pLDDT=74.9 pTM=0.521
2026-04-02 23:58:32,683 alphafold2_ptm_model_5_seed_000 took 58.1s (0 recycles)
2026-04-02 23:59:49,834 alphafold2_ptm_model_1_seed_001 recycle=0 pLDDT=64.1 pTM=0.5
2026-04-02 23:59:49,843 alphafold2_ptm_model_1_seed_001 took 63.9s (0 recycles)
2026-04-03 00:00:54,885 alphafold2_ptm_model_2_seed_001 recycle=0 pLDDT=59.8 pTM=0.481
2026-04-03 00:00:54,895 alphafold2_ptm_model_2_seed_001 took 64.5s (0 recycles)
2026-04-03 00:01:53,528 alphafold2_ptm_model_3_seed_001 recycle=0 pLDDT=23.5 pTM=0.493
2026-04-03 00:01:53,536 alphafold2_ptm_model_3_seed_001 took 57.9s (0 recycles)
2026-04-03 00:02:52,166 alphafold2_ptm_model_4_seed_001 recycle=0 pLDDT=68.2 pTM=0.418
2026-04-03 00:02:52,172 alphafold2_ptm_model_4_seed_001 took 58.1s (0 recycles)
2026-04-03 00:03:50,727 alphafold2_ptm_model_5_seed_001 recycle=0 pLDDT=72.5 pTM=0.469
2026-04-03 00:03:50,734 alphafold2_ptm_model_5_seed_001 took 58.0s (0 recycles)
2026-04-03 00:05:08,349 alphafold2_ptm_model_1_seed_002 recycle=0 pLDDT=64.4 pTM=0.472
2026-04-03 00:05:08,365 alphafold2_ptm_model_1_seed_002 took 64.0s (0 recycles)
2026-04-03 00:06:13,144 alphafold2_ptm_model_2_seed_002 recycle=0 pLDDT=60.5 pTM=0.47
2026-04-03 00:06:13,153 alphafold2_ptm_model_2_seed_002 took 64.0s (0 recycles)
2026-04-03 00:07:12,362 alphafold2_ptm_model_3_seed_002 recycle=0 pLDDT=29 pTM=0.553
2026-04-03 00:07:12,372 alphafold2_ptm_model_3_seed_002 took 58.7s (0 recycles)
2026-04-03 00:08:11,593 alphafold2_ptm_model_4_seed_002 recycle=0 pLDDT=63.3 pTM=0.429
2026-04-03 00:08:11,601 alphafold2_ptm_model_4_seed_002 took 58.7s (0 recycles)
2026-04-03 00:09:10,790 alphafold2_ptm_model_5_seed_002 recycle=0 pLDDT=72.2 pTM=0.494
2026-04-03 00:09:10,798 alphafold2_ptm_model_5_seed_002 took 58.7s (0 recycles)
2026-04-03 00:10:26,217 alphafold2_ptm_model_1_seed_003 recycle=0 pLDDT=61.3 pTM=0.489
2026-04-03 00:10:26,226 alphafold2_ptm_model_1_seed_003 took 64.5s (0 recycles)
2026-04-03 00:11:31,208 alphafold2_ptm_model_2_seed_003 recycle=0 pLDDT=59.4 pTM=0.464
2026-04-03 00:11:31,216 alphafold2_ptm_model_2_seed_003 took 64.5s (0 recycles)
2026-04-03 00:12:30,374 alphafold2_ptm_model_3_seed_003 recycle=0 pLDDT=36 pTM=0.227
2026-04-03 00:12:30,380 alphafold2_ptm_model_3_seed_003 took 58.7s (0 recycles)
2026-04-03 00:13:29,005 alphafold2_ptm_model_4_seed_003 recycle=0 pLDDT=68.9 pTM=0.458
2026-04-03 00:13:29,026 alphafold2_ptm_model_4_seed_003 took 58.1s (0 recycles)
2026-04-03 00:14:27,746 alphafold2_ptm_model_5_seed_003 recycle=0 pLDDT=70.6 pTM=0.48
2026-04-03 00:14:27,758 alphafold2_ptm_model_5_seed_003 took 58.0s (0 recycles)
2026-04-03 00:15:45,534 alphafold2_ptm_model_1_seed_004 recycle=0 pLDDT=62.3 pTM=0.482
2026-04-03 00:15:45,545 alphafold2_ptm_model_1_seed_004 took 64.0s (0 recycles)
2026-04-03 00:16:49,826 alphafold2_ptm_model_2_seed_004 recycle=0 pLDDT=59.6 pTM=0.437
2026-04-03 00:16:49,835 alphafold2_ptm_model_2_seed_004 took 63.8s (0 recycles)
2026-04-03 00:17:48,077 alphafold2_ptm_model_3_seed_004 recycle=0 pLDDT=32.7 pTM=0.196
2026-04-03 00:17:48,088 alphafold2_ptm_model_3_seed_004 took 57.7s (0 recycles)
2026-04-03 00:18:46,318 alphafold2_ptm_model_4_seed_004 recycle=0 pLDDT=67.1 pTM=0.428
2026-04-03 00:18:46,327 alphafold2_ptm_model_4_seed_004 took 57.7s (0 recycles)
2026-04-03 00:19:44,523 alphafold2_ptm_model_5_seed_004 recycle=0 pLDDT=75.1 pTM=0.543
2026-04-03 00:19:44,531 alphafold2_ptm_model_5_seed_004 took 57.7s (0 recycles)
2026-04-03 00:20:59,263 alphafold2_ptm_model_1_seed_005 recycle=0 pLDDT=60.3 pTM=0.461
2026-04-03 00:20:59,271 alphafold2_ptm_model_1_seed_005 took 64.0s (0 recycles)
2026-04-03 00:22:04,368 alphafold2_ptm_model_2_seed_005 recycle=0 pLDDT=57.6 pTM=0.435
2026-04-03 00:22:04,376 alphafold2_ptm_model_2_seed_005 took 64.6s (0 recycles)
2026-04-03 00:23:02,743 alphafold2_ptm_model_3_seed_005 recycle=0 pLDDT=29 pTM=0.646
2026-04-03 00:23:02,752 alphafold2_ptm_model_3_seed_005 took 57.9s (0 recycles)
2026-04-03 00:24:00,967 alphafold2_ptm_model_4_seed_005 recycle=0 pLDDT=66.7 pTM=0.449
2026-04-03 00:24:00,975 alphafold2_ptm_model_4_seed_005 took 57.7s (0 recycles)
2026-04-03 00:24:59,147 alphafold2_ptm_model_5_seed_005 recycle=0 pLDDT=74.2 pTM=0.556
2026-04-03 00:24:59,166 alphafold2_ptm_model_5_seed_005 took 57.7s (0 recycles)
2026-04-03 00:26:14,940 alphafold2_ptm_model_1_seed_006 recycle=0 pLDDT=61.7 pTM=0.469
2026-04-03 00:26:14,948 alphafold2_ptm_model_1_seed_006 took 64.4s (0 recycles)
2026-04-03 00:27:19,912 alphafold2_ptm_model_2_seed_006 recycle=0 pLDDT=60.5 pTM=0.456
2026-04-03 00:27:19,919 alphafold2_ptm_model_2_seed_006 took 64.5s (0 recycles)
2026-04-03 00:28:18,820 alphafold2_ptm_model_3_seed_006 recycle=0 pLDDT=45.8 pTM=0.29
2026-04-03 00:28:18,827 alphafold2_ptm_model_3_seed_006 took 58.4s (0 recycles)
2026-04-03 00:29:17,075 alphafold2_ptm_model_4_seed_006 recycle=0 pLDDT=68.1 pTM=0.435
2026-04-03 00:29:17,083 alphafold2_ptm_model_4_seed_006 took 57.7s (0 recycles)
2026-04-03 00:30:15,608 alphafold2_ptm_model_5_seed_006 recycle=0 pLDDT=77.8 pTM=0.599
2026-04-03 00:30:15,616 alphafold2_ptm_model_5_seed_006 took 58.0s (0 recycles)
2026-04-03 00:31:33,026 alphafold2_ptm_model_1_seed_007 recycle=0 pLDDT=62.3 pTM=0.478
2026-04-03 00:31:33,038 alphafold2_ptm_model_1_seed_007 took 64.0s (0 recycles)
2026-04-03 00:32:38,341 alphafold2_ptm_model_2_seed_007 recycle=0 pLDDT=58.2 pTM=0.447
2026-04-03 00:32:38,349 alphafold2_ptm_model_2_seed_007 took 64.8s (0 recycles)
2026-04-03 00:33:37,476 alphafold2_ptm_model_3_seed_007 recycle=0 pLDDT=28.6 pTM=0.329
2026-04-03 00:33:37,494 alphafold2_ptm_model_3_seed_007 took 58.6s (0 recycles)
2026-04-03 00:34:36,177 alphafold2_ptm_model_4_seed_007 recycle=0 pLDDT=67.6 pTM=0.417
2026-04-03 00:34:36,184 alphafold2_ptm_model_4_seed_007 took 57.9s (0 recycles)
2026-04-03 00:35:35,301 alphafold2_ptm_model_5_seed_007 recycle=0 pLDDT=74.4 pTM=0.507
2026-04-03 00:35:35,310 alphafold2_ptm_model_5_seed_007 took 58.6s (0 recycles)
2026-04-03 00:36:50,542 alphafold2_ptm_model_1_seed_008 recycle=0 pLDDT=62.5 pTM=0.474
2026-04-03 00:36:50,550 alphafold2_ptm_model_1_seed_008 took 64.5s (0 recycles)
2026-04-03 00:37:54,984 alphafold2_ptm_model_2_seed_008 recycle=0 pLDDT=59.7 pTM=0.445
2026-04-03 00:37:54,992 alphafold2_ptm_model_2_seed_008 took 63.9s (0 recycles)
2026-04-03 00:38:53,397 alphafold2_ptm_model_3_seed_008 recycle=0 pLDDT=35.5 pTM=0.592
2026-04-03 00:38:53,404 alphafold2_ptm_model_3_seed_008 took 57.9s (0 recycles)
2026-04-03 00:39:51,816 alphafold2_ptm_model_4_seed_008 recycle=0 pLDDT=74.8 pTM=0.479
2026-04-03 00:39:51,824 alphafold2_ptm_model_4_seed_008 took 57.9s (0 recycles)
2026-04-03 00:40:50,249 alphafold2_ptm_model_5_seed_008 recycle=0 pLDDT=80.6 pTM=0.633
2026-04-03 00:40:50,257 alphafold2_ptm_model_5_seed_008 took 57.9s (0 recycles)
2026-04-03 00:42:04,746 alphafold2_ptm_model_1_seed_009 recycle=0 pLDDT=62 pTM=0.48
2026-04-03 00:42:04,753 alphafold2_ptm_model_1_seed_009 took 63.8s (0 recycles)
2026-04-03 00:43:09,259 alphafold2_ptm_model_2_seed_009 recycle=0 pLDDT=58.9 pTM=0.451
2026-04-03 00:43:09,267 alphafold2_ptm_model_2_seed_009 took 64.0s (0 recycles)
2026-04-03 00:44:07,664 alphafold2_ptm_model_3_seed_009 recycle=0 pLDDT=60.8 pTM=0.413
2026-04-03 00:44:07,672 alphafold2_ptm_model_3_seed_009 took 57.9s (0 recycles)
2026-04-03 00:45:06,267 alphafold2_ptm_model_4_seed_009 recycle=0 pLDDT=76.1 pTM=0.458
2026-04-03 00:45:06,275 alphafold2_ptm_model_4_seed_009 took 57.9s (0 recycles)
2026-04-03 00:46:04,706 alphafold2_ptm_model_5_seed_009 recycle=0 pLDDT=75.6 pTM=0.503
2026-04-03 00:46:04,714 alphafold2_ptm_model_5_seed_009 took 57.9s (0 recycles)
2026-04-03 00:47:19,045 alphafold2_ptm_model_1_seed_010 recycle=0 pLDDT=65.2 pTM=0.484
2026-04-03 00:47:19,052 alphafold2_ptm_model_1_seed_010 took 63.8s (0 recycles)
2026-04-03 00:48:23,553 alphafold2_ptm_model_2_seed_010 recycle=0 pLDDT=61.1 pTM=0.472
2026-04-03 00:48:23,560 alphafold2_ptm_model_2_seed_010 took 64.0s (0 recycles)
2026-04-03 00:49:22,023 alphafold2_ptm_model_3_seed_010 recycle=0 pLDDT=49.7 pTM=0.333
2026-04-03 00:49:22,030 alphafold2_ptm_model_3_seed_010 took 58.0s (0 recycles)
2026-04-03 00:50:20,688 alphafold2_ptm_model_4_seed_010 recycle=0 pLDDT=71.6 pTM=0.44
2026-04-03 00:50:20,695 alphafold2_ptm_model_4_seed_010 took 58.0s (0 recycles)
2026-04-03 00:51:19,158 alphafold2_ptm_model_5_seed_010 recycle=0 pLDDT=72.2 pTM=0.519
2026-04-03 00:51:19,165 alphafold2_ptm_model_5_seed_010 took 58.0s (0 recycles)
2026-04-03 00:52:34,421 alphafold2_ptm_model_1_seed_011 recycle=0 pLDDT=63.7 pTM=0.475
2026-04-03 00:52:34,430 alphafold2_ptm_model_1_seed_011 took 63.9s (0 recycles)
2026-04-03 00:53:38,974 alphafold2_ptm_model_2_seed_011 recycle=0 pLDDT=61.2 pTM=0.474
2026-04-03 00:53:38,982 alphafold2_ptm_model_2_seed_011 took 64.0s (0 recycles)
2026-04-03 00:54:37,867 alphafold2_ptm_model_3_seed_011 recycle=0 pLDDT=37.6 pTM=0.292
2026-04-03 00:54:37,875 alphafold2_ptm_model_3_seed_011 took 58.4s (0 recycles)
2026-04-03 00:55:36,597 alphafold2_ptm_model_4_seed_011 recycle=0 pLDDT=71.2 pTM=0.448
2026-04-03 00:55:36,604 alphafold2_ptm_model_4_seed_011 took 58.2s (0 recycles)
2026-04-03 00:56:35,295 alphafold2_ptm_model_5_seed_011 recycle=0 pLDDT=77 pTM=0.593
2026-04-03 00:56:35,301 alphafold2_ptm_model_5_seed_011 took 58.2s (0 recycles)
2026-04-03 00:57:52,928 alphafold2_ptm_model_1_seed_012 recycle=0 pLDDT=61.9 pTM=0.473
2026-04-03 00:57:52,937 alphafold2_ptm_model_1_seed_012 took 63.9s (0 recycles)
2026-04-03 00:58:57,517 alphafold2_ptm_model_2_seed_012 recycle=0 pLDDT=58.5 pTM=0.442
2026-04-03 00:58:57,527 alphafold2_ptm_model_2_seed_012 took 64.1s (0 recycles)
2026-04-03 00:59:56,377 alphafold2_ptm_model_3_seed_012 recycle=0 pLDDT=30 pTM=0.305
2026-04-03 00:59:56,386 alphafold2_ptm_model_3_seed_012 took 58.2s (0 recycles)
2026-04-03 01:00:55,632 alphafold2_ptm_model_4_seed_012 recycle=0 pLDDT=68.8 pTM=0.429
2026-04-03 01:00:55,641 alphafold2_ptm_model_4_seed_012 took 58.7s (0 recycles)
2026-04-03 01:01:54,766 alphafold2_ptm_model_5_seed_012 recycle=0 pLDDT=77.3 pTM=0.589
2026-04-03 01:01:54,775 alphafold2_ptm_model_5_seed_012 took 58.6s (0 recycles)
2026-04-03 01:03:09,980 alphafold2_ptm_model_1_seed_013 recycle=0 pLDDT=63.4 pTM=0.494
2026-04-03 01:03:09,989 alphafold2_ptm_model_1_seed_013 took 64.4s (0 recycles)
2026-04-03 01:04:15,195 alphafold2_ptm_model_2_seed_013 recycle=0 pLDDT=59.8 pTM=0.485
2026-04-03 01:04:15,204 alphafold2_ptm_model_2_seed_013 took 64.7s (0 recycles)
2026-04-03 01:05:13,712 alphafold2_ptm_model_3_seed_013 recycle=0 pLDDT=41 pTM=0.253
2026-04-03 01:05:13,720 alphafold2_ptm_model_3_seed_013 took 57.9s (0 recycles)
2026-04-03 01:06:12,323 alphafold2_ptm_model_4_seed_013 recycle=0 pLDDT=69.9 pTM=0.451
2026-04-03 01:06:12,329 alphafold2_ptm_model_4_seed_013 took 58.1s (0 recycles)
2026-04-03 01:07:10,961 alphafold2_ptm_model_5_seed_013 recycle=0 pLDDT=73.3 pTM=0.507
2026-04-03 01:07:10,969 alphafold2_ptm_model_5_seed_013 took 58.1s (0 recycles)
2026-04-03 01:08:27,906 alphafold2_ptm_model_1_seed_014 recycle=0 pLDDT=62.8 pTM=0.471
2026-04-03 01:08:27,915 alphafold2_ptm_model_1_seed_014 took 63.9s (0 recycles)
2026-04-03 01:09:32,708 alphafold2_ptm_model_2_seed_014 recycle=0 pLDDT=56.4 pTM=0.434
2026-04-03 01:09:32,718 alphafold2_ptm_model_2_seed_014 took 64.1s (0 recycles)
2026-04-03 01:10:31,193 alphafold2_ptm_model_3_seed_014 recycle=0 pLDDT=35.4 pTM=0.234
2026-04-03 01:10:31,201 alphafold2_ptm_model_3_seed_014 took 58.0s (0 recycles)
2026-04-03 01:11:29,917 alphafold2_ptm_model_4_seed_014 recycle=0 pLDDT=66.9 pTM=0.42
2026-04-03 01:11:29,923 alphafold2_ptm_model_4_seed_014 took 58.2s (0 recycles)
2026-04-03 01:12:28,339 alphafold2_ptm_model_5_seed_014 recycle=0 pLDDT=69.4 pTM=0.484
2026-04-03 01:12:28,347 alphafold2_ptm_model_5_seed_014 took 57.9s (0 recycles)
2026-04-03 01:13:42,864 alphafold2_ptm_model_1_seed_015 recycle=0 pLDDT=61.8 pTM=0.478
2026-04-03 01:13:42,873 alphafold2_ptm_model_1_seed_015 took 63.9s (0 recycles)
2026-04-03 01:14:47,384 alphafold2_ptm_model_2_seed_015 recycle=0 pLDDT=57.4 pTM=0.442
2026-04-03 01:14:47,392 alphafold2_ptm_model_2_seed_015 took 64.0s (0 recycles)
2026-04-03 01:15:45,801 alphafold2_ptm_model_3_seed_015 recycle=0 pLDDT=27.1 pTM=0.292
2026-04-03 01:15:45,809 alphafold2_ptm_model_3_seed_015 took 57.9s (0 recycles)
2026-04-03 01:16:44,257 alphafold2_ptm_model_4_seed_015 recycle=0 pLDDT=68.2 pTM=0.462
2026-04-03 01:16:44,265 alphafold2_ptm_model_4_seed_015 took 58.0s (0 recycles)
2026-04-03 01:17:42,711 alphafold2_ptm_model_5_seed_015 recycle=0 pLDDT=72.4 pTM=0.494
2026-04-03 01:17:42,719 alphafold2_ptm_model_5_seed_015 took 58.0s (0 recycles)
2026-04-03 01:18:57,163 alphafold2_ptm_model_1_seed_016 recycle=0 pLDDT=64.8 pTM=0.49
2026-04-03 01:18:57,170 alphafold2_ptm_model_1_seed_016 took 63.8s (0 recycles)
2026-04-03 01:20:01,581 alphafold2_ptm_model_2_seed_016 recycle=0 pLDDT=60.1 pTM=0.462
2026-04-03 01:20:01,589 alphafold2_ptm_model_2_seed_016 took 63.9s (0 recycles)
2026-04-03 01:21:00,023 alphafold2_ptm_model_3_seed_016 recycle=0 pLDDT=43.4 pTM=0.299
2026-04-03 01:21:00,031 alphafold2_ptm_model_3_seed_016 took 57.9s (0 recycles)
2026-04-03 01:21:58,457 alphafold2_ptm_model_4_seed_016 recycle=0 pLDDT=72.6 pTM=0.466
2026-04-03 01:21:58,464 alphafold2_ptm_model_4_seed_016 took 57.9s (0 recycles)
2026-04-03 01:22:56,916 alphafold2_ptm_model_5_seed_016 recycle=0 pLDDT=75.6 pTM=0.556
2026-04-03 01:22:56,923 alphafold2_ptm_model_5_seed_016 took 58.0s (0 recycles)
2026-04-03 01:24:14,311 alphafold2_ptm_model_1_seed_017 recycle=0 pLDDT=59.1 pTM=0.454
2026-04-03 01:24:14,319 alphafold2_ptm_model_1_seed_017 took 63.8s (0 recycles)
2026-04-03 01:25:18,826 alphafold2_ptm_model_2_seed_017 recycle=0 pLDDT=57.6 pTM=0.428
2026-04-03 01:25:18,834 alphafold2_ptm_model_2_seed_017 took 64.0s (0 recycles)
2026-04-03 01:26:17,225 alphafold2_ptm_model_3_seed_017 recycle=0 pLDDT=27.3 pTM=0.334
2026-04-03 01:26:17,232 alphafold2_ptm_model_3_seed_017 took 57.9s (0 recycles)
2026-04-03 01:27:15,401 alphafold2_ptm_model_4_seed_017 recycle=0 pLDDT=56.7 pTM=0.371
2026-04-03 01:27:15,408 alphafold2_ptm_model_4_seed_017 took 57.7s (0 recycles)
2026-04-03 01:28:13,554 alphafold2_ptm_model_5_seed_017 recycle=0 pLDDT=73.8 pTM=0.478
2026-04-03 01:28:13,562 alphafold2_ptm_model_5_seed_017 took 57.7s (0 recycles)
2026-04-03 01:29:27,987 alphafold2_ptm_model_1_seed_018 recycle=0 pLDDT=61.4 pTM=0.472
2026-04-03 01:29:27,994 alphafold2_ptm_model_1_seed_018 took 63.8s (0 recycles)
2026-04-03 01:30:32,233 alphafold2_ptm_model_2_seed_018 recycle=0 pLDDT=60 pTM=0.46
2026-04-03 01:30:32,241 alphafold2_ptm_model_2_seed_018 took 63.7s (0 recycles)
2026-04-03 01:31:31,332 alphafold2_ptm_model_3_seed_018 recycle=0 pLDDT=45.3 pTM=0.298
2026-04-03 01:31:31,340 alphafold2_ptm_model_3_seed_018 took 58.4s (0 recycles)
2026-04-03 01:32:29,657 alphafold2_ptm_model_4_seed_018 recycle=0 pLDDT=68 pTM=0.446
2026-04-03 01:32:29,665 alphafold2_ptm_model_4_seed_018 took 57.8s (0 recycles)
2026-04-03 01:33:28,073 alphafold2_ptm_model_5_seed_018 recycle=0 pLDDT=75 pTM=0.556
2026-04-03 01:33:28,080 alphafold2_ptm_model_5_seed_018 took 57.9s (0 recycles)
2026-04-03 01:34:42,432 alphafold2_ptm_model_1_seed_019 recycle=0 pLDDT=64.1 pTM=0.492
2026-04-03 01:34:42,439 alphafold2_ptm_model_1_seed_019 took 63.8s (0 recycles)
2026-04-03 01:35:46,733 alphafold2_ptm_model_2_seed_019 recycle=0 pLDDT=60.8 pTM=0.464
2026-04-03 01:35:46,741 alphafold2_ptm_model_2_seed_019 took 63.8s (0 recycles)
2026-04-03 01:36:45,174 alphafold2_ptm_model_3_seed_019 recycle=0 pLDDT=48.5 pTM=0.307
2026-04-03 01:36:45,181 alphafold2_ptm_model_3_seed_019 took 57.9s (0 recycles)
2026-04-03 01:37:43,542 alphafold2_ptm_model_4_seed_019 recycle=0 pLDDT=72.8 pTM=0.482
2026-04-03 01:37:43,549 alphafold2_ptm_model_4_seed_019 took 57.9s (0 recycles)
2026-04-03 01:38:42,000 alphafold2_ptm_model_5_seed_019 recycle=0 pLDDT=77.1 pTM=0.543
2026-04-03 01:38:42,007 alphafold2_ptm_model_5_seed_019 took 58.0s (0 recycles)
2026-04-03 01:39:56,355 alphafold2_ptm_model_1_seed_020 recycle=0 pLDDT=63.6 pTM=0.484
2026-04-03 01:39:56,362 alphafold2_ptm_model_1_seed_020 took 63.8s (0 recycles)
2026-04-03 01:41:00,641 alphafold2_ptm_model_2_seed_020 recycle=0 pLDDT=61.3 pTM=0.475
2026-04-03 01:41:00,648 alphafold2_ptm_model_2_seed_020 took 63.8s (0 recycles)
2026-04-03 01:41:59,587 alphafold2_ptm_model_3_seed_020 recycle=0 pLDDT=35.9 pTM=0.639
2026-04-03 01:41:59,594 alphafold2_ptm_model_3_seed_020 took 58.4s (0 recycles)
2026-04-03 01:42:58,682 alphafold2_ptm_model_4_seed_020 recycle=0 pLDDT=68.9 pTM=0.444
2026-04-03 01:42:58,689 alphafold2_ptm_model_4_seed_020 took 58.6s (0 recycles)
2026-04-03 01:43:57,807 alphafold2_ptm_model_5_seed_020 recycle=0 pLDDT=67.9 pTM=0.583
2026-04-03 01:43:57,814 alphafold2_ptm_model_5_seed_020 took 58.6s (0 recycles)
2026-04-03 01:45:15,970 alphafold2_ptm_model_1_seed_021 recycle=0 pLDDT=63.3 pTM=0.482
2026-04-03 01:45:15,979 alphafold2_ptm_model_1_seed_021 took 64.7s (0 recycles)
2026-04-03 01:46:21,142 alphafold2_ptm_model_2_seed_021 recycle=0 pLDDT=61.1 pTM=0.458
2026-04-03 01:46:21,149 alphafold2_ptm_model_2_seed_021 took 64.7s (0 recycles)
2026-04-03 01:47:20,227 alphafold2_ptm_model_3_seed_021 recycle=0 pLDDT=50.1 pTM=0.303
2026-04-03 01:47:20,234 alphafold2_ptm_model_3_seed_021 took 58.6s (0 recycles)
2026-04-03 01:48:19,393 alphafold2_ptm_model_4_seed_021 recycle=0 pLDDT=72.3 pTM=0.471
2026-04-03 01:48:19,400 alphafold2_ptm_model_4_seed_021 took 58.7s (0 recycles)
2026-04-03 01:49:18,498 alphafold2_ptm_model_5_seed_021 recycle=0 pLDDT=77.2 pTM=0.53
2026-04-03 01:49:18,506 alphafold2_ptm_model_5_seed_021 took 58.6s (0 recycles)
2026-04-03 01:50:33,470 alphafold2_ptm_model_1_seed_022 recycle=0 pLDDT=58.4 pTM=0.476
2026-04-03 01:50:33,477 alphafold2_ptm_model_1_seed_022 took 64.4s (0 recycles)
2026-04-03 01:51:37,961 alphafold2_ptm_model_2_seed_022 recycle=0 pLDDT=57.9 pTM=0.446
2026-04-03 01:51:37,968 alphafold2_ptm_model_2_seed_022 took 64.0s (0 recycles)
2026-04-03 01:52:36,701 alphafold2_ptm_model_3_seed_022 recycle=0 pLDDT=41 pTM=0.42
2026-04-03 01:52:36,712 alphafold2_ptm_model_3_seed_022 took 58.0s (0 recycles)
2026-04-03 01:53:35,368 alphafold2_ptm_model_4_seed_022 recycle=0 pLDDT=71.6 pTM=0.542
2026-04-03 01:53:35,379 alphafold2_ptm_model_4_seed_022 took 58.2s (0 recycles)
2026-04-03 01:54:33,893 alphafold2_ptm_model_5_seed_022 recycle=0 pLDDT=77.8 pTM=0.714
2026-04-03 01:54:33,903 alphafold2_ptm_model_5_seed_022 took 58.0s (0 recycles)
2026-04-03 01:55:51,256 alphafold2_ptm_model_1_seed_023 recycle=0 pLDDT=62.1 pTM=0.486
2026-04-03 01:55:51,268 alphafold2_ptm_model_1_seed_023 took 63.9s (0 recycles)
2026-04-03 01:56:55,780 alphafold2_ptm_model_2_seed_023 recycle=0 pLDDT=58.3 pTM=0.466
2026-04-03 01:56:55,792 alphafold2_ptm_model_2_seed_023 took 64.0s (0 recycles)
2026-04-03 01:57:54,450 alphafold2_ptm_model_3_seed_023 recycle=0 pLDDT=35.1 pTM=0.246
2026-04-03 01:57:54,462 alphafold2_ptm_model_3_seed_023 took 58.2s (0 recycles)
2026-04-03 01:58:52,929 alphafold2_ptm_model_4_seed_023 recycle=0 pLDDT=69.1 pTM=0.467
2026-04-03 01:58:52,937 alphafold2_ptm_model_4_seed_023 took 58.0s (0 recycles)
2026-04-03 01:59:51,707 alphafold2_ptm_model_5_seed_023 recycle=0 pLDDT=76.1 pTM=0.727
2026-04-03 01:59:51,716 alphafold2_ptm_model_5_seed_023 took 58.3s (0 recycles)
2026-04-03 02:01:06,736 alphafold2_ptm_model_1_seed_024 recycle=0 pLDDT=63.1 pTM=0.485
2026-04-03 02:01:06,744 alphafold2_ptm_model_1_seed_024 took 64.5s (0 recycles)
2026-04-03 02:02:11,941 alphafold2_ptm_model_2_seed_024 recycle=0 pLDDT=59 pTM=0.453
2026-04-03 02:02:11,951 alphafold2_ptm_model_2_seed_024 took 64.7s (0 recycles)
2026-04-03 02:03:10,898 alphafold2_ptm_model_3_seed_024 recycle=0 pLDDT=38.1 pTM=0.302
2026-04-03 02:03:10,906 alphafold2_ptm_model_3_seed_024 took 58.4s (0 recycles)
2026-04-03 02:04:09,878 alphafold2_ptm_model_4_seed_024 recycle=0 pLDDT=68.1 pTM=0.428
2026-04-03 02:04:09,886 alphafold2_ptm_model_4_seed_024 took 58.5s (0 recycles)
2026-04-03 02:05:08,848 alphafold2_ptm_model_5_seed_024 recycle=0 pLDDT=70.9 pTM=0.459
2026-04-03 02:05:08,856 alphafold2_ptm_model_5_seed_024 took 58.5s (0 recycles)
2026-04-03 02:05:09,366 reranking models by 'plddt' metric
2026-04-03 02:05:09,367 rank_001_alphafold2_ptm_model_5_seed_008 pLDDT=80.6 pTM=0.633
2026-04-03 02:05:09,369 rank_002_alphafold2_ptm_model_5_seed_006 pLDDT=77.8 pTM=0.599
2026-04-03 02:05:09,371 rank_003_alphafold2_ptm_model_5_seed_022 pLDDT=77.8 pTM=0.714
2026-04-03 02:05:09,375 rank_004_alphafold2_ptm_model_5_seed_012 pLDDT=77.3 pTM=0.589
2026-04-03 02:05:09,377 rank_005_alphafold2_ptm_model_5_seed_021 pLDDT=77.2 pTM=0.53
2026-04-03 02:05:09,379 rank_006_alphafold2_ptm_model_5_seed_019 pLDDT=77.1 pTM=0.543
2026-04-03 02:05:09,381 rank_007_alphafold2_ptm_model_5_seed_011 pLDDT=77 pTM=0.593
2026-04-03 02:05:09,383 rank_008_alphafold2_ptm_model_5_seed_023 pLDDT=76.1 pTM=0.727
2026-04-03 02:05:09,385 rank_009_alphafold2_ptm_model_4_seed_009 pLDDT=76.1 pTM=0.458
2026-04-03 02:05:09,387 rank_010_alphafold2_ptm_model_5_seed_016 pLDDT=75.6 pTM=0.556
2026-04-03 02:05:09,389 rank_011_alphafold2_ptm_model_5_seed_009 pLDDT=75.6 pTM=0.503
2026-04-03 02:05:09,391 rank_012_alphafold2_ptm_model_5_seed_004 pLDDT=75.1 pTM=0.543
2026-04-03 02:05:09,392 rank_013_alphafold2_ptm_model_5_seed_018 pLDDT=75 pTM=0.556
2026-04-03 02:05:09,394 rank_014_alphafold2_ptm_model_5_seed_000 pLDDT=74.9 pTM=0.521
2026-04-03 02:05:09,396 rank_015_alphafold2_ptm_model_4_seed_008 pLDDT=74.8 pTM=0.479
2026-04-03 02:05:09,398 rank_016_alphafold2_ptm_model_5_seed_007 pLDDT=74.4 pTM=0.507
2026-04-03 02:05:09,400 rank_017_alphafold2_ptm_model_5_seed_005 pLDDT=74.2 pTM=0.556
2026-04-03 02:05:09,401 rank_018_alphafold2_ptm_model_5_seed_017 pLDDT=73.8 pTM=0.478
2026-04-03 02:05:09,403 rank_019_alphafold2_ptm_model_5_seed_013 pLDDT=73.3 pTM=0.507
2026-04-03 02:05:09,405 rank_020_alphafold2_ptm_model_4_seed_019 pLDDT=72.8 pTM=0.482
2026-04-03 02:05:09,407 rank_021_alphafold2_ptm_model_4_seed_016 pLDDT=72.6 pTM=0.466
2026-04-03 02:05:09,409 rank_022_alphafold2_ptm_model_5_seed_001 pLDDT=72.5 pTM=0.469
2026-04-03 02:05:09,411 rank_023_alphafold2_ptm_model_5_seed_015 pLDDT=72.4 pTM=0.494
2026-04-03 02:05:09,413 rank_024_alphafold2_ptm_model_4_seed_021 pLDDT=72.3 pTM=0.471
2026-04-03 02:05:09,415 rank_025_alphafold2_ptm_model_5_seed_002 pLDDT=72.2 pTM=0.494
2026-04-03 02:05:09,419 rank_026_alphafold2_ptm_model_5_seed_010 pLDDT=72.2 pTM=0.519
2026-04-03 02:05:09,421 rank_027_alphafold2_ptm_model_4_seed_010 pLDDT=71.6 pTM=0.44
2026-04-03 02:05:09,423 rank_028_alphafold2_ptm_model_4_seed_022 pLDDT=71.6 pTM=0.542
2026-04-03 02:05:09,425 rank_029_alphafold2_ptm_model_4_seed_011 pLDDT=71.2 pTM=0.448
2026-04-03 02:05:09,427 rank_030_alphafold2_ptm_model_5_seed_024 pLDDT=70.9 pTM=0.459
2026-04-03 02:05:09,429 rank_031_alphafold2_ptm_model_5_seed_003 pLDDT=70.6 pTM=0.48
2026-04-03 02:05:09,431 rank_032_alphafold2_ptm_model_4_seed_013 pLDDT=69.9 pTM=0.451
2026-04-03 02:05:09,432 rank_033_alphafold2_ptm_model_5_seed_014 pLDDT=69.4 pTM=0.484
2026-04-03 02:05:09,434 rank_034_alphafold2_ptm_model_4_seed_000 pLDDT=69.2 pTM=0.45
2026-04-03 02:05:09,436 rank_035_alphafold2_ptm_model_4_seed_023 pLDDT=69.1 pTM=0.467
2026-04-03 02:05:09,438 rank_036_alphafold2_ptm_model_4_seed_003 pLDDT=68.9 pTM=0.458
2026-04-03 02:05:09,440 rank_037_alphafold2_ptm_model_4_seed_020 pLDDT=68.9 pTM=0.444
2026-04-03 02:05:09,442 rank_038_alphafold2_ptm_model_4_seed_012 pLDDT=68.8 pTM=0.429
2026-04-03 02:05:09,444 rank_039_alphafold2_ptm_model_4_seed_001 pLDDT=68.2 pTM=0.418
2026-04-03 02:05:09,446 rank_040_alphafold2_ptm_model_4_seed_015 pLDDT=68.2 pTM=0.462
2026-04-03 02:05:09,448 rank_041_alphafold2_ptm_model_4_seed_006 pLDDT=68.1 pTM=0.435
2026-04-03 02:05:09,450 rank_042_alphafold2_ptm_model_4_seed_024 pLDDT=68.1 pTM=0.428
2026-04-03 02:05:09,452 rank_043_alphafold2_ptm_model_4_seed_018 pLDDT=68 pTM=0.446
2026-04-03 02:05:09,453 rank_044_alphafold2_ptm_model_5_seed_020 pLDDT=67.9 pTM=0.583
2026-04-03 02:05:09,455 rank_045_alphafold2_ptm_model_4_seed_007 pLDDT=67.6 pTM=0.417
2026-04-03 02:05:09,457 rank_046_alphafold2_ptm_model_4_seed_004 pLDDT=67.1 pTM=0.428
2026-04-03 02:05:09,459 rank_047_alphafold2_ptm_model_4_seed_014 pLDDT=66.9 pTM=0.42
2026-04-03 02:05:09,461 rank_048_alphafold2_ptm_model_4_seed_005 pLDDT=66.7 pTM=0.449
2026-04-03 02:05:09,463 rank_049_alphafold2_ptm_model_1_seed_010 pLDDT=65.2 pTM=0.484
2026-04-03 02:05:09,465 rank_050_alphafold2_ptm_model_1_seed_016 pLDDT=64.8 pTM=0.49
2026-04-03 02:05:09,467 rank_051_alphafold2_ptm_model_1_seed_002 pLDDT=64.4 pTM=0.472
2026-04-03 02:05:09,469 rank_052_alphafold2_ptm_model_1_seed_001 pLDDT=64.1 pTM=0.5
2026-04-03 02:05:09,471 rank_053_alphafold2_ptm_model_1_seed_019 pLDDT=64.1 pTM=0.492
2026-04-03 02:05:09,472 rank_054_alphafold2_ptm_model_1_seed_011 pLDDT=63.7 pTM=0.475
2026-04-03 02:05:09,474 rank_055_alphafold2_ptm_model_1_seed_020 pLDDT=63.6 pTM=0.484
2026-04-03 02:05:09,476 rank_056_alphafold2_ptm_model_1_seed_013 pLDDT=63.4 pTM=0.494
2026-04-03 02:05:09,478 rank_057_alphafold2_ptm_model_4_seed_002 pLDDT=63.3 pTM=0.429
2026-04-03 02:05:09,480 rank_058_alphafold2_ptm_model_1_seed_021 pLDDT=63.3 pTM=0.482
2026-04-03 02:05:09,482 rank_059_alphafold2_ptm_model_1_seed_000 pLDDT=63.2 pTM=0.49
2026-04-03 02:05:09,484 rank_060_alphafold2_ptm_model_1_seed_024 pLDDT=63.1 pTM=0.485
2026-04-03 02:05:09,486 rank_061_alphafold2_ptm_model_1_seed_014 pLDDT=62.8 pTM=0.471
2026-04-03 02:05:09,487 rank_062_alphafold2_ptm_model_1_seed_008 pLDDT=62.5 pTM=0.474
2026-04-03 02:05:09,489 rank_063_alphafold2_ptm_model_1_seed_007 pLDDT=62.3 pTM=0.478
2026-04-03 02:05:09,491 rank_064_alphafold2_ptm_model_1_seed_004 pLDDT=62.3 pTM=0.482
2026-04-03 02:05:09,493 rank_065_alphafold2_ptm_model_1_seed_023 pLDDT=62.1 pTM=0.486
2026-04-03 02:05:09,495 rank_066_alphafold2_ptm_model_1_seed_009 pLDDT=62 pTM=0.48
2026-04-03 02:05:09,497 rank_067_alphafold2_ptm_model_1_seed_012 pLDDT=61.9 pTM=0.473
2026-04-03 02:05:09,499 rank_068_alphafold2_ptm_model_1_seed_015 pLDDT=61.8 pTM=0.478
2026-04-03 02:05:09,501 rank_069_alphafold2_ptm_model_1_seed_006 pLDDT=61.7 pTM=0.469
2026-04-03 02:05:09,503 rank_070_alphafold2_ptm_model_2_seed_000 pLDDT=61.5 pTM=0.481
2026-04-03 02:05:09,505 rank_071_alphafold2_ptm_model_1_seed_018 pLDDT=61.4 pTM=0.472
2026-04-03 02:05:09,507 rank_072_alphafold2_ptm_model_2_seed_020 pLDDT=61.3 pTM=0.475
2026-04-03 02:05:09,509 rank_073_alphafold2_ptm_model_1_seed_003 pLDDT=61.3 pTM=0.489
2026-04-03 02:05:09,511 rank_074_alphafold2_ptm_model_2_seed_011 pLDDT=61.2 pTM=0.474
2026-04-03 02:05:09,512 rank_075_alphafold2_ptm_model_2_seed_010 pLDDT=61.1 pTM=0.472
2026-04-03 02:05:09,514 rank_076_alphafold2_ptm_model_2_seed_021 pLDDT=61.1 pTM=0.458
2026-04-03 02:05:09,516 rank_077_alphafold2_ptm_model_3_seed_009 pLDDT=60.8 pTM=0.413
2026-04-03 02:05:09,518 rank_078_alphafold2_ptm_model_2_seed_019 pLDDT=60.8 pTM=0.464
2026-04-03 02:05:09,520 rank_079_alphafold2_ptm_model_2_seed_006 pLDDT=60.5 pTM=0.456
2026-04-03 02:05:09,522 rank_080_alphafold2_ptm_model_2_seed_002 pLDDT=60.5 pTM=0.47
2026-04-03 02:05:09,524 rank_081_alphafold2_ptm_model_1_seed_005 pLDDT=60.3 pTM=0.461
2026-04-03 02:05:09,526 rank_082_alphafold2_ptm_model_2_seed_016 pLDDT=60.1 pTM=0.462
2026-04-03 02:05:09,528 rank_083_alphafold2_ptm_model_2_seed_018 pLDDT=60 pTM=0.46
2026-04-03 02:05:09,530 rank_084_alphafold2_ptm_model_2_seed_013 pLDDT=59.8 pTM=0.485
2026-04-03 02:05:09,532 rank_085_alphafold2_ptm_model_2_seed_001 pLDDT=59.8 pTM=0.481
2026-04-03 02:05:09,533 rank_086_alphafold2_ptm_model_2_seed_008 pLDDT=59.7 pTM=0.445
2026-04-03 02:05:09,535 rank_087_alphafold2_ptm_model_2_seed_004 pLDDT=59.6 pTM=0.437
2026-04-03 02:05:09,537 rank_088_alphafold2_ptm_model_2_seed_003 pLDDT=59.4 pTM=0.464
2026-04-03 02:05:09,539 rank_089_alphafold2_ptm_model_1_seed_017 pLDDT=59.1 pTM=0.454
2026-04-03 02:05:09,541 rank_090_alphafold2_ptm_model_2_seed_024 pLDDT=59 pTM=0.453
2026-04-03 02:05:09,543 rank_091_alphafold2_ptm_model_2_seed_009 pLDDT=58.9 pTM=0.451
2026-04-03 02:05:09,546 rank_092_alphafold2_ptm_model_2_seed_012 pLDDT=58.5 pTM=0.442
2026-04-03 02:05:09,547 rank_093_alphafold2_ptm_model_1_seed_022 pLDDT=58.4 pTM=0.476
2026-04-03 02:05:09,549 rank_094_alphafold2_ptm_model_2_seed_023 pLDDT=58.3 pTM=0.466
2026-04-03 02:05:09,551 rank_095_alphafold2_ptm_model_2_seed_007 pLDDT=58.2 pTM=0.447
2026-04-03 02:05:09,553 rank_096_alphafold2_ptm_model_2_seed_022 pLDDT=57.9 pTM=0.446
2026-04-03 02:05:09,555 rank_097_alphafold2_ptm_model_2_seed_017 pLDDT=57.6 pTM=0.428
2026-04-03 02:05:09,557 rank_098_alphafold2_ptm_model_2_seed_005 pLDDT=57.6 pTM=0.435
2026-04-03 02:05:09,559 rank_099_alphafold2_ptm_model_2_seed_015 pLDDT=57.4 pTM=0.442
2026-04-03 02:05:09,561 rank_100_alphafold2_ptm_model_4_seed_017 pLDDT=56.7 pTM=0.371
2026-04-03 02:05:09,563 rank_101_alphafold2_ptm_model_2_seed_014 pLDDT=56.4 pTM=0.434
2026-04-03 02:05:09,565 rank_102_alphafold2_ptm_model_3_seed_000 pLDDT=55.5 pTM=0.39
2026-04-03 02:05:09,567 rank_103_alphafold2_ptm_model_3_seed_021 pLDDT=50.1 pTM=0.303
2026-04-03 02:05:09,569 rank_104_alphafold2_ptm_model_3_seed_010 pLDDT=49.7 pTM=0.333
2026-04-03 02:05:09,571 rank_105_alphafold2_ptm_model_3_seed_019 pLDDT=48.5 pTM=0.307
2026-04-03 02:05:09,573 rank_106_alphafold2_ptm_model_3_seed_006 pLDDT=45.8 pTM=0.29
2026-04-03 02:05:09,575 rank_107_alphafold2_ptm_model_3_seed_018 pLDDT=45.3 pTM=0.298
2026-04-03 02:05:09,577 rank_108_alphafold2_ptm_model_3_seed_016 pLDDT=43.4 pTM=0.299
2026-04-03 02:05:09,579 rank_109_alphafold2_ptm_model_3_seed_013 pLDDT=41 pTM=0.253
2026-04-03 02:05:09,581 rank_110_alphafold2_ptm_model_3_seed_022 pLDDT=41 pTM=0.42
2026-04-03 02:05:09,582 rank_111_alphafold2_ptm_model_3_seed_024 pLDDT=38.1 pTM=0.302
2026-04-03 02:05:09,584 rank_112_alphafold2_ptm_model_3_seed_011 pLDDT=37.6 pTM=0.292
2026-04-03 02:05:09,586 rank_113_alphafold2_ptm_model_3_seed_003 pLDDT=36 pTM=0.227
2026-04-03 02:05:09,589 rank_114_alphafold2_ptm_model_3_seed_020 pLDDT=35.9 pTM=0.639
2026-04-03 02:05:09,591 rank_115_alphafold2_ptm_model_3_seed_008 pLDDT=35.5 pTM=0.592
2026-04-03 02:05:09,593 rank_116_alphafold2_ptm_model_3_seed_014 pLDDT=35.4 pTM=0.234
2026-04-03 02:05:09,595 rank_117_alphafold2_ptm_model_3_seed_023 pLDDT=35.1 pTM=0.246
2026-04-03 02:05:09,597 rank_118_alphafold2_ptm_model_3_seed_004 pLDDT=32.7 pTM=0.196
2026-04-03 02:05:09,599 rank_119_alphafold2_ptm_model_3_seed_012 pLDDT=30 pTM=0.305
2026-04-03 02:05:09,601 rank_120_alphafold2_ptm_model_3_seed_002 pLDDT=29 pTM=0.553
2026-04-03 02:05:09,603 rank_121_alphafold2_ptm_model_3_seed_005 pLDDT=29 pTM=0.646
2026-04-03 02:05:09,606 rank_122_alphafold2_ptm_model_3_seed_007 pLDDT=28.6 pTM=0.329
2026-04-03 02:05:09,607 rank_123_alphafold2_ptm_model_3_seed_017 pLDDT=27.3 pTM=0.334
2026-04-03 02:05:09,610 rank_124_alphafold2_ptm_model_3_seed_015 pLDDT=27.1 pTM=0.292
2026-04-03 02:05:09,611 rank_125_alphafold2_ptm_model_3_seed_001 pLDDT=23.5 pTM=0.493
2026-04-03 02:05:12,981 Done
WARNING: All log messages before absl::InitializeLog() is called are written to STDERR
E0000 00:00:1775196360.630345   15366 cuda_dnn.cc:8310] Unable to register cuDNN factory: Attempting to register factory for plugin cuDNN when one has already been registered
E0000 00:00:1775196360.639162   15366 cuda_blas.cc:1418] Unable to register cuBLAS factory: Attempting to register factory for plugin cuBLAS when one has already been registered
2026-04-03 02:06:07,979 Running colabfold 1.5.5 (e2ca9e8f992cd65c986de5b64885d5572d8b8ad9)
2026-04-03 02:06:08,905 Running on GPU
2026-04-03 02:06:10,413 Found 8 citations for tools or databases
2026-04-03 02:06:36,763 Query 1/1: UvrD (length 644)
  0%|          | 0/150 [elapsed: 00:00 remaining: ?]SUBMIT:   0%|          | 0/150 [elapsed: 00:00 remaining: ?]COMPLETE:   0%|          | 0/150 [elapsed: 00:00 remaining: ?]COMPLETE: 100%|██████████| 150/150 [elapsed: 00:00 remaining: 00:00]COMPLETE: 100%|██████████| 150/150 [elapsed: 00:03 remaining: 00:00]
WARNING: All log messages before absl::InitializeLog() is called are written to STDERR
I0000 00:00:1775196426.554294   15366 mlir_graph_optimization_pass.cc:401] MLIR V1 optimization pass is not enabled
2026-04-03 02:06:51,225 Sequence 0 found templates: ['0013_A', '0039_A', '0014_A', '0040_A', '0015_A', '0016_A', '0041_A', '0017_A', '0042_A', '0018_A', '0022_A', '0046_A', '0023_A', '0024_A', '0025_A', '0026_A', '0019_A', '0027_A', '0028_A', '0029_A']
2026-04-03 02:06:56,917 Setting max_seq=16, max_extra_seq=32
2026-04-03 02:08:47,982 alphafold2_ptm_model_1_seed_000 recycle=0 pLDDT=56.3 pTM=0.407
2026-04-03 02:08:47,991 alphafold2_ptm_model_1_seed_000 took 93.0s (0 recycles)
2026-04-03 02:09:52,686 alphafold2_ptm_model_2_seed_000 recycle=0 pLDDT=53 pTM=0.385
2026-04-03 02:09:52,700 alphafold2_ptm_model_2_seed_000 took 64.2s (0 recycles)
2026-04-03 02:11:06,864 alphafold2_ptm_model_3_seed_000 recycle=0 pLDDT=55.5 pTM=0.39
2026-04-03 02:11:06,884 alphafold2_ptm_model_3_seed_000 took 73.7s (0 recycles)
2026-04-03 02:12:06,314 alphafold2_ptm_model_4_seed_000 recycle=0 pLDDT=69.2 pTM=0.45
2026-04-03 02:12:06,323 alphafold2_ptm_model_4_seed_000 took 58.6s (0 recycles)
2026-04-03 02:13:04,971 alphafold2_ptm_model_5_seed_000 recycle=0 pLDDT=74.9 pTM=0.521
2026-04-03 02:13:04,980 alphafold2_ptm_model_5_seed_000 took 58.1s (0 recycles)
2026-04-03 02:14:22,466 alphafold2_ptm_model_1_seed_001 recycle=0 pLDDT=57.3 pTM=0.399
2026-04-03 02:14:22,475 alphafold2_ptm_model_1_seed_001 took 64.1s (0 recycles)
2026-04-03 02:15:27,359 alphafold2_ptm_model_2_seed_001 recycle=0 pLDDT=54.2 pTM=0.355
2026-04-03 02:15:27,367 alphafold2_ptm_model_2_seed_001 took 64.4s (0 recycles)
2026-04-03 02:16:26,018 alphafold2_ptm_model_3_seed_001 recycle=0 pLDDT=23.5 pTM=0.493
2026-04-03 02:16:26,026 alphafold2_ptm_model_3_seed_001 took 58.1s (0 recycles)
2026-04-03 02:17:24,994 alphafold2_ptm_model_4_seed_001 recycle=0 pLDDT=68.2 pTM=0.418
2026-04-03 02:17:25,005 alphafold2_ptm_model_4_seed_001 took 58.5s (0 recycles)
2026-04-03 02:18:23,766 alphafold2_ptm_model_5_seed_001 recycle=0 pLDDT=72.5 pTM=0.469
2026-04-03 02:18:23,775 alphafold2_ptm_model_5_seed_001 took 58.2s (0 recycles)
2026-04-03 02:19:39,062 alphafold2_ptm_model_1_seed_002 recycle=0 pLDDT=56.9 pTM=0.396
2026-04-03 02:19:39,071 alphafold2_ptm_model_1_seed_002 took 64.1s (0 recycles)
2026-04-03 02:20:44,549 alphafold2_ptm_model_2_seed_002 recycle=0 pLDDT=53.2 pTM=0.392
2026-04-03 02:20:44,557 alphafold2_ptm_model_2_seed_002 took 65.0s (0 recycles)
2026-04-03 02:21:43,926 alphafold2_ptm_model_3_seed_002 recycle=0 pLDDT=29 pTM=0.553
2026-04-03 02:21:43,935 alphafold2_ptm_model_3_seed_002 took 58.9s (0 recycles)
2026-04-03 02:22:43,346 alphafold2_ptm_model_4_seed_002 recycle=0 pLDDT=63.3 pTM=0.429
2026-04-03 02:22:43,354 alphafold2_ptm_model_4_seed_002 took 58.9s (0 recycles)
2026-04-03 02:23:42,227 alphafold2_ptm_model_5_seed_002 recycle=0 pLDDT=72.2 pTM=0.494
2026-04-03 02:23:42,235 alphafold2_ptm_model_5_seed_002 took 58.4s (0 recycles)
2026-04-03 02:24:57,288 alphafold2_ptm_model_1_seed_003 recycle=0 pLDDT=56.5 pTM=0.402
2026-04-03 02:24:57,297 alphafold2_ptm_model_1_seed_003 took 64.1s (0 recycles)
2026-04-03 02:26:02,126 alphafold2_ptm_model_2_seed_003 recycle=0 pLDDT=52.2 pTM=0.367
2026-04-03 02:26:02,134 alphafold2_ptm_model_2_seed_003 took 64.3s (0 recycles)
2026-04-03 02:27:00,838 alphafold2_ptm_model_3_seed_003 recycle=0 pLDDT=36 pTM=0.227
2026-04-03 02:27:00,846 alphafold2_ptm_model_3_seed_003 took 58.2s (0 recycles)
2026-04-03 02:27:59,588 alphafold2_ptm_model_4_seed_003 recycle=0 pLDDT=68.9 pTM=0.458
2026-04-03 02:27:59,596 alphafold2_ptm_model_4_seed_003 took 58.3s (0 recycles)
2026-04-03 02:28:58,438 alphafold2_ptm_model_5_seed_003 recycle=0 pLDDT=70.6 pTM=0.48
2026-04-03 02:28:58,449 alphafold2_ptm_model_5_seed_003 took 58.4s (0 recycles)
2026-04-03 02:30:16,792 alphafold2_ptm_model_1_seed_004 recycle=0 pLDDT=55.9 pTM=0.383
2026-04-03 02:30:16,801 alphafold2_ptm_model_1_seed_004 took 64.4s (0 recycles)
2026-04-03 02:31:22,033 alphafold2_ptm_model_2_seed_004 recycle=0 pLDDT=52.7 pTM=0.364
2026-04-03 02:31:22,043 alphafold2_ptm_model_2_seed_004 took 64.7s (0 recycles)
2026-04-03 02:32:20,688 alphafold2_ptm_model_3_seed_004 recycle=0 pLDDT=32.7 pTM=0.196
2026-04-03 02:32:20,699 alphafold2_ptm_model_3_seed_004 took 58.1s (0 recycles)
2026-04-03 02:33:19,397 alphafold2_ptm_model_4_seed_004 recycle=0 pLDDT=67.1 pTM=0.428
2026-04-03 02:33:19,406 alphafold2_ptm_model_4_seed_004 took 58.2s (0 recycles)
2026-04-03 02:34:18,168 alphafold2_ptm_model_5_seed_004 recycle=0 pLDDT=75.1 pTM=0.543
2026-04-03 02:34:18,179 alphafold2_ptm_model_5_seed_004 took 58.3s (0 recycles)
2026-04-03 02:35:37,118 alphafold2_ptm_model_1_seed_005 recycle=0 pLDDT=53.9 pTM=0.383
2026-04-03 02:35:37,130 alphafold2_ptm_model_1_seed_005 took 64.4s (0 recycles)
2026-04-03 02:36:42,122 alphafold2_ptm_model_2_seed_005 recycle=0 pLDDT=51.1 pTM=0.353
2026-04-03 02:36:42,131 alphafold2_ptm_model_2_seed_005 took 64.5s (0 recycles)
2026-04-03 02:37:40,989 alphafold2_ptm_model_3_seed_005 recycle=0 pLDDT=29 pTM=0.646
2026-04-03 02:37:41,001 alphafold2_ptm_model_3_seed_005 took 58.4s (0 recycles)
2026-04-03 02:38:39,933 alphafold2_ptm_model_4_seed_005 recycle=0 pLDDT=66.7 pTM=0.449
2026-04-03 02:38:39,944 alphafold2_ptm_model_4_seed_005 took 58.4s (0 recycles)
2026-04-03 02:39:38,737 alphafold2_ptm_model_5_seed_005 recycle=0 pLDDT=74.2 pTM=0.556
2026-04-03 02:39:38,746 alphafold2_ptm_model_5_seed_005 took 58.3s (0 recycles)
2026-04-03 02:40:54,082 alphafold2_ptm_model_1_seed_006 recycle=0 pLDDT=55.7 pTM=0.396
2026-04-03 02:40:54,093 alphafold2_ptm_model_1_seed_006 took 64.2s (0 recycles)
2026-04-03 02:41:59,103 alphafold2_ptm_model_2_seed_006 recycle=0 pLDDT=53.4 pTM=0.367
2026-04-03 02:41:59,114 alphafold2_ptm_model_2_seed_006 took 64.5s (0 recycles)
2026-04-03 02:42:58,331 alphafold2_ptm_model_3_seed_006 recycle=0 pLDDT=45.8 pTM=0.29
2026-04-03 02:42:58,344 alphafold2_ptm_model_3_seed_006 took 58.7s (0 recycles)
2026-04-03 02:43:57,100 alphafold2_ptm_model_4_seed_006 recycle=0 pLDDT=68.1 pTM=0.435
2026-04-03 02:43:57,111 alphafold2_ptm_model_4_seed_006 took 58.2s (0 recycles)
2026-04-03 02:44:55,818 alphafold2_ptm_model_5_seed_006 recycle=0 pLDDT=77.8 pTM=0.599
2026-04-03 02:44:55,829 alphafold2_ptm_model_5_seed_006 took 58.2s (0 recycles)
2026-04-03 02:46:14,356 alphafold2_ptm_model_1_seed_007 recycle=0 pLDDT=57.1 pTM=0.388
2026-04-03 02:46:14,367 alphafold2_ptm_model_1_seed_007 took 64.3s (0 recycles)
2026-04-03 02:47:19,181 alphafold2_ptm_model_2_seed_007 recycle=0 pLDDT=52.8 pTM=0.356
2026-04-03 02:47:19,193 alphafold2_ptm_model_2_seed_007 took 64.3s (0 recycles)
2026-04-03 02:48:17,924 alphafold2_ptm_model_3_seed_007 recycle=0 pLDDT=28.6 pTM=0.329
2026-04-03 02:48:17,935 alphafold2_ptm_model_3_seed_007 took 58.2s (0 recycles)
2026-04-03 02:49:16,697 alphafold2_ptm_model_4_seed_007 recycle=0 pLDDT=67.6 pTM=0.417
2026-04-03 02:49:16,708 alphafold2_ptm_model_4_seed_007 took 58.3s (0 recycles)
2026-04-03 02:50:15,832 alphafold2_ptm_model_5_seed_007 recycle=0 pLDDT=74.4 pTM=0.507
2026-04-03 02:50:15,843 alphafold2_ptm_model_5_seed_007 took 58.5s (0 recycles)
2026-04-03 02:51:34,571 alphafold2_ptm_model_1_seed_008 recycle=0 pLDDT=55.2 pTM=0.415
2026-04-03 02:51:34,581 alphafold2_ptm_model_1_seed_008 took 64.4s (0 recycles)
2026-04-03 02:52:39,606 alphafold2_ptm_model_2_seed_008 recycle=0 pLDDT=52.9 pTM=0.36
2026-04-03 02:52:39,615 alphafold2_ptm_model_2_seed_008 took 64.3s (0 recycles)
2026-04-03 02:53:38,352 alphafold2_ptm_model_3_seed_008 recycle=0 pLDDT=35.5 pTM=0.592
2026-04-03 02:53:38,363 alphafold2_ptm_model_3_seed_008 took 58.2s (0 recycles)
2026-04-03 02:54:37,057 alphafold2_ptm_model_4_seed_008 recycle=0 pLDDT=74.8 pTM=0.479
2026-04-03 02:54:37,066 alphafold2_ptm_model_4_seed_008 took 58.2s (0 recycles)
2026-04-03 02:55:36,206 alphafold2_ptm_model_5_seed_008 recycle=0 pLDDT=80.6 pTM=0.633
2026-04-03 02:55:36,219 alphafold2_ptm_model_5_seed_008 took 58.4s (0 recycles)
2026-04-03 02:56:51,658 alphafold2_ptm_model_1_seed_009 recycle=0 pLDDT=56.3 pTM=0.392
2026-04-03 02:56:51,669 alphafold2_ptm_model_1_seed_009 took 64.4s (0 recycles)
2026-04-03 02:57:57,110 alphafold2_ptm_model_2_seed_009 recycle=0 pLDDT=52.3 pTM=0.368
2026-04-03 02:57:57,119 alphafold2_ptm_model_2_seed_009 took 64.9s (0 recycles)
2026-04-03 02:58:56,243 alphafold2_ptm_model_3_seed_009 recycle=0 pLDDT=60.8 pTM=0.413
2026-04-03 02:58:56,255 alphafold2_ptm_model_3_seed_009 took 58.6s (0 recycles)
2026-04-03 02:59:55,615 alphafold2_ptm_model_4_seed_009 recycle=0 pLDDT=76.1 pTM=0.458
2026-04-03 02:59:55,630 alphafold2_ptm_model_4_seed_009 took 58.7s (0 recycles)
2026-04-03 03:00:54,928 alphafold2_ptm_model_5_seed_009 recycle=0 pLDDT=75.6 pTM=0.503
2026-04-03 03:00:54,937 alphafold2_ptm_model_5_seed_009 took 58.7s (0 recycles)
2026-04-03 03:02:10,265 alphafold2_ptm_model_1_seed_010 recycle=0 pLDDT=59.3 pTM=0.407
2026-04-03 03:02:10,275 alphafold2_ptm_model_1_seed_010 took 64.3s (0 recycles)
2026-04-03 03:03:15,388 alphafold2_ptm_model_2_seed_010 recycle=0 pLDDT=53.1 pTM=0.365
2026-04-03 03:03:15,406 alphafold2_ptm_model_2_seed_010 took 64.4s (0 recycles)
2026-04-03 03:04:14,464 alphafold2_ptm_model_3_seed_010 recycle=0 pLDDT=49.7 pTM=0.333
2026-04-03 03:04:14,472 alphafold2_ptm_model_3_seed_010 took 58.3s (0 recycles)
2026-04-03 03:05:13,821 alphafold2_ptm_model_4_seed_010 recycle=0 pLDDT=71.6 pTM=0.44
2026-04-03 03:05:13,834 alphafold2_ptm_model_4_seed_010 took 58.7s (0 recycles)
2026-04-03 03:06:12,860 alphafold2_ptm_model_5_seed_010 recycle=0 pLDDT=72.2 pTM=0.519
2026-04-03 03:06:12,872 alphafold2_ptm_model_5_seed_010 took 58.5s (0 recycles)
2026-04-03 03:07:31,688 alphafold2_ptm_model_1_seed_011 recycle=0 pLDDT=58.2 pTM=0.41
2026-04-03 03:07:31,696 alphafold2_ptm_model_1_seed_011 took 65.0s (0 recycles)
2026-04-03 03:08:37,344 alphafold2_ptm_model_2_seed_011 recycle=0 pLDDT=53.4 pTM=0.378
2026-04-03 03:08:37,353 alphafold2_ptm_model_2_seed_011 took 65.1s (0 recycles)
2026-04-03 03:09:36,273 alphafold2_ptm_model_3_seed_011 recycle=0 pLDDT=37.6 pTM=0.292
2026-04-03 03:09:36,282 alphafold2_ptm_model_3_seed_011 took 58.4s (0 recycles)
2026-04-03 03:10:35,232 alphafold2_ptm_model_4_seed_011 recycle=0 pLDDT=71.2 pTM=0.448
2026-04-03 03:10:35,244 alphafold2_ptm_model_4_seed_011 took 58.5s (0 recycles)
2026-04-03 03:11:34,166 alphafold2_ptm_model_5_seed_011 recycle=0 pLDDT=77 pTM=0.593
2026-04-03 03:11:34,175 alphafold2_ptm_model_5_seed_011 took 58.4s (0 recycles)
2026-04-03 03:12:52,587 alphafold2_ptm_model_1_seed_012 recycle=0 pLDDT=56.1 pTM=0.405
2026-04-03 03:12:52,596 alphafold2_ptm_model_1_seed_012 took 64.4s (0 recycles)
2026-04-03 03:13:58,097 alphafold2_ptm_model_2_seed_012 recycle=0 pLDDT=51.4 pTM=0.371
2026-04-03 03:13:58,105 alphafold2_ptm_model_2_seed_012 took 64.8s (0 recycles)
2026-04-03 03:14:57,328 alphafold2_ptm_model_3_seed_012 recycle=0 pLDDT=30 pTM=0.305
2026-04-03 03:14:57,339 alphafold2_ptm_model_3_seed_012 took 58.7s (0 recycles)
2026-04-03 03:15:56,873 alphafold2_ptm_model_4_seed_012 recycle=0 pLDDT=68.8 pTM=0.429
2026-04-03 03:15:56,881 alphafold2_ptm_model_4_seed_012 took 58.8s (0 recycles)
2026-04-03 03:16:55,860 alphafold2_ptm_model_5_seed_012 recycle=0 pLDDT=77.3 pTM=0.589
2026-04-03 03:16:55,869 alphafold2_ptm_model_5_seed_012 took 58.5s (0 recycles)
2026-04-03 03:18:12,024 alphafold2_ptm_model_1_seed_013 recycle=0 pLDDT=55.9 pTM=0.385
2026-04-03 03:18:12,036 alphafold2_ptm_model_1_seed_013 took 64.4s (0 recycles)
2026-04-03 03:19:16,930 alphafold2_ptm_model_2_seed_013 recycle=0 pLDDT=52.1 pTM=0.362
2026-04-03 03:19:16,937 alphafold2_ptm_model_2_seed_013 took 64.3s (0 recycles)
2026-04-03 03:20:15,667 alphafold2_ptm_model_3_seed_013 recycle=0 pLDDT=41 pTM=0.253
2026-04-03 03:20:15,675 alphafold2_ptm_model_3_seed_013 took 58.2s (0 recycles)
2026-04-03 03:21:14,432 alphafold2_ptm_model_4_seed_013 recycle=0 pLDDT=69.9 pTM=0.451
2026-04-03 03:21:14,440 alphafold2_ptm_model_4_seed_013 took 58.3s (0 recycles)
2026-04-03 03:22:12,921 alphafold2_ptm_model_5_seed_013 recycle=0 pLDDT=73.3 pTM=0.507
2026-04-03 03:22:12,929 alphafold2_ptm_model_5_seed_013 took 58.0s (0 recycles)
2026-04-03 03:23:27,931 alphafold2_ptm_model_1_seed_014 recycle=0 pLDDT=56.9 pTM=0.393
2026-04-03 03:23:27,939 alphafold2_ptm_model_1_seed_014 took 64.4s (0 recycles)
2026-04-03 03:24:32,735 alphafold2_ptm_model_2_seed_014 recycle=0 pLDDT=51.2 pTM=0.351
2026-04-03 03:24:32,743 alphafold2_ptm_model_2_seed_014 took 64.1s (0 recycles)
2026-04-03 03:25:31,306 alphafold2_ptm_model_3_seed_014 recycle=0 pLDDT=35.4 pTM=0.234
2026-04-03 03:25:31,313 alphafold2_ptm_model_3_seed_014 took 58.1s (0 recycles)
2026-04-03 03:26:30,030 alphafold2_ptm_model_4_seed_014 recycle=0 pLDDT=66.9 pTM=0.42
2026-04-03 03:26:30,037 alphafold2_ptm_model_4_seed_014 took 58.2s (0 recycles)
2026-04-03 03:27:28,775 alphafold2_ptm_model_5_seed_014 recycle=0 pLDDT=69.4 pTM=0.484
2026-04-03 03:27:28,782 alphafold2_ptm_model_5_seed_014 took 58.2s (0 recycles)
2026-04-03 03:28:43,589 alphafold2_ptm_model_1_seed_015 recycle=0 pLDDT=56.6 pTM=0.391
2026-04-03 03:28:43,596 alphafold2_ptm_model_1_seed_015 took 64.1s (0 recycles)
2026-04-03 03:29:48,381 alphafold2_ptm_model_2_seed_015 recycle=0 pLDDT=50.5 pTM=0.354
2026-04-03 03:29:48,389 alphafold2_ptm_model_2_seed_015 took 64.1s (0 recycles)
2026-04-03 03:30:46,842 alphafold2_ptm_model_3_seed_015 recycle=0 pLDDT=27.1 pTM=0.292
2026-04-03 03:30:46,850 alphafold2_ptm_model_3_seed_015 took 58.0s (0 recycles)
2026-04-03 03:31:45,590 alphafold2_ptm_model_4_seed_015 recycle=0 pLDDT=68.2 pTM=0.462
2026-04-03 03:31:45,599 alphafold2_ptm_model_4_seed_015 took 58.3s (0 recycles)
2026-04-03 03:32:44,140 alphafold2_ptm_model_5_seed_015 recycle=0 pLDDT=72.4 pTM=0.494
2026-04-03 03:32:44,147 alphafold2_ptm_model_5_seed_015 took 58.0s (0 recycles)
2026-04-03 03:33:58,832 alphafold2_ptm_model_1_seed_016 recycle=0 pLDDT=57.6 pTM=0.402
2026-04-03 03:33:58,839 alphafold2_ptm_model_1_seed_016 took 64.1s (0 recycles)
2026-04-03 03:35:03,600 alphafold2_ptm_model_2_seed_016 recycle=0 pLDDT=54.3 pTM=0.379
2026-04-03 03:35:03,607 alphafold2_ptm_model_2_seed_016 took 64.3s (0 recycles)
2026-04-03 03:36:02,348 alphafold2_ptm_model_3_seed_016 recycle=0 pLDDT=43.4 pTM=0.299
2026-04-03 03:36:02,356 alphafold2_ptm_model_3_seed_016 took 58.3s (0 recycles)
2026-04-03 03:37:00,968 alphafold2_ptm_model_4_seed_016 recycle=0 pLDDT=72.6 pTM=0.466
2026-04-03 03:37:00,976 alphafold2_ptm_model_4_seed_016 took 58.1s (0 recycles)
2026-04-03 03:37:59,692 alphafold2_ptm_model_5_seed_016 recycle=0 pLDDT=75.6 pTM=0.556
2026-04-03 03:37:59,699 alphafold2_ptm_model_5_seed_016 took 58.2s (0 recycles)
2026-04-03 03:39:16,638 alphafold2_ptm_model_1_seed_017 recycle=0 pLDDT=53.3 pTM=0.39
2026-04-03 03:39:16,647 alphafold2_ptm_model_1_seed_017 took 64.8s (0 recycles)
2026-04-03 03:40:22,274 alphafold2_ptm_model_2_seed_017 recycle=0 pLDDT=51.4 pTM=0.348
2026-04-03 03:40:22,282 alphafold2_ptm_model_2_seed_017 took 65.1s (0 recycles)
2026-04-03 03:41:21,755 alphafold2_ptm_model_3_seed_017 recycle=0 pLDDT=27.3 pTM=0.334
2026-04-03 03:41:21,763 alphafold2_ptm_model_3_seed_017 took 59.0s (0 recycles)
2026-04-03 03:42:21,283 alphafold2_ptm_model_4_seed_017 recycle=0 pLDDT=56.7 pTM=0.371
2026-04-03 03:42:21,292 alphafold2_ptm_model_4_seed_017 took 59.0s (0 recycles)
2026-04-03 03:43:20,218 alphafold2_ptm_model_5_seed_017 recycle=0 pLDDT=73.8 pTM=0.478
2026-04-03 03:43:20,230 alphafold2_ptm_model_5_seed_017 took 58.4s (0 recycles)
2026-04-03 03:44:38,491 alphafold2_ptm_model_1_seed_018 recycle=0 pLDDT=56.3 pTM=0.402
2026-04-03 03:44:38,499 alphafold2_ptm_model_1_seed_018 took 64.1s (0 recycles)
2026-04-03 03:45:43,087 alphafold2_ptm_model_2_seed_018 recycle=0 pLDDT=52 pTM=0.368
2026-04-03 03:45:43,095 alphafold2_ptm_model_2_seed_018 took 64.1s (0 recycles)
2026-04-03 03:46:41,690 alphafold2_ptm_model_3_seed_018 recycle=0 pLDDT=45.3 pTM=0.298
2026-04-03 03:46:41,698 alphafold2_ptm_model_3_seed_018 took 58.1s (0 recycles)
2026-04-03 03:47:40,331 alphafold2_ptm_model_4_seed_018 recycle=0 pLDDT=68 pTM=0.446
2026-04-03 03:47:40,339 alphafold2_ptm_model_4_seed_018 took 58.1s (0 recycles)
2026-04-03 03:48:39,006 alphafold2_ptm_model_5_seed_018 recycle=0 pLDDT=75 pTM=0.556
2026-04-03 03:48:39,015 alphafold2_ptm_model_5_seed_018 took 58.2s (0 recycles)
2026-04-03 03:49:53,997 alphafold2_ptm_model_1_seed_019 recycle=0 pLDDT=58 pTM=0.409
2026-04-03 03:49:54,005 alphafold2_ptm_model_1_seed_019 took 64.1s (0 recycles)
2026-04-03 03:50:59,054 alphafold2_ptm_model_2_seed_019 recycle=0 pLDDT=53.5 pTM=0.374
2026-04-03 03:50:59,067 alphafold2_ptm_model_2_seed_019 took 64.6s (0 recycles)
2026-04-03 03:51:57,642 alphafold2_ptm_model_3_seed_019 recycle=0 pLDDT=48.5 pTM=0.307
2026-04-03 03:51:57,650 alphafold2_ptm_model_3_seed_019 took 58.0s (0 recycles)
2026-04-03 03:52:56,156 alphafold2_ptm_model_4_seed_019 recycle=0 pLDDT=72.8 pTM=0.482
2026-04-03 03:52:56,165 alphafold2_ptm_model_4_seed_019 took 58.0s (0 recycles)
2026-04-03 03:53:54,682 alphafold2_ptm_model_5_seed_019 recycle=0 pLDDT=77.1 pTM=0.543
2026-04-03 03:53:54,690 alphafold2_ptm_model_5_seed_019 took 58.0s (0 recycles)
2026-04-03 03:55:09,634 alphafold2_ptm_model_1_seed_020 recycle=0 pLDDT=58.2 pTM=0.408
2026-04-03 03:55:09,643 alphafold2_ptm_model_1_seed_020 took 64.1s (0 recycles)
2026-04-03 03:56:14,910 alphafold2_ptm_model_2_seed_020 recycle=0 pLDDT=53.6 pTM=0.37
2026-04-03 03:56:14,918 alphafold2_ptm_model_2_seed_020 took 64.8s (0 recycles)
2026-04-03 03:57:14,223 alphafold2_ptm_model_3_seed_020 recycle=0 pLDDT=35.9 pTM=0.639
2026-04-03 03:57:14,232 alphafold2_ptm_model_3_seed_020 took 58.8s (0 recycles)
2026-04-03 03:58:13,573 alphafold2_ptm_model_4_seed_020 recycle=0 pLDDT=68.9 pTM=0.444
2026-04-03 03:58:13,581 alphafold2_ptm_model_4_seed_020 took 58.8s (0 recycles)
2026-04-03 03:59:12,755 alphafold2_ptm_model_5_seed_020 recycle=0 pLDDT=67.9 pTM=0.583
2026-04-03 03:59:12,764 alphafold2_ptm_model_5_seed_020 took 58.7s (0 recycles)
2026-04-03 04:00:28,425 alphafold2_ptm_model_1_seed_021 recycle=0 pLDDT=58.2 pTM=0.388
2026-04-03 04:00:28,433 alphafold2_ptm_model_1_seed_021 took 64.7s (0 recycles)
2026-04-03 04:01:33,667 alphafold2_ptm_model_2_seed_021 recycle=0 pLDDT=53.4 pTM=0.361
2026-04-03 04:01:33,676 alphafold2_ptm_model_2_seed_021 took 64.7s (0 recycles)
2026-04-03 04:02:32,838 alphafold2_ptm_model_3_seed_021 recycle=0 pLDDT=50.1 pTM=0.303
2026-04-03 04:02:32,847 alphafold2_ptm_model_3_seed_021 took 58.7s (0 recycles)
2026-04-03 04:03:32,034 alphafold2_ptm_model_4_seed_021 recycle=0 pLDDT=72.3 pTM=0.471
2026-04-03 04:03:32,042 alphafold2_ptm_model_4_seed_021 took 58.7s (0 recycles)
2026-04-03 04:04:31,184 alphafold2_ptm_model_5_seed_021 recycle=0 pLDDT=77.2 pTM=0.53
2026-04-03 04:04:31,192 alphafold2_ptm_model_5_seed_021 took 58.6s (0 recycles)
2026-04-03 04:05:46,806 alphafold2_ptm_model_1_seed_022 recycle=0 pLDDT=51.1 pTM=0.389
2026-04-03 04:05:46,814 alphafold2_ptm_model_1_seed_022 took 64.7s (0 recycles)
2026-04-03 04:06:51,512 alphafold2_ptm_model_2_seed_022 recycle=0 pLDDT=51.3 pTM=0.36
2026-04-03 04:06:51,523 alphafold2_ptm_model_2_seed_022 took 64.2s (0 recycles)
2026-04-03 04:07:49,988 alphafold2_ptm_model_3_seed_022 recycle=0 pLDDT=41 pTM=0.42
2026-04-03 04:07:49,996 alphafold2_ptm_model_3_seed_022 took 58.0s (0 recycles)
2026-04-03 04:08:48,450 alphafold2_ptm_model_4_seed_022 recycle=0 pLDDT=71.6 pTM=0.542
2026-04-03 04:08:48,458 alphafold2_ptm_model_4_seed_022 took 58.0s (0 recycles)
2026-04-03 04:09:47,078 alphafold2_ptm_model_5_seed_022 recycle=0 pLDDT=77.8 pTM=0.714
2026-04-03 04:09:47,086 alphafold2_ptm_model_5_seed_022 took 57.9s (0 recycles)
2026-04-03 04:11:01,961 alphafold2_ptm_model_1_seed_023 recycle=0 pLDDT=55.7 pTM=0.388
2026-04-03 04:11:01,969 alphafold2_ptm_model_1_seed_023 took 64.0s (0 recycles)
2026-04-03 04:12:06,532 alphafold2_ptm_model_2_seed_023 recycle=0 pLDDT=51.5 pTM=0.365
2026-04-03 04:12:06,540 alphafold2_ptm_model_2_seed_023 took 64.1s (0 recycles)
2026-04-03 04:13:04,954 alphafold2_ptm_model_3_seed_023 recycle=0 pLDDT=35.1 pTM=0.246
2026-04-03 04:13:04,962 alphafold2_ptm_model_3_seed_023 took 57.9s (0 recycles)
2026-04-03 04:14:03,397 alphafold2_ptm_model_4_seed_023 recycle=0 pLDDT=69.1 pTM=0.467
2026-04-03 04:14:03,405 alphafold2_ptm_model_4_seed_023 took 57.9s (0 recycles)
2026-04-03 04:15:01,838 alphafold2_ptm_model_5_seed_023 recycle=0 pLDDT=76.1 pTM=0.727
2026-04-03 04:15:01,846 alphafold2_ptm_model_5_seed_023 took 57.9s (0 recycles)
2026-04-03 04:16:16,563 alphafold2_ptm_model_1_seed_024 recycle=0 pLDDT=56.5 pTM=0.39
2026-04-03 04:16:16,571 alphafold2_ptm_model_1_seed_024 took 64.1s (0 recycles)
2026-04-03 04:17:21,100 alphafold2_ptm_model_2_seed_024 recycle=0 pLDDT=50.9 pTM=0.361
2026-04-03 04:17:21,108 alphafold2_ptm_model_2_seed_024 took 64.0s (0 recycles)
2026-04-03 04:18:19,523 alphafold2_ptm_model_3_seed_024 recycle=0 pLDDT=38.1 pTM=0.302
2026-04-03 04:18:19,531 alphafold2_ptm_model_3_seed_024 took 57.9s (0 recycles)
2026-04-03 04:19:17,981 alphafold2_ptm_model_4_seed_024 recycle=0 pLDDT=68.1 pTM=0.428
2026-04-03 04:19:17,989 alphafold2_ptm_model_4_seed_024 took 58.0s (0 recycles)
2026-04-03 04:20:16,424 alphafold2_ptm_model_5_seed_024 recycle=0 pLDDT=70.9 pTM=0.459
2026-04-03 04:20:16,432 alphafold2_ptm_model_5_seed_024 took 57.9s (0 recycles)
2026-04-03 04:20:16,929 reranking models by 'plddt' metric
2026-04-03 04:20:16,929 rank_001_alphafold2_ptm_model_5_seed_008 pLDDT=80.6 pTM=0.633
2026-04-03 04:20:16,931 rank_002_alphafold2_ptm_model_5_seed_006 pLDDT=77.8 pTM=0.599
2026-04-03 04:20:16,933 rank_003_alphafold2_ptm_model_5_seed_022 pLDDT=77.8 pTM=0.714
2026-04-03 04:20:16,935 rank_004_alphafold2_ptm_model_5_seed_012 pLDDT=77.3 pTM=0.589
2026-04-03 04:20:16,938 rank_005_alphafold2_ptm_model_5_seed_021 pLDDT=77.2 pTM=0.53
2026-04-03 04:20:16,940 rank_006_alphafold2_ptm_model_5_seed_019 pLDDT=77.1 pTM=0.543
2026-04-03 04:20:16,942 rank_007_alphafold2_ptm_model_5_seed_011 pLDDT=77 pTM=0.593
2026-04-03 04:20:16,944 rank_008_alphafold2_ptm_model_5_seed_023 pLDDT=76.1 pTM=0.727
2026-04-03 04:20:16,946 rank_009_alphafold2_ptm_model_4_seed_009 pLDDT=76.1 pTM=0.458
2026-04-03 04:20:16,948 rank_010_alphafold2_ptm_model_5_seed_016 pLDDT=75.6 pTM=0.556
2026-04-03 04:20:16,950 rank_011_alphafold2_ptm_model_5_seed_009 pLDDT=75.6 pTM=0.503
2026-04-03 04:20:16,952 rank_012_alphafold2_ptm_model_5_seed_004 pLDDT=75.1 pTM=0.543
2026-04-03 04:20:16,954 rank_013_alphafold2_ptm_model_5_seed_018 pLDDT=75 pTM=0.556
2026-04-03 04:20:16,956 rank_014_alphafold2_ptm_model_5_seed_000 pLDDT=74.9 pTM=0.521
2026-04-03 04:20:16,958 rank_015_alphafold2_ptm_model_4_seed_008 pLDDT=74.8 pTM=0.479
2026-04-03 04:20:16,960 rank_016_alphafold2_ptm_model_5_seed_007 pLDDT=74.4 pTM=0.507
2026-04-03 04:20:16,962 rank_017_alphafold2_ptm_model_5_seed_005 pLDDT=74.2 pTM=0.556
2026-04-03 04:20:16,964 rank_018_alphafold2_ptm_model_5_seed_017 pLDDT=73.8 pTM=0.478
2026-04-03 04:20:16,966 rank_019_alphafold2_ptm_model_5_seed_013 pLDDT=73.3 pTM=0.507
2026-04-03 04:20:16,968 rank_020_alphafold2_ptm_model_4_seed_019 pLDDT=72.8 pTM=0.482
2026-04-03 04:20:16,970 rank_021_alphafold2_ptm_model_4_seed_016 pLDDT=72.6 pTM=0.466
2026-04-03 04:20:16,972 rank_022_alphafold2_ptm_model_5_seed_001 pLDDT=72.5 pTM=0.469
2026-04-03 04:20:16,975 rank_023_alphafold2_ptm_model_5_seed_015 pLDDT=72.4 pTM=0.494
2026-04-03 04:20:16,977 rank_024_alphafold2_ptm_model_4_seed_021 pLDDT=72.3 pTM=0.471
2026-04-03 04:20:16,979 rank_025_alphafold2_ptm_model_5_seed_010 pLDDT=72.2 pTM=0.519
2026-04-03 04:20:16,986 rank_026_alphafold2_ptm_model_5_seed_002 pLDDT=72.2 pTM=0.494
2026-04-03 04:20:16,988 rank_027_alphafold2_ptm_model_4_seed_010 pLDDT=71.6 pTM=0.44
2026-04-03 04:20:16,990 rank_028_alphafold2_ptm_model_4_seed_022 pLDDT=71.6 pTM=0.542
2026-04-03 04:20:16,992 rank_029_alphafold2_ptm_model_4_seed_011 pLDDT=71.2 pTM=0.448
2026-04-03 04:20:16,994 rank_030_alphafold2_ptm_model_5_seed_024 pLDDT=70.9 pTM=0.459
2026-04-03 04:20:16,996 rank_031_alphafold2_ptm_model_5_seed_003 pLDDT=70.6 pTM=0.48
2026-04-03 04:20:16,998 rank_032_alphafold2_ptm_model_4_seed_013 pLDDT=69.9 pTM=0.451
2026-04-03 04:20:17,000 rank_033_alphafold2_ptm_model_5_seed_014 pLDDT=69.4 pTM=0.484
2026-04-03 04:20:17,002 rank_034_alphafold2_ptm_model_4_seed_000 pLDDT=69.2 pTM=0.45
2026-04-03 04:20:17,004 rank_035_alphafold2_ptm_model_4_seed_023 pLDDT=69.1 pTM=0.467
2026-04-03 04:20:17,007 rank_036_alphafold2_ptm_model_4_seed_020 pLDDT=68.9 pTM=0.444
2026-04-03 04:20:17,009 rank_037_alphafold2_ptm_model_4_seed_003 pLDDT=68.9 pTM=0.458
2026-04-03 04:20:17,011 rank_038_alphafold2_ptm_model_4_seed_012 pLDDT=68.8 pTM=0.429
2026-04-03 04:20:17,013 rank_039_alphafold2_ptm_model_4_seed_001 pLDDT=68.2 pTM=0.418
2026-04-03 04:20:17,015 rank_040_alphafold2_ptm_model_4_seed_015 pLDDT=68.2 pTM=0.462
2026-04-03 04:20:17,017 rank_041_alphafold2_ptm_model_4_seed_006 pLDDT=68.1 pTM=0.435
2026-04-03 04:20:17,019 rank_042_alphafold2_ptm_model_4_seed_024 pLDDT=68.1 pTM=0.428
2026-04-03 04:20:17,022 rank_043_alphafold2_ptm_model_4_seed_018 pLDDT=68 pTM=0.446
2026-04-03 04:20:17,024 rank_044_alphafold2_ptm_model_5_seed_020 pLDDT=67.9 pTM=0.583
2026-04-03 04:20:17,026 rank_045_alphafold2_ptm_model_4_seed_007 pLDDT=67.6 pTM=0.417
2026-04-03 04:20:17,028 rank_046_alphafold2_ptm_model_4_seed_004 pLDDT=67.1 pTM=0.428
2026-04-03 04:20:17,029 rank_047_alphafold2_ptm_model_4_seed_014 pLDDT=66.9 pTM=0.42
2026-04-03 04:20:17,032 rank_048_alphafold2_ptm_model_4_seed_005 pLDDT=66.7 pTM=0.449
2026-04-03 04:20:17,034 rank_049_alphafold2_ptm_model_4_seed_002 pLDDT=63.3 pTM=0.429
2026-04-03 04:20:17,036 rank_050_alphafold2_ptm_model_3_seed_009 pLDDT=60.8 pTM=0.413
2026-04-03 04:20:17,038 rank_051_alphafold2_ptm_model_1_seed_010 pLDDT=59.3 pTM=0.407
2026-04-03 04:20:17,040 rank_052_alphafold2_ptm_model_1_seed_021 pLDDT=58.2 pTM=0.388
2026-04-03 04:20:17,042 rank_053_alphafold2_ptm_model_1_seed_011 pLDDT=58.2 pTM=0.41
2026-04-03 04:20:17,045 rank_054_alphafold2_ptm_model_1_seed_020 pLDDT=58.2 pTM=0.408
2026-04-03 04:20:17,047 rank_055_alphafold2_ptm_model_1_seed_019 pLDDT=58 pTM=0.409
2026-04-03 04:20:17,049 rank_056_alphafold2_ptm_model_1_seed_016 pLDDT=57.6 pTM=0.402
2026-04-03 04:20:17,051 rank_057_alphafold2_ptm_model_1_seed_001 pLDDT=57.3 pTM=0.399
2026-04-03 04:20:17,053 rank_058_alphafold2_ptm_model_1_seed_007 pLDDT=57.1 pTM=0.388
2026-04-03 04:20:17,055 rank_059_alphafold2_ptm_model_1_seed_002 pLDDT=56.9 pTM=0.396
2026-04-03 04:20:17,057 rank_060_alphafold2_ptm_model_1_seed_014 pLDDT=56.9 pTM=0.393
2026-04-03 04:20:17,059 rank_061_alphafold2_ptm_model_4_seed_017 pLDDT=56.7 pTM=0.371
2026-04-03 04:20:17,061 rank_062_alphafold2_ptm_model_1_seed_015 pLDDT=56.6 pTM=0.391
2026-04-03 04:20:17,064 rank_063_alphafold2_ptm_model_1_seed_024 pLDDT=56.5 pTM=0.39
2026-04-03 04:20:17,066 rank_064_alphafold2_ptm_model_1_seed_003 pLDDT=56.5 pTM=0.402
2026-04-03 04:20:17,068 rank_065_alphafold2_ptm_model_1_seed_009 pLDDT=56.3 pTM=0.392
2026-04-03 04:20:17,070 rank_066_alphafold2_ptm_model_1_seed_000 pLDDT=56.3 pTM=0.407
2026-04-03 04:20:17,073 rank_067_alphafold2_ptm_model_1_seed_018 pLDDT=56.3 pTM=0.402
2026-04-03 04:20:17,075 rank_068_alphafold2_ptm_model_1_seed_012 pLDDT=56.1 pTM=0.405
2026-04-03 04:20:17,077 rank_069_alphafold2_ptm_model_1_seed_013 pLDDT=55.9 pTM=0.385
2026-04-03 04:20:17,079 rank_070_alphafold2_ptm_model_1_seed_004 pLDDT=55.9 pTM=0.383
2026-04-03 04:20:17,081 rank_071_alphafold2_ptm_model_1_seed_006 pLDDT=55.7 pTM=0.396
2026-04-03 04:20:17,083 rank_072_alphafold2_ptm_model_1_seed_023 pLDDT=55.7 pTM=0.388
2026-04-03 04:20:17,085 rank_073_alphafold2_ptm_model_3_seed_000 pLDDT=55.5 pTM=0.39
2026-04-03 04:20:17,088 rank_074_alphafold2_ptm_model_1_seed_008 pLDDT=55.2 pTM=0.415
2026-04-03 04:20:17,090 rank_075_alphafold2_ptm_model_2_seed_016 pLDDT=54.3 pTM=0.379
2026-04-03 04:20:17,092 rank_076_alphafold2_ptm_model_2_seed_001 pLDDT=54.2 pTM=0.355
2026-04-03 04:20:17,094 rank_077_alphafold2_ptm_model_1_seed_005 pLDDT=53.9 pTM=0.383
2026-04-03 04:20:17,097 rank_078_alphafold2_ptm_model_2_seed_020 pLDDT=53.6 pTM=0.37
2026-04-03 04:20:17,099 rank_079_alphafold2_ptm_model_2_seed_019 pLDDT=53.5 pTM=0.374
2026-04-03 04:20:17,101 rank_080_alphafold2_ptm_model_2_seed_006 pLDDT=53.4 pTM=0.367
2026-04-03 04:20:17,103 rank_081_alphafold2_ptm_model_2_seed_021 pLDDT=53.4 pTM=0.361
2026-04-03 04:20:17,105 rank_082_alphafold2_ptm_model_2_seed_011 pLDDT=53.4 pTM=0.378
2026-04-03 04:20:17,108 rank_083_alphafold2_ptm_model_1_seed_017 pLDDT=53.3 pTM=0.39
2026-04-03 04:20:17,110 rank_084_alphafold2_ptm_model_2_seed_002 pLDDT=53.2 pTM=0.392
2026-04-03 04:20:17,112 rank_085_alphafold2_ptm_model_2_seed_010 pLDDT=53.1 pTM=0.365
2026-04-03 04:20:17,114 rank_086_alphafold2_ptm_model_2_seed_000 pLDDT=53 pTM=0.385
2026-04-03 04:20:17,116 rank_087_alphafold2_ptm_model_2_seed_008 pLDDT=52.9 pTM=0.36
2026-04-03 04:20:17,118 rank_088_alphafold2_ptm_model_2_seed_007 pLDDT=52.8 pTM=0.356
2026-04-03 04:20:17,121 rank_089_alphafold2_ptm_model_2_seed_004 pLDDT=52.7 pTM=0.364
2026-04-03 04:20:17,123 rank_090_alphafold2_ptm_model_2_seed_009 pLDDT=52.3 pTM=0.368
2026-04-03 04:20:17,125 rank_091_alphafold2_ptm_model_2_seed_003 pLDDT=52.2 pTM=0.367
2026-04-03 04:20:17,127 rank_092_alphafold2_ptm_model_2_seed_013 pLDDT=52.1 pTM=0.362
2026-04-03 04:20:17,130 rank_093_alphafold2_ptm_model_2_seed_018 pLDDT=52 pTM=0.368
2026-04-03 04:20:17,132 rank_094_alphafold2_ptm_model_2_seed_023 pLDDT=51.5 pTM=0.365
2026-04-03 04:20:17,134 rank_095_alphafold2_ptm_model_2_seed_012 pLDDT=51.4 pTM=0.371
2026-04-03 04:20:17,136 rank_096_alphafold2_ptm_model_2_seed_017 pLDDT=51.4 pTM=0.348
2026-04-03 04:20:17,138 rank_097_alphafold2_ptm_model_2_seed_022 pLDDT=51.3 pTM=0.36
2026-04-03 04:20:17,141 rank_098_alphafold2_ptm_model_2_seed_014 pLDDT=51.2 pTM=0.351
2026-04-03 04:20:17,143 rank_099_alphafold2_ptm_model_2_seed_005 pLDDT=51.1 pTM=0.353
2026-04-03 04:20:17,145 rank_100_alphafold2_ptm_model_1_seed_022 pLDDT=51.1 pTM=0.389
2026-04-03 04:20:17,147 rank_101_alphafold2_ptm_model_2_seed_024 pLDDT=50.9 pTM=0.361
2026-04-03 04:20:17,149 rank_102_alphafold2_ptm_model_2_seed_015 pLDDT=50.5 pTM=0.354
2026-04-03 04:20:17,151 rank_103_alphafold2_ptm_model_3_seed_021 pLDDT=50.1 pTM=0.303
2026-04-03 04:20:17,153 rank_104_alphafold2_ptm_model_3_seed_010 pLDDT=49.7 pTM=0.333
2026-04-03 04:20:17,155 rank_105_alphafold2_ptm_model_3_seed_019 pLDDT=48.5 pTM=0.307
2026-04-03 04:20:17,158 rank_106_alphafold2_ptm_model_3_seed_006 pLDDT=45.8 pTM=0.29
2026-04-03 04:20:17,160 rank_107_alphafold2_ptm_model_3_seed_018 pLDDT=45.3 pTM=0.298
2026-04-03 04:20:17,162 rank_108_alphafold2_ptm_model_3_seed_016 pLDDT=43.4 pTM=0.299
2026-04-03 04:20:17,164 rank_109_alphafold2_ptm_model_3_seed_013 pLDDT=41 pTM=0.253
2026-04-03 04:20:17,166 rank_110_alphafold2_ptm_model_3_seed_022 pLDDT=41 pTM=0.42
2026-04-03 04:20:17,168 rank_111_alphafold2_ptm_model_3_seed_024 pLDDT=38.1 pTM=0.302
2026-04-03 04:20:17,170 rank_112_alphafold2_ptm_model_3_seed_011 pLDDT=37.6 pTM=0.292
2026-04-03 04:20:17,173 rank_113_alphafold2_ptm_model_3_seed_003 pLDDT=36 pTM=0.227
2026-04-03 04:20:17,174 rank_114_alphafold2_ptm_model_3_seed_020 pLDDT=35.9 pTM=0.639
2026-04-03 04:20:17,176 rank_115_alphafold2_ptm_model_3_seed_008 pLDDT=35.5 pTM=0.592
2026-04-03 04:20:17,179 rank_116_alphafold2_ptm_model_3_seed_014 pLDDT=35.4 pTM=0.234
2026-04-03 04:20:17,181 rank_117_alphafold2_ptm_model_3_seed_023 pLDDT=35.1 pTM=0.246
2026-04-03 04:20:17,183 rank_118_alphafold2_ptm_model_3_seed_004 pLDDT=32.7 pTM=0.196
2026-04-03 04:20:17,185 rank_119_alphafold2_ptm_model_3_seed_012 pLDDT=30 pTM=0.305
2026-04-03 04:20:17,187 rank_120_alphafold2_ptm_model_3_seed_002 pLDDT=29 pTM=0.553
2026-04-03 04:20:17,189 rank_121_alphafold2_ptm_model_3_seed_005 pLDDT=29 pTM=0.646
2026-04-03 04:20:17,191 rank_122_alphafold2_ptm_model_3_seed_007 pLDDT=28.6 pTM=0.329
2026-04-03 04:20:17,194 rank_123_alphafold2_ptm_model_3_seed_017 pLDDT=27.3 pTM=0.334
2026-04-03 04:20:17,196 rank_124_alphafold2_ptm_model_3_seed_015 pLDDT=27.1 pTM=0.292
2026-04-03 04:20:17,198 rank_125_alphafold2_ptm_model_3_seed_001 pLDDT=23.5 pTM=0.493
2026-04-03 04:20:19,769 Done
WARNING: All log messages before absl::InitializeLog() is called are written to STDERR
E0000 00:00:1775204468.342159   20022 cuda_dnn.cc:8310] Unable to register cuDNN factory: Attempting to register factory for plugin cuDNN when one has already been registered
E0000 00:00:1775204468.351013   20022 cuda_blas.cc:1418] Unable to register cuBLAS factory: Attempting to register factory for plugin cuBLAS when one has already been registered
2026-04-03 04:21:16,167 Running colabfold 1.5.5 (e2ca9e8f992cd65c986de5b64885d5572d8b8ad9)
2026-04-03 04:21:17,112 Running on GPU
2026-04-03 04:21:18,045 Found 8 citations for tools or databases
2026-04-03 04:21:42,496 Query 1/1: UvrD (length 644)
  0%|          | 0/150 [elapsed: 00:00 remaining: ?]SUBMIT:   0%|          | 0/150 [elapsed: 00:00 remaining: ?]COMPLETE:   0%|          | 0/150 [elapsed: 00:00 remaining: ?]COMPLETE: 100%|██████████| 150/150 [elapsed: 00:00 remaining: 00:00]COMPLETE: 100%|██████████| 150/150 [elapsed: 00:11 remaining: 00:00]
WARNING: All log messages before absl::InitializeLog() is called are written to STDERR
I0000 00:00:1775204540.454605   20022 mlir_graph_optimization_pass.cc:401] MLIR V1 optimization pass is not enabled
2026-04-03 04:22:04,922 Sequence 0 found templates: ['0013_A', '0039_A', '0014_A', '0040_A', '0015_A', '0016_A', '0041_A', '0017_A', '0042_A', '0022_A', '0018_A', '0023_A', '0046_A', '0024_A', '0025_A', '0026_A', '0019_A', '0027_A', '0028_A', '0029_A']
2026-04-03 04:22:10,705 Setting max_seq=16, max_extra_seq=32
2026-04-03 04:24:03,032 alphafold2_ptm_model_1_seed_000 recycle=0 pLDDT=57.8 pTM=0.402
2026-04-03 04:24:03,043 alphafold2_ptm_model_1_seed_000 took 94.7s (0 recycles)
2026-04-03 04:25:07,768 alphafold2_ptm_model_2_seed_000 recycle=0 pLDDT=56.4 pTM=0.382
2026-04-03 04:25:07,779 alphafold2_ptm_model_2_seed_000 took 64.2s (0 recycles)
2026-04-03 04:26:22,332 alphafold2_ptm_model_3_seed_000 recycle=0 pLDDT=55.5 pTM=0.39
2026-04-03 04:26:22,342 alphafold2_ptm_model_3_seed_000 took 74.0s (0 recycles)
2026-04-03 04:27:21,126 alphafold2_ptm_model_4_seed_000 recycle=0 pLDDT=69.2 pTM=0.45
2026-04-03 04:27:21,134 alphafold2_ptm_model_4_seed_000 took 58.0s (0 recycles)
2026-04-03 04:28:19,855 alphafold2_ptm_model_5_seed_000 recycle=0 pLDDT=74.9 pTM=0.521
2026-04-03 04:28:19,863 alphafold2_ptm_model_5_seed_000 took 58.0s (0 recycles)
2026-04-03 04:29:34,492 alphafold2_ptm_model_1_seed_001 recycle=0 pLDDT=59.5 pTM=0.432
2026-04-03 04:29:34,500 alphafold2_ptm_model_1_seed_001 took 64.1s (0 recycles)
2026-04-03 04:30:39,313 alphafold2_ptm_model_2_seed_001 recycle=0 pLDDT=57.8 pTM=0.365
2026-04-03 04:30:39,324 alphafold2_ptm_model_2_seed_001 took 64.3s (0 recycles)
2026-04-03 04:31:37,892 alphafold2_ptm_model_3_seed_001 recycle=0 pLDDT=23.5 pTM=0.493
2026-04-03 04:31:37,900 alphafold2_ptm_model_3_seed_001 took 58.0s (0 recycles)
2026-04-03 04:32:36,470 alphafold2_ptm_model_4_seed_001 recycle=0 pLDDT=68.2 pTM=0.418
2026-04-03 04:32:36,478 alphafold2_ptm_model_4_seed_001 took 58.1s (0 recycles)
2026-04-03 04:33:34,898 alphafold2_ptm_model_5_seed_001 recycle=0 pLDDT=72.5 pTM=0.469
2026-04-03 04:33:34,905 alphafold2_ptm_model_5_seed_001 took 57.9s (0 recycles)
2026-04-03 04:34:49,605 alphafold2_ptm_model_1_seed_002 recycle=0 pLDDT=61 pTM=0.404
2026-04-03 04:34:49,614 alphafold2_ptm_model_1_seed_002 took 64.0s (0 recycles)
2026-04-03 04:35:54,463 alphafold2_ptm_model_2_seed_002 recycle=0 pLDDT=59.1 pTM=0.391
2026-04-03 04:35:54,470 alphafold2_ptm_model_2_seed_002 took 64.3s (0 recycles)
2026-04-03 04:36:52,985 alphafold2_ptm_model_3_seed_002 recycle=0 pLDDT=29 pTM=0.553
2026-04-03 04:36:52,993 alphafold2_ptm_model_3_seed_002 took 58.0s (0 recycles)
2026-04-03 04:37:51,551 alphafold2_ptm_model_4_seed_002 recycle=0 pLDDT=63.3 pTM=0.429
2026-04-03 04:37:51,560 alphafold2_ptm_model_4_seed_002 took 58.1s (0 recycles)
2026-04-03 04:38:49,989 alphafold2_ptm_model_5_seed_002 recycle=0 pLDDT=72.2 pTM=0.494
2026-04-03 04:38:50,005 alphafold2_ptm_model_5_seed_002 took 57.9s (0 recycles)
2026-04-03 04:40:04,874 alphafold2_ptm_model_1_seed_003 recycle=0 pLDDT=57.7 pTM=0.41
2026-04-03 04:40:04,882 alphafold2_ptm_model_1_seed_003 took 64.0s (0 recycles)
2026-04-03 04:41:09,592 alphafold2_ptm_model_2_seed_003 recycle=0 pLDDT=57 pTM=0.37
2026-04-03 04:41:09,607 alphafold2_ptm_model_2_seed_003 took 64.2s (0 recycles)
2026-04-03 04:42:08,608 alphafold2_ptm_model_3_seed_003 recycle=0 pLDDT=36 pTM=0.227
2026-04-03 04:42:08,615 alphafold2_ptm_model_3_seed_003 took 58.3s (0 recycles)
2026-04-03 04:43:07,278 alphafold2_ptm_model_4_seed_003 recycle=0 pLDDT=68.9 pTM=0.458
2026-04-03 04:43:07,286 alphafold2_ptm_model_4_seed_003 took 58.2s (0 recycles)
2026-04-03 04:44:05,750 alphafold2_ptm_model_5_seed_003 recycle=0 pLDDT=70.6 pTM=0.48
2026-04-03 04:44:05,758 alphafold2_ptm_model_5_seed_003 took 58.0s (0 recycles)
2026-04-03 04:45:20,834 alphafold2_ptm_model_1_seed_004 recycle=0 pLDDT=56.2 pTM=0.388
2026-04-03 04:45:20,841 alphafold2_ptm_model_1_seed_004 took 64.1s (0 recycles)
2026-04-03 04:46:25,484 alphafold2_ptm_model_2_seed_004 recycle=0 pLDDT=55 pTM=0.359
2026-04-03 04:46:25,491 alphafold2_ptm_model_2_seed_004 took 64.2s (0 recycles)
2026-04-03 04:47:24,055 alphafold2_ptm_model_3_seed_004 recycle=0 pLDDT=32.7 pTM=0.196
2026-04-03 04:47:24,062 alphafold2_ptm_model_3_seed_004 took 58.1s (0 recycles)
2026-04-03 04:48:22,693 alphafold2_ptm_model_4_seed_004 recycle=0 pLDDT=67.1 pTM=0.428
2026-04-03 04:48:22,700 alphafold2_ptm_model_4_seed_004 took 58.1s (0 recycles)
2026-04-03 04:49:21,988 alphafold2_ptm_model_5_seed_004 recycle=0 pLDDT=75.1 pTM=0.543
2026-04-03 04:49:21,998 alphafold2_ptm_model_5_seed_004 took 58.8s (0 recycles)
2026-04-03 04:50:37,566 alphafold2_ptm_model_1_seed_005 recycle=0 pLDDT=54.8 pTM=0.39
2026-04-03 04:50:37,573 alphafold2_ptm_model_1_seed_005 took 64.2s (0 recycles)
2026-04-03 04:51:42,166 alphafold2_ptm_model_2_seed_005 recycle=0 pLDDT=53.2 pTM=0.354
2026-04-03 04:51:42,173 alphafold2_ptm_model_2_seed_005 took 64.1s (0 recycles)
2026-04-03 04:52:40,572 alphafold2_ptm_model_3_seed_005 recycle=0 pLDDT=29 pTM=0.646
2026-04-03 04:52:40,579 alphafold2_ptm_model_3_seed_005 took 57.9s (0 recycles)
2026-04-03 04:53:39,003 alphafold2_ptm_model_4_seed_005 recycle=0 pLDDT=66.7 pTM=0.449
2026-04-03 04:53:39,012 alphafold2_ptm_model_4_seed_005 took 57.9s (0 recycles)
2026-04-03 04:54:37,427 alphafold2_ptm_model_5_seed_005 recycle=0 pLDDT=74.2 pTM=0.556
2026-04-03 04:54:37,435 alphafold2_ptm_model_5_seed_005 took 57.9s (0 recycles)
2026-04-03 04:55:52,093 alphafold2_ptm_model_1_seed_006 recycle=0 pLDDT=57.6 pTM=0.396
2026-04-03 04:55:52,100 alphafold2_ptm_model_1_seed_006 took 64.0s (0 recycles)
2026-04-03 04:56:56,960 alphafold2_ptm_model_2_seed_006 recycle=0 pLDDT=58.8 pTM=0.374
2026-04-03 04:56:56,968 alphafold2_ptm_model_2_seed_006 took 64.1s (0 recycles)
2026-04-03 04:57:55,401 alphafold2_ptm_model_3_seed_006 recycle=0 pLDDT=45.8 pTM=0.29
2026-04-03 04:57:55,408 alphafold2_ptm_model_3_seed_006 took 57.9s (0 recycles)
2026-04-03 04:58:53,952 alphafold2_ptm_model_4_seed_006 recycle=0 pLDDT=68.1 pTM=0.435
2026-04-03 04:58:53,959 alphafold2_ptm_model_4_seed_006 took 58.0s (0 recycles)
2026-04-03 04:59:52,970 alphafold2_ptm_model_5_seed_006 recycle=0 pLDDT=77.8 pTM=0.599
2026-04-03 04:59:52,977 alphafold2_ptm_model_5_seed_006 took 58.3s (0 recycles)
2026-04-03 05:01:08,009 alphafold2_ptm_model_1_seed_007 recycle=0 pLDDT=58.3 pTM=0.396
2026-04-03 05:01:08,016 alphafold2_ptm_model_1_seed_007 took 63.9s (0 recycles)
2026-04-03 05:02:12,355 alphafold2_ptm_model_2_seed_007 recycle=0 pLDDT=56.6 pTM=0.363
2026-04-03 05:02:12,362 alphafold2_ptm_model_2_seed_007 took 63.8s (0 recycles)
2026-04-03 05:03:10,802 alphafold2_ptm_model_3_seed_007 recycle=0 pLDDT=28.6 pTM=0.329
2026-04-03 05:03:10,809 alphafold2_ptm_model_3_seed_007 took 57.9s (0 recycles)
2026-04-03 05:04:09,084 alphafold2_ptm_model_4_seed_007 recycle=0 pLDDT=67.6 pTM=0.417
2026-04-03 05:04:09,091 alphafold2_ptm_model_4_seed_007 took 57.8s (0 recycles)
2026-04-03 05:05:07,381 alphafold2_ptm_model_5_seed_007 recycle=0 pLDDT=74.4 pTM=0.507
2026-04-03 05:05:07,388 alphafold2_ptm_model_5_seed_007 took 57.8s (0 recycles)
2026-04-03 05:06:21,743 alphafold2_ptm_model_1_seed_008 recycle=0 pLDDT=59.5 pTM=0.429
2026-04-03 05:06:21,750 alphafold2_ptm_model_1_seed_008 took 63.9s (0 recycles)
2026-04-03 05:07:26,115 alphafold2_ptm_model_2_seed_008 recycle=0 pLDDT=55.8 pTM=0.375
2026-04-03 05:07:26,122 alphafold2_ptm_model_2_seed_008 took 63.9s (0 recycles)
2026-04-03 05:08:24,345 alphafold2_ptm_model_3_seed_008 recycle=0 pLDDT=35.5 pTM=0.592
2026-04-03 05:08:24,353 alphafold2_ptm_model_3_seed_008 took 57.7s (0 recycles)
2026-04-03 05:09:22,648 alphafold2_ptm_model_4_seed_008 recycle=0 pLDDT=74.8 pTM=0.479
2026-04-03 05:09:22,655 alphafold2_ptm_model_4_seed_008 took 57.8s (0 recycles)
2026-04-03 05:10:20,989 alphafold2_ptm_model_5_seed_008 recycle=0 pLDDT=80.6 pTM=0.633
2026-04-03 05:10:20,996 alphafold2_ptm_model_5_seed_008 took 57.8s (0 recycles)
2026-04-03 05:11:35,308 alphafold2_ptm_model_1_seed_009 recycle=0 pLDDT=58.4 pTM=0.414
2026-04-03 05:11:35,315 alphafold2_ptm_model_1_seed_009 took 63.8s (0 recycles)
2026-04-03 05:12:39,687 alphafold2_ptm_model_2_seed_009 recycle=0 pLDDT=57.7 pTM=0.365
2026-04-03 05:12:39,694 alphafold2_ptm_model_2_seed_009 took 63.9s (0 recycles)
2026-04-03 05:13:38,239 alphafold2_ptm_model_3_seed_009 recycle=0 pLDDT=60.8 pTM=0.413
2026-04-03 05:13:38,248 alphafold2_ptm_model_3_seed_009 took 58.1s (0 recycles)
2026-04-03 05:14:37,171 alphafold2_ptm_model_4_seed_009 recycle=0 pLDDT=76.1 pTM=0.458
2026-04-03 05:14:37,178 alphafold2_ptm_model_4_seed_009 took 58.2s (0 recycles)
2026-04-03 05:15:36,249 alphafold2_ptm_model_5_seed_009 recycle=0 pLDDT=75.6 pTM=0.503
2026-04-03 05:15:36,256 alphafold2_ptm_model_5_seed_009 took 58.6s (0 recycles)
2026-04-03 05:16:51,405 alphafold2_ptm_model_1_seed_010 recycle=0 pLDDT=63.9 pTM=0.436
2026-04-03 05:16:51,412 alphafold2_ptm_model_1_seed_010 took 64.6s (0 recycles)
2026-04-03 05:17:56,562 alphafold2_ptm_model_2_seed_010 recycle=0 pLDDT=59 pTM=0.374
2026-04-03 05:17:56,569 alphafold2_ptm_model_2_seed_010 took 64.6s (0 recycles)
2026-04-03 05:18:54,851 alphafold2_ptm_model_3_seed_010 recycle=0 pLDDT=49.7 pTM=0.333
2026-04-03 05:18:54,858 alphafold2_ptm_model_3_seed_010 took 57.8s (0 recycles)
2026-04-03 05:19:53,124 alphafold2_ptm_model_4_seed_010 recycle=0 pLDDT=71.6 pTM=0.44
2026-04-03 05:19:53,131 alphafold2_ptm_model_4_seed_010 took 57.8s (0 recycles)
2026-04-03 05:20:51,620 alphafold2_ptm_model_5_seed_010 recycle=0 pLDDT=72.2 pTM=0.519
2026-04-03 05:20:51,629 alphafold2_ptm_model_5_seed_010 took 58.0s (0 recycles)
2026-04-03 05:22:07,005 alphafold2_ptm_model_1_seed_011 recycle=0 pLDDT=62.9 pTM=0.441
2026-04-03 05:22:07,012 alphafold2_ptm_model_1_seed_011 took 64.6s (0 recycles)
2026-04-03 05:23:11,603 alphafold2_ptm_model_2_seed_011 recycle=0 pLDDT=58.6 pTM=0.381
2026-04-03 05:23:11,612 alphafold2_ptm_model_2_seed_011 took 64.1s (0 recycles)
2026-04-03 05:24:09,988 alphafold2_ptm_model_3_seed_011 recycle=0 pLDDT=37.6 pTM=0.292
2026-04-03 05:24:09,995 alphafold2_ptm_model_3_seed_011 took 57.9s (0 recycles)
2026-04-03 05:25:08,414 alphafold2_ptm_model_4_seed_011 recycle=0 pLDDT=71.2 pTM=0.448
2026-04-03 05:25:08,421 alphafold2_ptm_model_4_seed_011 took 57.9s (0 recycles)
2026-04-03 05:26:06,852 alphafold2_ptm_model_5_seed_011 recycle=0 pLDDT=77 pTM=0.593
2026-04-03 05:26:06,859 alphafold2_ptm_model_5_seed_011 took 57.9s (0 recycles)
2026-04-03 05:27:21,323 alphafold2_ptm_model_1_seed_012 recycle=0 pLDDT=57.9 pTM=0.396
2026-04-03 05:27:21,330 alphafold2_ptm_model_1_seed_012 took 64.0s (0 recycles)
2026-04-03 05:28:25,819 alphafold2_ptm_model_2_seed_012 recycle=0 pLDDT=55.7 pTM=0.366
2026-04-03 05:28:25,826 alphafold2_ptm_model_2_seed_012 took 64.0s (0 recycles)
2026-04-03 05:29:24,236 alphafold2_ptm_model_3_seed_012 recycle=0 pLDDT=30 pTM=0.305
2026-04-03 05:29:24,242 alphafold2_ptm_model_3_seed_012 took 57.9s (0 recycles)
2026-04-03 05:30:22,885 alphafold2_ptm_model_4_seed_012 recycle=0 pLDDT=68.8 pTM=0.429
2026-04-03 05:30:22,896 alphafold2_ptm_model_4_seed_012 took 58.2s (0 recycles)
2026-04-03 05:31:21,460 alphafold2_ptm_model_5_seed_012 recycle=0 pLDDT=77.3 pTM=0.589
2026-04-03 05:31:21,467 alphafold2_ptm_model_5_seed_012 took 58.0s (0 recycles)
2026-04-03 05:32:35,824 alphafold2_ptm_model_1_seed_013 recycle=0 pLDDT=58.5 pTM=0.403
2026-04-03 05:32:35,831 alphafold2_ptm_model_1_seed_013 took 64.0s (0 recycles)
2026-04-03 05:33:40,565 alphafold2_ptm_model_2_seed_013 recycle=0 pLDDT=55.4 pTM=0.365
2026-04-03 05:33:40,574 alphafold2_ptm_model_2_seed_013 took 64.2s (0 recycles)
2026-04-03 05:34:38,969 alphafold2_ptm_model_3_seed_013 recycle=0 pLDDT=41 pTM=0.253
2026-04-03 05:34:38,976 alphafold2_ptm_model_3_seed_013 took 57.9s (0 recycles)
2026-04-03 05:35:37,394 alphafold2_ptm_model_4_seed_013 recycle=0 pLDDT=69.9 pTM=0.451
2026-04-03 05:35:37,401 alphafold2_ptm_model_4_seed_013 took 57.9s (0 recycles)
2026-04-03 05:36:35,811 alphafold2_ptm_model_5_seed_013 recycle=0 pLDDT=73.3 pTM=0.507
2026-04-03 05:36:35,818 alphafold2_ptm_model_5_seed_013 took 57.9s (0 recycles)
2026-04-03 05:37:50,016 alphafold2_ptm_model_1_seed_014 recycle=0 pLDDT=59.3 pTM=0.414
2026-04-03 05:37:50,022 alphafold2_ptm_model_1_seed_014 took 63.8s (0 recycles)
2026-04-03 05:38:54,504 alphafold2_ptm_model_2_seed_014 recycle=0 pLDDT=55.1 pTM=0.357
2026-04-03 05:38:54,511 alphafold2_ptm_model_2_seed_014 took 64.0s (0 recycles)
2026-04-03 05:39:53,467 alphafold2_ptm_model_3_seed_014 recycle=0 pLDDT=35.4 pTM=0.234
2026-04-03 05:39:53,474 alphafold2_ptm_model_3_seed_014 took 58.5s (0 recycles)
2026-04-03 05:40:52,529 alphafold2_ptm_model_4_seed_014 recycle=0 pLDDT=66.9 pTM=0.42
2026-04-03 05:40:52,535 alphafold2_ptm_model_4_seed_014 took 58.5s (0 recycles)
2026-04-03 05:41:51,556 alphafold2_ptm_model_5_seed_014 recycle=0 pLDDT=69.4 pTM=0.484
2026-04-03 05:41:51,562 alphafold2_ptm_model_5_seed_014 took 58.5s (0 recycles)
2026-04-03 05:43:06,546 alphafold2_ptm_model_1_seed_015 recycle=0 pLDDT=58.4 pTM=0.407
2026-04-03 05:43:06,552 alphafold2_ptm_model_1_seed_015 took 64.6s (0 recycles)
2026-04-03 05:44:11,606 alphafold2_ptm_model_2_seed_015 recycle=0 pLDDT=53.1 pTM=0.361
2026-04-03 05:44:11,612 alphafold2_ptm_model_2_seed_015 took 64.5s (0 recycles)
2026-04-03 05:45:10,064 alphafold2_ptm_model_3_seed_015 recycle=0 pLDDT=27.1 pTM=0.292
2026-04-03 05:45:10,071 alphafold2_ptm_model_3_seed_015 took 57.7s (0 recycles)
2026-04-03 05:46:08,358 alphafold2_ptm_model_4_seed_015 recycle=0 pLDDT=68.2 pTM=0.462
2026-04-03 05:46:08,364 alphafold2_ptm_model_4_seed_015 took 57.8s (0 recycles)
2026-04-03 05:47:06,645 alphafold2_ptm_model_5_seed_015 recycle=0 pLDDT=72.4 pTM=0.494
2026-04-03 05:47:06,651 alphafold2_ptm_model_5_seed_015 took 57.8s (0 recycles)
2026-04-03 05:48:22,318 alphafold2_ptm_model_1_seed_016 recycle=0 pLDDT=58.2 pTM=0.424
2026-04-03 05:48:22,325 alphafold2_ptm_model_1_seed_016 took 64.6s (0 recycles)
2026-04-03 05:49:26,884 alphafold2_ptm_model_2_seed_016 recycle=0 pLDDT=57.7 pTM=0.389
2026-04-03 05:49:26,891 alphafold2_ptm_model_2_seed_016 took 63.8s (0 recycles)
2026-04-03 05:50:25,122 alphafold2_ptm_model_3_seed_016 recycle=0 pLDDT=43.4 pTM=0.299
2026-04-03 05:50:25,128 alphafold2_ptm_model_3_seed_016 took 57.7s (0 recycles)
2026-04-03 05:51:23,388 alphafold2_ptm_model_4_seed_016 recycle=0 pLDDT=72.6 pTM=0.466
2026-04-03 05:51:23,394 alphafold2_ptm_model_4_seed_016 took 57.8s (0 recycles)
2026-04-03 05:52:21,639 alphafold2_ptm_model_5_seed_016 recycle=0 pLDDT=75.6 pTM=0.556
2026-04-03 05:52:21,646 alphafold2_ptm_model_5_seed_016 took 57.8s (0 recycles)
2026-04-03 05:53:36,817 alphafold2_ptm_model_1_seed_017 recycle=0 pLDDT=55.5 pTM=0.39
2026-04-03 05:53:36,825 alphafold2_ptm_model_1_seed_017 took 63.8s (0 recycles)
2026-04-03 05:54:41,347 alphafold2_ptm_model_2_seed_017 recycle=0 pLDDT=53.8 pTM=0.35
2026-04-03 05:54:41,358 alphafold2_ptm_model_2_seed_017 took 64.0s (0 recycles)
2026-04-03 05:55:39,678 alphafold2_ptm_model_3_seed_017 recycle=0 pLDDT=27.3 pTM=0.334
2026-04-03 05:55:39,685 alphafold2_ptm_model_3_seed_017 took 57.7s (0 recycles)
2026-04-03 05:56:37,970 alphafold2_ptm_model_4_seed_017 recycle=0 pLDDT=56.7 pTM=0.371
2026-04-03 05:56:37,978 alphafold2_ptm_model_4_seed_017 took 57.8s (0 recycles)
2026-04-03 05:57:36,230 alphafold2_ptm_model_5_seed_017 recycle=0 pLDDT=73.8 pTM=0.478
2026-04-03 05:57:36,237 alphafold2_ptm_model_5_seed_017 took 57.8s (0 recycles)
2026-04-03 05:58:50,768 alphafold2_ptm_model_1_seed_018 recycle=0 pLDDT=57.5 pTM=0.401
2026-04-03 05:58:50,779 alphafold2_ptm_model_1_seed_018 took 64.0s (0 recycles)
2026-04-03 05:59:55,368 alphafold2_ptm_model_2_seed_018 recycle=0 pLDDT=54.2 pTM=0.367
2026-04-03 05:59:55,376 alphafold2_ptm_model_2_seed_018 took 63.8s (0 recycles)
2026-04-03 06:00:53,780 alphafold2_ptm_model_3_seed_018 recycle=0 pLDDT=45.3 pTM=0.298
2026-04-03 06:00:53,789 alphafold2_ptm_model_3_seed_018 took 57.9s (0 recycles)
2026-04-03 06:01:52,083 alphafold2_ptm_model_4_seed_018 recycle=0 pLDDT=68 pTM=0.446
2026-04-03 06:01:52,091 alphafold2_ptm_model_4_seed_018 took 57.8s (0 recycles)
2026-04-03 06:02:50,353 alphafold2_ptm_model_5_seed_018 recycle=0 pLDDT=75 pTM=0.556
2026-04-03 06:02:50,360 alphafold2_ptm_model_5_seed_018 took 57.8s (0 recycles)
2026-04-03 06:04:05,095 alphafold2_ptm_model_1_seed_019 recycle=0 pLDDT=62 pTM=0.437
2026-04-03 06:04:05,102 alphafold2_ptm_model_1_seed_019 took 64.2s (0 recycles)
2026-04-03 06:05:10,386 alphafold2_ptm_model_2_seed_019 recycle=0 pLDDT=57.2 pTM=0.383
2026-04-03 06:05:10,394 alphafold2_ptm_model_2_seed_019 took 64.8s (0 recycles)
2026-04-03 06:06:09,602 alphafold2_ptm_model_3_seed_019 recycle=0 pLDDT=48.5 pTM=0.307
2026-04-03 06:06:09,609 alphafold2_ptm_model_3_seed_019 took 58.7s (0 recycles)
2026-04-03 06:07:09,224 alphafold2_ptm_model_4_seed_019 recycle=0 pLDDT=72.8 pTM=0.482
2026-04-03 06:07:09,235 alphafold2_ptm_model_4_seed_019 took 58.9s (0 recycles)
2026-04-03 06:08:07,926 alphafold2_ptm_model_5_seed_019 recycle=0 pLDDT=77.1 pTM=0.543
2026-04-03 06:08:07,933 alphafold2_ptm_model_5_seed_019 took 57.9s (0 recycles)
2026-04-03 06:09:22,394 alphafold2_ptm_model_1_seed_020 recycle=0 pLDDT=59.8 pTM=0.42
2026-04-03 06:09:22,401 alphafold2_ptm_model_1_seed_020 took 64.0s (0 recycles)
2026-04-03 06:10:27,745 alphafold2_ptm_model_2_seed_020 recycle=0 pLDDT=58 pTM=0.386
2026-04-03 06:10:27,753 alphafold2_ptm_model_2_seed_020 took 64.8s (0 recycles)
2026-04-03 06:11:26,956 alphafold2_ptm_model_3_seed_020 recycle=0 pLDDT=35.9 pTM=0.639
2026-04-03 06:11:26,963 alphafold2_ptm_model_3_seed_020 took 58.7s (0 recycles)
2026-04-03 06:12:26,191 alphafold2_ptm_model_4_seed_020 recycle=0 pLDDT=68.9 pTM=0.444
2026-04-03 06:12:26,198 alphafold2_ptm_model_4_seed_020 took 58.7s (0 recycles)
2026-04-03 06:13:24,659 alphafold2_ptm_model_5_seed_020 recycle=0 pLDDT=67.9 pTM=0.583
2026-04-03 06:13:24,666 alphafold2_ptm_model_5_seed_020 took 58.0s (0 recycles)
2026-04-03 06:14:39,114 alphafold2_ptm_model_1_seed_021 recycle=0 pLDDT=58.9 pTM=0.41
2026-04-03 06:14:39,121 alphafold2_ptm_model_1_seed_021 took 64.0s (0 recycles)
2026-04-03 06:15:43,601 alphafold2_ptm_model_2_seed_021 recycle=0 pLDDT=57.3 pTM=0.362
2026-04-03 06:15:43,608 alphafold2_ptm_model_2_seed_021 took 64.0s (0 recycles)
2026-04-03 06:16:42,012 alphafold2_ptm_model_3_seed_021 recycle=0 pLDDT=50.1 pTM=0.303
2026-04-03 06:16:42,020 alphafold2_ptm_model_3_seed_021 took 57.9s (0 recycles)
2026-04-03 06:17:40,432 alphafold2_ptm_model_4_seed_021 recycle=0 pLDDT=72.3 pTM=0.471
2026-04-03 06:17:40,439 alphafold2_ptm_model_4_seed_021 took 57.9s (0 recycles)
2026-04-03 06:18:38,873 alphafold2_ptm_model_5_seed_021 recycle=0 pLDDT=77.2 pTM=0.53
2026-04-03 06:18:38,881 alphafold2_ptm_model_5_seed_021 took 57.9s (0 recycles)
2026-04-03 06:19:53,351 alphafold2_ptm_model_1_seed_022 recycle=0 pLDDT=53.7 pTM=0.386
2026-04-03 06:19:53,358 alphafold2_ptm_model_1_seed_022 took 64.0s (0 recycles)
2026-04-03 06:20:57,885 alphafold2_ptm_model_2_seed_022 recycle=0 pLDDT=53.8 pTM=0.371
2026-04-03 06:20:57,892 alphafold2_ptm_model_2_seed_022 took 64.0s (0 recycles)
2026-04-03 06:21:56,437 alphafold2_ptm_model_3_seed_022 recycle=0 pLDDT=41 pTM=0.42
2026-04-03 06:21:56,446 alphafold2_ptm_model_3_seed_022 took 58.1s (0 recycles)
2026-04-03 06:22:54,877 alphafold2_ptm_model_4_seed_022 recycle=0 pLDDT=71.6 pTM=0.542
2026-04-03 06:22:54,883 alphafold2_ptm_model_4_seed_022 took 57.9s (0 recycles)
2026-04-03 06:23:53,260 alphafold2_ptm_model_5_seed_022 recycle=0 pLDDT=77.8 pTM=0.714
2026-04-03 06:23:53,268 alphafold2_ptm_model_5_seed_022 took 57.9s (0 recycles)
2026-04-03 06:25:07,903 alphafold2_ptm_model_1_seed_023 recycle=0 pLDDT=55.6 pTM=0.384
2026-04-03 06:25:07,914 alphafold2_ptm_model_1_seed_023 took 64.2s (0 recycles)
2026-04-03 06:26:12,481 alphafold2_ptm_model_2_seed_023 recycle=0 pLDDT=53.9 pTM=0.369
2026-04-03 06:26:12,488 alphafold2_ptm_model_2_seed_023 took 64.0s (0 recycles)
2026-04-03 06:27:10,896 alphafold2_ptm_model_3_seed_023 recycle=0 pLDDT=35.1 pTM=0.246
2026-04-03 06:27:10,903 alphafold2_ptm_model_3_seed_023 took 57.9s (0 recycles)
2026-04-03 06:28:09,338 alphafold2_ptm_model_4_seed_023 recycle=0 pLDDT=69.1 pTM=0.467
2026-04-03 06:28:09,345 alphafold2_ptm_model_4_seed_023 took 57.9s (0 recycles)
2026-04-03 06:29:07,992 alphafold2_ptm_model_5_seed_023 recycle=0 pLDDT=76.1 pTM=0.727
2026-04-03 06:29:07,999 alphafold2_ptm_model_5_seed_023 took 57.9s (0 recycles)
2026-04-03 06:30:22,643 alphafold2_ptm_model_1_seed_024 recycle=0 pLDDT=58.8 pTM=0.409
2026-04-03 06:30:22,650 alphafold2_ptm_model_1_seed_024 took 64.0s (0 recycles)
2026-04-03 06:31:27,278 alphafold2_ptm_model_2_seed_024 recycle=0 pLDDT=54.5 pTM=0.365
2026-04-03 06:31:27,287 alphafold2_ptm_model_2_seed_024 took 64.1s (0 recycles)
2026-04-03 06:32:25,682 alphafold2_ptm_model_3_seed_024 recycle=0 pLDDT=38.1 pTM=0.302
2026-04-03 06:32:25,689 alphafold2_ptm_model_3_seed_024 took 57.9s (0 recycles)
2026-04-03 06:33:24,082 alphafold2_ptm_model_4_seed_024 recycle=0 pLDDT=68.1 pTM=0.428
2026-04-03 06:33:24,089 alphafold2_ptm_model_4_seed_024 took 57.9s (0 recycles)
2026-04-03 06:34:22,454 alphafold2_ptm_model_5_seed_024 recycle=0 pLDDT=70.9 pTM=0.459
2026-04-03 06:34:22,461 alphafold2_ptm_model_5_seed_024 took 57.9s (0 recycles)
2026-04-03 06:34:22,953 reranking models by 'plddt' metric
2026-04-03 06:34:22,954 rank_001_alphafold2_ptm_model_5_seed_008 pLDDT=80.6 pTM=0.633
2026-04-03 06:34:22,956 rank_002_alphafold2_ptm_model_5_seed_006 pLDDT=77.8 pTM=0.599
2026-04-03 06:34:22,957 rank_003_alphafold2_ptm_model_5_seed_022 pLDDT=77.8 pTM=0.714
2026-04-03 06:34:22,959 rank_004_alphafold2_ptm_model_5_seed_012 pLDDT=77.3 pTM=0.589
2026-04-03 06:34:22,960 rank_005_alphafold2_ptm_model_5_seed_021 pLDDT=77.2 pTM=0.53
2026-04-03 06:34:22,962 rank_006_alphafold2_ptm_model_5_seed_019 pLDDT=77.1 pTM=0.543
2026-04-03 06:34:22,964 rank_007_alphafold2_ptm_model_5_seed_011 pLDDT=77 pTM=0.593
2026-04-03 06:34:22,966 rank_008_alphafold2_ptm_model_5_seed_023 pLDDT=76.1 pTM=0.727
2026-04-03 06:34:22,967 rank_009_alphafold2_ptm_model_4_seed_009 pLDDT=76.1 pTM=0.458
2026-04-03 06:34:22,969 rank_010_alphafold2_ptm_model_5_seed_016 pLDDT=75.6 pTM=0.556
2026-04-03 06:34:22,971 rank_011_alphafold2_ptm_model_5_seed_009 pLDDT=75.6 pTM=0.503
2026-04-03 06:34:22,973 rank_012_alphafold2_ptm_model_5_seed_004 pLDDT=75.1 pTM=0.543
2026-04-03 06:34:22,975 rank_013_alphafold2_ptm_model_5_seed_018 pLDDT=75 pTM=0.556
2026-04-03 06:34:22,977 rank_014_alphafold2_ptm_model_5_seed_000 pLDDT=74.9 pTM=0.521
2026-04-03 06:34:22,979 rank_015_alphafold2_ptm_model_4_seed_008 pLDDT=74.8 pTM=0.479
2026-04-03 06:34:22,981 rank_016_alphafold2_ptm_model_5_seed_007 pLDDT=74.4 pTM=0.507
2026-04-03 06:34:22,982 rank_017_alphafold2_ptm_model_5_seed_005 pLDDT=74.2 pTM=0.556
2026-04-03 06:34:22,984 rank_018_alphafold2_ptm_model_5_seed_017 pLDDT=73.8 pTM=0.478
2026-04-03 06:34:22,986 rank_019_alphafold2_ptm_model_5_seed_013 pLDDT=73.3 pTM=0.507
2026-04-03 06:34:22,987 rank_020_alphafold2_ptm_model_4_seed_019 pLDDT=72.8 pTM=0.482
2026-04-03 06:34:22,989 rank_021_alphafold2_ptm_model_4_seed_016 pLDDT=72.6 pTM=0.466
2026-04-03 06:34:22,991 rank_022_alphafold2_ptm_model_5_seed_001 pLDDT=72.5 pTM=0.469
2026-04-03 06:34:22,992 rank_023_alphafold2_ptm_model_5_seed_015 pLDDT=72.4 pTM=0.494
2026-04-03 06:34:22,994 rank_024_alphafold2_ptm_model_4_seed_021 pLDDT=72.3 pTM=0.471
2026-04-03 06:34:22,996 rank_025_alphafold2_ptm_model_5_seed_002 pLDDT=72.2 pTM=0.494
2026-04-03 06:34:23,001 rank_026_alphafold2_ptm_model_5_seed_010 pLDDT=72.2 pTM=0.519
2026-04-03 06:34:23,002 rank_027_alphafold2_ptm_model_4_seed_010 pLDDT=71.6 pTM=0.44
2026-04-03 06:34:23,004 rank_028_alphafold2_ptm_model_4_seed_022 pLDDT=71.6 pTM=0.542
2026-04-03 06:34:23,006 rank_029_alphafold2_ptm_model_4_seed_011 pLDDT=71.2 pTM=0.448
2026-04-03 06:34:23,008 rank_030_alphafold2_ptm_model_5_seed_024 pLDDT=70.9 pTM=0.459
2026-04-03 06:34:23,009 rank_031_alphafold2_ptm_model_5_seed_003 pLDDT=70.6 pTM=0.48
2026-04-03 06:34:23,011 rank_032_alphafold2_ptm_model_4_seed_013 pLDDT=69.9 pTM=0.451
2026-04-03 06:34:23,013 rank_033_alphafold2_ptm_model_5_seed_014 pLDDT=69.4 pTM=0.484
2026-04-03 06:34:23,014 rank_034_alphafold2_ptm_model_4_seed_000 pLDDT=69.2 pTM=0.45
2026-04-03 06:34:23,016 rank_035_alphafold2_ptm_model_4_seed_023 pLDDT=69.1 pTM=0.467
2026-04-03 06:34:23,018 rank_036_alphafold2_ptm_model_4_seed_020 pLDDT=68.9 pTM=0.444
2026-04-03 06:34:23,020 rank_037_alphafold2_ptm_model_4_seed_003 pLDDT=68.9 pTM=0.458
2026-04-03 06:34:23,021 rank_038_alphafold2_ptm_model_4_seed_012 pLDDT=68.8 pTM=0.429
2026-04-03 06:34:23,023 rank_039_alphafold2_ptm_model_4_seed_001 pLDDT=68.2 pTM=0.418
2026-04-03 06:34:23,025 rank_040_alphafold2_ptm_model_4_seed_015 pLDDT=68.2 pTM=0.462
2026-04-03 06:34:23,027 rank_041_alphafold2_ptm_model_4_seed_006 pLDDT=68.1 pTM=0.435
2026-04-03 06:34:23,029 rank_042_alphafold2_ptm_model_4_seed_024 pLDDT=68.1 pTM=0.428
2026-04-03 06:34:23,030 rank_043_alphafold2_ptm_model_4_seed_018 pLDDT=68 pTM=0.446
2026-04-03 06:34:23,032 rank_044_alphafold2_ptm_model_5_seed_020 pLDDT=67.9 pTM=0.583
2026-04-03 06:34:23,034 rank_045_alphafold2_ptm_model_4_seed_007 pLDDT=67.6 pTM=0.417
2026-04-03 06:34:23,036 rank_046_alphafold2_ptm_model_4_seed_004 pLDDT=67.1 pTM=0.428
2026-04-03 06:34:23,038 rank_047_alphafold2_ptm_model_4_seed_014 pLDDT=66.9 pTM=0.42
2026-04-03 06:34:23,039 rank_048_alphafold2_ptm_model_4_seed_005 pLDDT=66.7 pTM=0.449
2026-04-03 06:34:23,041 rank_049_alphafold2_ptm_model_1_seed_010 pLDDT=63.9 pTM=0.436
2026-04-03 06:34:23,043 rank_050_alphafold2_ptm_model_4_seed_002 pLDDT=63.3 pTM=0.429
2026-04-03 06:34:23,044 rank_051_alphafold2_ptm_model_1_seed_011 pLDDT=62.9 pTM=0.441
2026-04-03 06:34:23,046 rank_052_alphafold2_ptm_model_1_seed_019 pLDDT=62 pTM=0.437
2026-04-03 06:34:23,048 rank_053_alphafold2_ptm_model_1_seed_002 pLDDT=61 pTM=0.404
2026-04-03 06:34:23,050 rank_054_alphafold2_ptm_model_3_seed_009 pLDDT=60.8 pTM=0.413
2026-04-03 06:34:23,051 rank_055_alphafold2_ptm_model_1_seed_020 pLDDT=59.8 pTM=0.42
2026-04-03 06:34:23,053 rank_056_alphafold2_ptm_model_1_seed_001 pLDDT=59.5 pTM=0.432
2026-04-03 06:34:23,055 rank_057_alphafold2_ptm_model_1_seed_008 pLDDT=59.5 pTM=0.429
2026-04-03 06:34:23,057 rank_058_alphafold2_ptm_model_1_seed_014 pLDDT=59.3 pTM=0.414
2026-04-03 06:34:23,059 rank_059_alphafold2_ptm_model_2_seed_002 pLDDT=59.1 pTM=0.391
2026-04-03 06:34:23,060 rank_060_alphafold2_ptm_model_2_seed_010 pLDDT=59 pTM=0.374
2026-04-03 06:34:23,062 rank_061_alphafold2_ptm_model_1_seed_021 pLDDT=58.9 pTM=0.41
2026-04-03 06:34:23,064 rank_062_alphafold2_ptm_model_1_seed_024 pLDDT=58.8 pTM=0.409
2026-04-03 06:34:23,066 rank_063_alphafold2_ptm_model_2_seed_006 pLDDT=58.8 pTM=0.374
2026-04-03 06:34:23,068 rank_064_alphafold2_ptm_model_2_seed_011 pLDDT=58.6 pTM=0.381
2026-04-03 06:34:23,069 rank_065_alphafold2_ptm_model_1_seed_013 pLDDT=58.5 pTM=0.403
2026-04-03 06:34:23,071 rank_066_alphafold2_ptm_model_1_seed_015 pLDDT=58.4 pTM=0.407
2026-04-03 06:34:23,073 rank_067_alphafold2_ptm_model_1_seed_009 pLDDT=58.4 pTM=0.414
2026-04-03 06:34:23,075 rank_068_alphafold2_ptm_model_1_seed_007 pLDDT=58.3 pTM=0.396
2026-04-03 06:34:23,076 rank_069_alphafold2_ptm_model_1_seed_016 pLDDT=58.2 pTM=0.424
2026-04-03 06:34:23,078 rank_070_alphafold2_ptm_model_2_seed_020 pLDDT=58 pTM=0.386
2026-04-03 06:34:23,080 rank_071_alphafold2_ptm_model_1_seed_012 pLDDT=57.9 pTM=0.396
2026-04-03 06:34:23,081 rank_072_alphafold2_ptm_model_2_seed_001 pLDDT=57.8 pTM=0.365
2026-04-03 06:34:23,083 rank_073_alphafold2_ptm_model_1_seed_000 pLDDT=57.8 pTM=0.402
2026-04-03 06:34:23,085 rank_074_alphafold2_ptm_model_2_seed_016 pLDDT=57.7 pTM=0.389
2026-04-03 06:34:23,087 rank_075_alphafold2_ptm_model_1_seed_003 pLDDT=57.7 pTM=0.41
2026-04-03 06:34:23,088 rank_076_alphafold2_ptm_model_2_seed_009 pLDDT=57.7 pTM=0.365
2026-04-03 06:34:23,090 rank_077_alphafold2_ptm_model_1_seed_006 pLDDT=57.6 pTM=0.396
2026-04-03 06:34:23,092 rank_078_alphafold2_ptm_model_1_seed_018 pLDDT=57.5 pTM=0.401
2026-04-03 06:34:23,093 rank_079_alphafold2_ptm_model_2_seed_021 pLDDT=57.3 pTM=0.362
2026-04-03 06:34:23,095 rank_080_alphafold2_ptm_model_2_seed_019 pLDDT=57.2 pTM=0.383
2026-04-03 06:34:23,097 rank_081_alphafold2_ptm_model_2_seed_003 pLDDT=57 pTM=0.37
2026-04-03 06:34:23,099 rank_082_alphafold2_ptm_model_4_seed_017 pLDDT=56.7 pTM=0.371
2026-04-03 06:34:23,100 rank_083_alphafold2_ptm_model_2_seed_007 pLDDT=56.6 pTM=0.363
2026-04-03 06:34:23,102 rank_084_alphafold2_ptm_model_2_seed_000 pLDDT=56.4 pTM=0.382
2026-04-03 06:34:23,104 rank_085_alphafold2_ptm_model_1_seed_004 pLDDT=56.2 pTM=0.388
2026-04-03 06:34:23,106 rank_086_alphafold2_ptm_model_2_seed_008 pLDDT=55.8 pTM=0.375
2026-04-03 06:34:23,108 rank_087_alphafold2_ptm_model_2_seed_012 pLDDT=55.7 pTM=0.366
2026-04-03 06:34:23,110 rank_088_alphafold2_ptm_model_1_seed_023 pLDDT=55.6 pTM=0.384
2026-04-03 06:34:23,112 rank_089_alphafold2_ptm_model_1_seed_017 pLDDT=55.5 pTM=0.39
2026-04-03 06:34:23,113 rank_090_alphafold2_ptm_model_3_seed_000 pLDDT=55.5 pTM=0.39
2026-04-03 06:34:23,115 rank_091_alphafold2_ptm_model_2_seed_013 pLDDT=55.4 pTM=0.365
2026-04-03 06:34:23,117 rank_092_alphafold2_ptm_model_2_seed_014 pLDDT=55.1 pTM=0.357
2026-04-03 06:34:23,119 rank_093_alphafold2_ptm_model_2_seed_004 pLDDT=55 pTM=0.359
2026-04-03 06:34:23,120 rank_094_alphafold2_ptm_model_1_seed_005 pLDDT=54.8 pTM=0.39
2026-04-03 06:34:23,122 rank_095_alphafold2_ptm_model_2_seed_024 pLDDT=54.5 pTM=0.365
2026-04-03 06:34:23,124 rank_096_alphafold2_ptm_model_2_seed_018 pLDDT=54.2 pTM=0.367
2026-04-03 06:34:23,126 rank_097_alphafold2_ptm_model_2_seed_023 pLDDT=53.9 pTM=0.369
2026-04-03 06:34:23,128 rank_098_alphafold2_ptm_model_2_seed_017 pLDDT=53.8 pTM=0.35
2026-04-03 06:34:23,129 rank_099_alphafold2_ptm_model_2_seed_022 pLDDT=53.8 pTM=0.371
2026-04-03 06:34:23,131 rank_100_alphafold2_ptm_model_1_seed_022 pLDDT=53.7 pTM=0.386
2026-04-03 06:34:23,133 rank_101_alphafold2_ptm_model_2_seed_005 pLDDT=53.2 pTM=0.354
2026-04-03 06:34:23,135 rank_102_alphafold2_ptm_model_2_seed_015 pLDDT=53.1 pTM=0.361
2026-04-03 06:34:23,137 rank_103_alphafold2_ptm_model_3_seed_021 pLDDT=50.1 pTM=0.303
2026-04-03 06:34:23,139 rank_104_alphafold2_ptm_model_3_seed_010 pLDDT=49.7 pTM=0.333
2026-04-03 06:34:23,140 rank_105_alphafold2_ptm_model_3_seed_019 pLDDT=48.5 pTM=0.307
2026-04-03 06:34:23,142 rank_106_alphafold2_ptm_model_3_seed_006 pLDDT=45.8 pTM=0.29
2026-04-03 06:34:23,144 rank_107_alphafold2_ptm_model_3_seed_018 pLDDT=45.3 pTM=0.298
2026-04-03 06:34:23,145 rank_108_alphafold2_ptm_model_3_seed_016 pLDDT=43.4 pTM=0.299
2026-04-03 06:34:23,147 rank_109_alphafold2_ptm_model_3_seed_013 pLDDT=41 pTM=0.253
2026-04-03 06:34:23,149 rank_110_alphafold2_ptm_model_3_seed_022 pLDDT=41 pTM=0.42
2026-04-03 06:34:23,150 rank_111_alphafold2_ptm_model_3_seed_024 pLDDT=38.1 pTM=0.302
2026-04-03 06:34:23,152 rank_112_alphafold2_ptm_model_3_seed_011 pLDDT=37.6 pTM=0.292
2026-04-03 06:34:23,154 rank_113_alphafold2_ptm_model_3_seed_003 pLDDT=36 pTM=0.227
2026-04-03 06:34:23,156 rank_114_alphafold2_ptm_model_3_seed_020 pLDDT=35.9 pTM=0.639
2026-04-03 06:34:23,157 rank_115_alphafold2_ptm_model_3_seed_008 pLDDT=35.5 pTM=0.592
2026-04-03 06:34:23,159 rank_116_alphafold2_ptm_model_3_seed_014 pLDDT=35.4 pTM=0.234
2026-04-03 06:34:23,161 rank_117_alphafold2_ptm_model_3_seed_023 pLDDT=35.1 pTM=0.246
2026-04-03 06:34:23,162 rank_118_alphafold2_ptm_model_3_seed_004 pLDDT=32.7 pTM=0.196
2026-04-03 06:34:23,164 rank_119_alphafold2_ptm_model_3_seed_012 pLDDT=30 pTM=0.305
2026-04-03 06:34:23,166 rank_120_alphafold2_ptm_model_3_seed_002 pLDDT=29 pTM=0.553
2026-04-03 06:34:23,168 rank_121_alphafold2_ptm_model_3_seed_005 pLDDT=29 pTM=0.646
2026-04-03 06:34:23,169 rank_122_alphafold2_ptm_model_3_seed_007 pLDDT=28.6 pTM=0.329
2026-04-03 06:34:23,171 rank_123_alphafold2_ptm_model_3_seed_017 pLDDT=27.3 pTM=0.334
2026-04-03 06:34:23,173 rank_124_alphafold2_ptm_model_3_seed_015 pLDDT=27.1 pTM=0.292
2026-04-03 06:34:23,175 rank_125_alphafold2_ptm_model_3_seed_001 pLDDT=23.5 pTM=0.493
2026-04-03 06:34:25,445 Done
WARNING: All log messages before absl::InitializeLog() is called are written to STDERR
E0000 00:00:1775212514.746004   24607 cuda_dnn.cc:8310] Unable to register cuDNN factory: Attempting to register factory for plugin cuDNN when one has already been registered
E0000 00:00:1775212514.754727   24607 cuda_blas.cc:1418] Unable to register cuBLAS factory: Attempting to register factory for plugin cuBLAS when one has already been registered
2026-04-03 06:35:23,524 Running colabfold 1.5.5 (e2ca9e8f992cd65c986de5b64885d5572d8b8ad9)
2026-04-03 06:35:24,501 Running on GPU
2026-04-03 06:35:25,652 Found 8 citations for tools or databases
2026-04-03 06:35:50,600 Query 1/1: UvrD (length 644)
  0%|          | 0/150 [elapsed: 00:00 remaining: ?]SUBMIT:   0%|          | 0/150 [elapsed: 00:00 remaining: ?]COMPLETE:   0%|          | 0/150 [elapsed: 00:00 remaining: ?]COMPLETE: 100%|██████████| 150/150 [elapsed: 00:00 remaining: 00:00]COMPLETE: 100%|██████████| 150/150 [elapsed: 00:08 remaining: 00:00]
WARNING: All log messages before absl::InitializeLog() is called are written to STDERR
I0000 00:00:1775212585.298914   24607 mlir_graph_optimization_pass.cc:401] MLIR V1 optimization pass is not enabled
2026-04-03 06:36:10,019 Sequence 0 found templates: ['0037_A', '0012_A', '0036_A', '0013_A', '0038_A', '0014_A', '0039_A', '0015_A', '0016_A', '0040_A', '0017_A', '0041_A', '0022_A', '0023_A', '0024_A', '0025_A', '0018_A', '0026_A', '0027_A', '0028_A']
2026-04-03 06:36:16,221 Setting max_seq=16, max_extra_seq=32
2026-04-03 06:38:06,835 alphafold2_ptm_model_1_seed_000 recycle=0 pLDDT=69.5 pTM=0.513
2026-04-03 06:38:06,844 alphafold2_ptm_model_1_seed_000 took 93.2s (0 recycles)
2026-04-03 06:39:11,085 alphafold2_ptm_model_2_seed_000 recycle=0 pLDDT=66.4 pTM=0.482
2026-04-03 06:39:11,095 alphafold2_ptm_model_2_seed_000 took 63.7s (0 recycles)
2026-04-03 06:40:24,675 alphafold2_ptm_model_3_seed_000 recycle=0 pLDDT=55.5 pTM=0.39
2026-04-03 06:40:24,684 alphafold2_ptm_model_3_seed_000 took 73.1s (0 recycles)
2026-04-03 06:41:23,141 alphafold2_ptm_model_4_seed_000 recycle=0 pLDDT=69.2 pTM=0.45
2026-04-03 06:41:23,149 alphafold2_ptm_model_4_seed_000 took 57.7s (0 recycles)
2026-04-03 06:42:21,661 alphafold2_ptm_model_5_seed_000 recycle=0 pLDDT=74.9 pTM=0.521
2026-04-03 06:42:21,679 alphafold2_ptm_model_5_seed_000 took 58.0s (0 recycles)
2026-04-03 06:43:37,632 alphafold2_ptm_model_1_seed_001 recycle=0 pLDDT=70.2 pTM=0.529
2026-04-03 06:43:37,641 alphafold2_ptm_model_1_seed_001 took 63.8s (0 recycles)
2026-04-03 06:44:42,732 alphafold2_ptm_model_2_seed_001 recycle=0 pLDDT=65.7 pTM=0.486
2026-04-03 06:44:42,741 alphafold2_ptm_model_2_seed_001 took 64.6s (0 recycles)
2026-04-03 06:45:41,742 alphafold2_ptm_model_3_seed_001 recycle=0 pLDDT=23.5 pTM=0.493
2026-04-03 06:45:41,750 alphafold2_ptm_model_3_seed_001 took 58.5s (0 recycles)
2026-04-03 06:46:40,877 alphafold2_ptm_model_4_seed_001 recycle=0 pLDDT=68.2 pTM=0.418
2026-04-03 06:46:40,885 alphafold2_ptm_model_4_seed_001 took 58.6s (0 recycles)
2026-04-03 06:47:39,347 alphafold2_ptm_model_5_seed_001 recycle=0 pLDDT=72.5 pTM=0.469
2026-04-03 06:47:39,361 alphafold2_ptm_model_5_seed_001 took 58.0s (0 recycles)
2026-04-03 06:48:57,469 alphafold2_ptm_model_1_seed_002 recycle=0 pLDDT=71.6 pTM=0.52
2026-04-03 06:48:57,478 alphafold2_ptm_model_1_seed_002 took 63.9s (0 recycles)
2026-04-03 06:50:01,689 alphafold2_ptm_model_2_seed_002 recycle=0 pLDDT=66.9 pTM=0.476
2026-04-03 06:50:01,698 alphafold2_ptm_model_2_seed_002 took 63.7s (0 recycles)
2026-04-03 06:50:59,859 alphafold2_ptm_model_3_seed_002 recycle=0 pLDDT=29 pTM=0.553
2026-04-03 06:50:59,867 alphafold2_ptm_model_3_seed_002 took 57.7s (0 recycles)
2026-04-03 06:51:58,066 alphafold2_ptm_model_4_seed_002 recycle=0 pLDDT=63.3 pTM=0.429
2026-04-03 06:51:58,075 alphafold2_ptm_model_4_seed_002 took 57.7s (0 recycles)
2026-04-03 06:52:56,474 alphafold2_ptm_model_5_seed_002 recycle=0 pLDDT=72.2 pTM=0.494
2026-04-03 06:52:56,488 alphafold2_ptm_model_5_seed_002 took 57.9s (0 recycles)
2026-04-03 06:54:14,690 alphafold2_ptm_model_1_seed_003 recycle=0 pLDDT=69.1 pTM=0.514
2026-04-03 06:54:14,698 alphafold2_ptm_model_1_seed_003 took 64.1s (0 recycles)
2026-04-03 06:55:19,233 alphafold2_ptm_model_2_seed_003 recycle=0 pLDDT=65.1 pTM=0.469
2026-04-03 06:55:19,244 alphafold2_ptm_model_2_seed_003 took 64.0s (0 recycles)
2026-04-03 06:56:17,775 alphafold2_ptm_model_3_seed_003 recycle=0 pLDDT=36 pTM=0.227
2026-04-03 06:56:17,788 alphafold2_ptm_model_3_seed_003 took 58.0s (0 recycles)
2026-04-03 06:57:16,345 alphafold2_ptm_model_4_seed_003 recycle=0 pLDDT=68.9 pTM=0.458
2026-04-03 06:57:16,357 alphafold2_ptm_model_4_seed_003 took 58.1s (0 recycles)
2026-04-03 06:58:14,656 alphafold2_ptm_model_5_seed_003 recycle=0 pLDDT=70.6 pTM=0.48
2026-04-03 06:58:14,664 alphafold2_ptm_model_5_seed_003 took 57.8s (0 recycles)
2026-04-03 06:59:29,604 alphafold2_ptm_model_1_seed_004 recycle=0 pLDDT=63.4 pTM=0.499
2026-04-03 06:59:29,615 alphafold2_ptm_model_1_seed_004 took 64.0s (0 recycles)
2026-04-03 07:00:34,696 alphafold2_ptm_model_2_seed_004 recycle=0 pLDDT=63.6 pTM=0.435
2026-04-03 07:00:34,704 alphafold2_ptm_model_2_seed_004 took 64.6s (0 recycles)
2026-04-03 07:01:33,889 alphafold2_ptm_model_3_seed_004 recycle=0 pLDDT=32.7 pTM=0.196
2026-04-03 07:01:33,898 alphafold2_ptm_model_3_seed_004 took 58.7s (0 recycles)
2026-04-03 07:02:33,054 alphafold2_ptm_model_4_seed_004 recycle=0 pLDDT=67.1 pTM=0.428
2026-04-03 07:02:33,062 alphafold2_ptm_model_4_seed_004 took 58.6s (0 recycles)
2026-04-03 07:03:32,185 alphafold2_ptm_model_5_seed_004 recycle=0 pLDDT=75.1 pTM=0.543
2026-04-03 07:03:32,194 alphafold2_ptm_model_5_seed_004 took 58.6s (0 recycles)
2026-04-03 07:04:47,725 alphafold2_ptm_model_1_seed_005 recycle=0 pLDDT=66.1 pTM=0.48
2026-04-03 07:04:47,734 alphafold2_ptm_model_1_seed_005 took 64.6s (0 recycles)
2026-04-03 07:05:51,957 alphafold2_ptm_model_2_seed_005 recycle=0 pLDDT=61.1 pTM=0.436
2026-04-03 07:05:51,966 alphafold2_ptm_model_2_seed_005 took 63.7s (0 recycles)
2026-04-03 07:06:50,171 alphafold2_ptm_model_3_seed_005 recycle=0 pLDDT=29 pTM=0.646
2026-04-03 07:06:50,180 alphafold2_ptm_model_3_seed_005 took 57.7s (0 recycles)
2026-04-03 07:07:48,412 alphafold2_ptm_model_4_seed_005 recycle=0 pLDDT=66.7 pTM=0.449
2026-04-03 07:07:48,420 alphafold2_ptm_model_4_seed_005 took 57.7s (0 recycles)
2026-04-03 07:08:46,620 alphafold2_ptm_model_5_seed_005 recycle=0 pLDDT=74.2 pTM=0.556
2026-04-03 07:08:46,628 alphafold2_ptm_model_5_seed_005 took 57.7s (0 recycles)
2026-04-03 07:10:00,924 alphafold2_ptm_model_1_seed_006 recycle=0 pLDDT=70 pTM=0.501
2026-04-03 07:10:00,933 alphafold2_ptm_model_1_seed_006 took 63.6s (0 recycles)
2026-04-03 07:11:05,014 alphafold2_ptm_model_2_seed_006 recycle=0 pLDDT=65.8 pTM=0.464
2026-04-03 07:11:05,022 alphafold2_ptm_model_2_seed_006 took 63.6s (0 recycles)
2026-04-03 07:12:03,214 alphafold2_ptm_model_3_seed_006 recycle=0 pLDDT=45.8 pTM=0.29
2026-04-03 07:12:03,222 alphafold2_ptm_model_3_seed_006 took 57.7s (0 recycles)
2026-04-03 07:13:01,436 alphafold2_ptm_model_4_seed_006 recycle=0 pLDDT=68.1 pTM=0.435
2026-04-03 07:13:01,444 alphafold2_ptm_model_4_seed_006 took 57.7s (0 recycles)
2026-04-03 07:13:59,657 alphafold2_ptm_model_5_seed_006 recycle=0 pLDDT=77.8 pTM=0.599
2026-04-03 07:13:59,665 alphafold2_ptm_model_5_seed_006 took 57.7s (0 recycles)
2026-04-03 07:15:13,890 alphafold2_ptm_model_1_seed_007 recycle=0 pLDDT=67.9 pTM=0.504
2026-04-03 07:15:13,898 alphafold2_ptm_model_1_seed_007 took 63.6s (0 recycles)
2026-04-03 07:16:17,953 alphafold2_ptm_model_2_seed_007 recycle=0 pLDDT=62.9 pTM=0.445
2026-04-03 07:16:17,961 alphafold2_ptm_model_2_seed_007 took 63.6s (0 recycles)
2026-04-03 07:17:16,023 alphafold2_ptm_model_3_seed_007 recycle=0 pLDDT=28.6 pTM=0.329
2026-04-03 07:17:16,031 alphafold2_ptm_model_3_seed_007 took 57.6s (0 recycles)
2026-04-03 07:18:14,258 alphafold2_ptm_model_4_seed_007 recycle=0 pLDDT=67.6 pTM=0.417
2026-04-03 07:18:14,266 alphafold2_ptm_model_4_seed_007 took 57.7s (0 recycles)
2026-04-03 07:19:12,364 alphafold2_ptm_model_5_seed_007 recycle=0 pLDDT=74.4 pTM=0.507
2026-04-03 07:19:12,372 alphafold2_ptm_model_5_seed_007 took 57.6s (0 recycles)
2026-04-03 07:20:26,646 alphafold2_ptm_model_1_seed_008 recycle=0 pLDDT=70 pTM=0.501
2026-04-03 07:20:26,654 alphafold2_ptm_model_1_seed_008 took 63.6s (0 recycles)
2026-04-03 07:21:30,735 alphafold2_ptm_model_2_seed_008 recycle=0 pLDDT=65.2 pTM=0.461
2026-04-03 07:21:30,743 alphafold2_ptm_model_2_seed_008 took 63.6s (0 recycles)
2026-04-03 07:22:28,823 alphafold2_ptm_model_3_seed_008 recycle=0 pLDDT=35.5 pTM=0.592
2026-04-03 07:22:28,830 alphafold2_ptm_model_3_seed_008 took 57.6s (0 recycles)
2026-04-03 07:23:27,083 alphafold2_ptm_model_4_seed_008 recycle=0 pLDDT=74.8 pTM=0.479
2026-04-03 07:23:27,091 alphafold2_ptm_model_4_seed_008 took 57.8s (0 recycles)
2026-04-03 07:24:25,473 alphafold2_ptm_model_5_seed_008 recycle=0 pLDDT=80.6 pTM=0.633
2026-04-03 07:24:25,484 alphafold2_ptm_model_5_seed_008 took 57.9s (0 recycles)
2026-04-03 07:25:43,364 alphafold2_ptm_model_1_seed_009 recycle=0 pLDDT=68.4 pTM=0.503
2026-04-03 07:25:43,371 alphafold2_ptm_model_1_seed_009 took 64.3s (0 recycles)
2026-04-03 07:26:48,453 alphafold2_ptm_model_2_seed_009 recycle=0 pLDDT=64.4 pTM=0.469
2026-04-03 07:26:48,462 alphafold2_ptm_model_2_seed_009 took 64.6s (0 recycles)
2026-04-03 07:27:46,988 alphafold2_ptm_model_3_seed_009 recycle=0 pLDDT=60.8 pTM=0.413
2026-04-03 07:27:46,999 alphafold2_ptm_model_3_seed_009 took 58.0s (0 recycles)
2026-04-03 07:28:45,788 alphafold2_ptm_model_4_seed_009 recycle=0 pLDDT=76.1 pTM=0.458
2026-04-03 07:28:45,801 alphafold2_ptm_model_4_seed_009 took 58.1s (0 recycles)
2026-04-03 07:29:44,339 alphafold2_ptm_model_5_seed_009 recycle=0 pLDDT=75.6 pTM=0.503
2026-04-03 07:29:44,350 alphafold2_ptm_model_5_seed_009 took 58.0s (0 recycles)
2026-04-03 07:31:02,416 alphafold2_ptm_model_1_seed_010 recycle=0 pLDDT=72.5 pTM=0.529
2026-04-03 07:31:02,426 alphafold2_ptm_model_1_seed_010 took 63.9s (0 recycles)
2026-04-03 07:32:06,929 alphafold2_ptm_model_2_seed_010 recycle=0 pLDDT=66.8 pTM=0.477
2026-04-03 07:32:06,938 alphafold2_ptm_model_2_seed_010 took 63.8s (0 recycles)
2026-04-03 07:33:05,373 alphafold2_ptm_model_3_seed_010 recycle=0 pLDDT=49.7 pTM=0.333
2026-04-03 07:33:05,382 alphafold2_ptm_model_3_seed_010 took 57.9s (0 recycles)
2026-04-03 07:34:03,613 alphafold2_ptm_model_4_seed_010 recycle=0 pLDDT=71.6 pTM=0.44
2026-04-03 07:34:03,620 alphafold2_ptm_model_4_seed_010 took 57.7s (0 recycles)
2026-04-03 07:35:01,891 alphafold2_ptm_model_5_seed_010 recycle=0 pLDDT=72.2 pTM=0.519
2026-04-03 07:35:01,898 alphafold2_ptm_model_5_seed_010 took 57.8s (0 recycles)
2026-04-03 07:36:16,328 alphafold2_ptm_model_1_seed_011 recycle=0 pLDDT=72.1 pTM=0.529
2026-04-03 07:36:16,335 alphafold2_ptm_model_1_seed_011 took 63.7s (0 recycles)
2026-04-03 07:37:21,066 alphafold2_ptm_model_2_seed_011 recycle=0 pLDDT=67.5 pTM=0.488
2026-04-03 07:37:21,076 alphafold2_ptm_model_2_seed_011 took 64.2s (0 recycles)
2026-04-03 07:38:19,825 alphafold2_ptm_model_3_seed_011 recycle=0 pLDDT=37.6 pTM=0.292
2026-04-03 07:38:19,837 alphafold2_ptm_model_3_seed_011 took 58.0s (0 recycles)
2026-04-03 07:39:18,365 alphafold2_ptm_model_4_seed_011 recycle=0 pLDDT=71.2 pTM=0.448
2026-04-03 07:39:18,378 alphafold2_ptm_model_4_seed_011 took 58.0s (0 recycles)
2026-04-03 07:40:16,961 alphafold2_ptm_model_5_seed_011 recycle=0 pLDDT=77 pTM=0.593
2026-04-03 07:40:16,971 alphafold2_ptm_model_5_seed_011 took 58.1s (0 recycles)
2026-04-03 07:41:34,891 alphafold2_ptm_model_1_seed_012 recycle=0 pLDDT=69.6 pTM=0.503
2026-04-03 07:41:34,901 alphafold2_ptm_model_1_seed_012 took 64.0s (0 recycles)
2026-04-03 07:42:39,422 alphafold2_ptm_model_2_seed_012 recycle=0 pLDDT=63.2 pTM=0.446
2026-04-03 07:42:39,432 alphafold2_ptm_model_2_seed_012 took 64.0s (0 recycles)
2026-04-03 07:43:37,673 alphafold2_ptm_model_3_seed_012 recycle=0 pLDDT=30 pTM=0.305
2026-04-03 07:43:37,681 alphafold2_ptm_model_3_seed_012 took 57.7s (0 recycles)
2026-04-03 07:44:36,307 alphafold2_ptm_model_4_seed_012 recycle=0 pLDDT=68.8 pTM=0.429
2026-04-03 07:44:36,317 alphafold2_ptm_model_4_seed_012 took 58.1s (0 recycles)
2026-04-03 07:45:34,958 alphafold2_ptm_model_5_seed_012 recycle=0 pLDDT=77.3 pTM=0.589
2026-04-03 07:45:34,971 alphafold2_ptm_model_5_seed_012 took 58.2s (0 recycles)
2026-04-03 07:46:53,307 alphafold2_ptm_model_1_seed_013 recycle=0 pLDDT=71.2 pTM=0.532
2026-04-03 07:46:53,316 alphafold2_ptm_model_1_seed_013 took 64.1s (0 recycles)
2026-04-03 07:47:57,916 alphafold2_ptm_model_2_seed_013 recycle=0 pLDDT=64.2 pTM=0.491
2026-04-03 07:47:57,925 alphafold2_ptm_model_2_seed_013 took 64.1s (0 recycles)
2026-04-03 07:48:56,576 alphafold2_ptm_model_3_seed_013 recycle=0 pLDDT=41 pTM=0.253
2026-04-03 07:48:56,585 alphafold2_ptm_model_3_seed_013 took 57.9s (0 recycles)
2026-04-03 07:49:55,214 alphafold2_ptm_model_4_seed_013 recycle=0 pLDDT=69.9 pTM=0.451
2026-04-03 07:49:55,223 alphafold2_ptm_model_4_seed_013 took 57.9s (0 recycles)
2026-04-03 07:50:53,651 alphafold2_ptm_model_5_seed_013 recycle=0 pLDDT=73.3 pTM=0.507
2026-04-03 07:50:53,660 alphafold2_ptm_model_5_seed_013 took 57.9s (0 recycles)
2026-04-03 07:52:11,498 alphafold2_ptm_model_1_seed_014 recycle=0 pLDDT=69.4 pTM=0.503
2026-04-03 07:52:11,507 alphafold2_ptm_model_1_seed_014 took 64.0s (0 recycles)
2026-04-03 07:53:15,924 alphafold2_ptm_model_2_seed_014 recycle=0 pLDDT=61.4 pTM=0.428
2026-04-03 07:53:15,933 alphafold2_ptm_model_2_seed_014 took 63.9s (0 recycles)
2026-04-03 07:54:14,464 alphafold2_ptm_model_3_seed_014 recycle=0 pLDDT=35.4 pTM=0.234
2026-04-03 07:54:14,473 alphafold2_ptm_model_3_seed_014 took 58.0s (0 recycles)
2026-04-03 07:55:12,641 alphafold2_ptm_model_4_seed_014 recycle=0 pLDDT=66.9 pTM=0.42
2026-04-03 07:55:12,648 alphafold2_ptm_model_4_seed_014 took 57.7s (0 recycles)
2026-04-03 07:56:10,899 alphafold2_ptm_model_5_seed_014 recycle=0 pLDDT=69.4 pTM=0.484
2026-04-03 07:56:10,908 alphafold2_ptm_model_5_seed_014 took 57.8s (0 recycles)
2026-04-03 07:57:25,333 alphafold2_ptm_model_1_seed_015 recycle=0 pLDDT=68.6 pTM=0.5
2026-04-03 07:57:25,340 alphafold2_ptm_model_1_seed_015 took 63.8s (0 recycles)
2026-04-03 07:58:30,085 alphafold2_ptm_model_2_seed_015 recycle=0 pLDDT=61.5 pTM=0.446
2026-04-03 07:58:30,092 alphafold2_ptm_model_2_seed_015 took 64.2s (0 recycles)
2026-04-03 07:59:28,245 alphafold2_ptm_model_3_seed_015 recycle=0 pLDDT=27.1 pTM=0.292
2026-04-03 07:59:28,252 alphafold2_ptm_model_3_seed_015 took 57.6s (0 recycles)
2026-04-03 08:00:26,645 alphafold2_ptm_model_4_seed_015 recycle=0 pLDDT=68.2 pTM=0.462
2026-04-03 08:00:26,652 alphafold2_ptm_model_4_seed_015 took 57.7s (0 recycles)
2026-04-03 08:01:24,801 alphafold2_ptm_model_5_seed_015 recycle=0 pLDDT=72.4 pTM=0.494
2026-04-03 08:01:24,809 alphafold2_ptm_model_5_seed_015 took 57.7s (0 recycles)
2026-04-03 08:02:39,049 alphafold2_ptm_model_1_seed_016 recycle=0 pLDDT=71.6 pTM=0.521
2026-04-03 08:02:39,056 alphafold2_ptm_model_1_seed_016 took 63.6s (0 recycles)
2026-04-03 08:03:43,287 alphafold2_ptm_model_2_seed_016 recycle=0 pLDDT=65.4 pTM=0.464
2026-04-03 08:03:43,294 alphafold2_ptm_model_2_seed_016 took 63.7s (0 recycles)
2026-04-03 08:04:41,550 alphafold2_ptm_model_3_seed_016 recycle=0 pLDDT=43.4 pTM=0.299
2026-04-03 08:04:41,557 alphafold2_ptm_model_3_seed_016 took 57.8s (0 recycles)
2026-04-03 08:05:39,828 alphafold2_ptm_model_4_seed_016 recycle=0 pLDDT=72.6 pTM=0.466
2026-04-03 08:05:39,835 alphafold2_ptm_model_4_seed_016 took 57.8s (0 recycles)
2026-04-03 08:06:38,124 alphafold2_ptm_model_5_seed_016 recycle=0 pLDDT=75.6 pTM=0.556
2026-04-03 08:06:38,140 alphafold2_ptm_model_5_seed_016 took 57.8s (0 recycles)
2026-04-03 08:07:54,382 alphafold2_ptm_model_1_seed_017 recycle=0 pLDDT=64.5 pTM=0.478
2026-04-03 08:07:54,390 alphafold2_ptm_model_1_seed_017 took 63.7s (0 recycles)
2026-04-03 08:08:58,871 alphafold2_ptm_model_2_seed_017 recycle=0 pLDDT=61.8 pTM=0.437
2026-04-03 08:08:58,886 alphafold2_ptm_model_2_seed_017 took 64.0s (0 recycles)
2026-04-03 08:09:57,427 alphafold2_ptm_model_3_seed_017 recycle=0 pLDDT=27.3 pTM=0.334
2026-04-03 08:09:57,442 alphafold2_ptm_model_3_seed_017 took 58.0s (0 recycles)
2026-04-03 08:10:56,059 alphafold2_ptm_model_4_seed_017 recycle=0 pLDDT=56.7 pTM=0.371
2026-04-03 08:10:56,072 alphafold2_ptm_model_4_seed_017 took 58.1s (0 recycles)
2026-04-03 08:11:54,654 alphafold2_ptm_model_5_seed_017 recycle=0 pLDDT=73.8 pTM=0.478
2026-04-03 08:11:54,666 alphafold2_ptm_model_5_seed_017 took 58.1s (0 recycles)
2026-04-03 08:13:13,561 alphafold2_ptm_model_1_seed_018 recycle=0 pLDDT=67.9 pTM=0.486
2026-04-03 08:13:13,570 alphafold2_ptm_model_1_seed_018 took 64.4s (0 recycles)
2026-04-03 08:14:18,335 alphafold2_ptm_model_2_seed_018 recycle=0 pLDDT=63.6 pTM=0.454
2026-04-03 08:14:18,346 alphafold2_ptm_model_2_seed_018 took 64.2s (0 recycles)
2026-04-03 08:15:16,609 alphafold2_ptm_model_3_seed_018 recycle=0 pLDDT=45.3 pTM=0.298
2026-04-03 08:15:16,620 alphafold2_ptm_model_3_seed_018 took 57.8s (0 recycles)
2026-04-03 08:16:15,156 alphafold2_ptm_model_4_seed_018 recycle=0 pLDDT=68 pTM=0.446
2026-04-03 08:16:15,166 alphafold2_ptm_model_4_seed_018 took 58.0s (0 recycles)
2026-04-03 08:17:13,719 alphafold2_ptm_model_5_seed_018 recycle=0 pLDDT=75 pTM=0.556
2026-04-03 08:17:13,729 alphafold2_ptm_model_5_seed_018 took 58.1s (0 recycles)
2026-04-03 08:18:32,740 alphafold2_ptm_model_1_seed_019 recycle=0 pLDDT=71.6 pTM=0.535
2026-04-03 08:18:32,748 alphafold2_ptm_model_1_seed_019 took 64.5s (0 recycles)
2026-04-03 08:19:37,359 alphafold2_ptm_model_2_seed_019 recycle=0 pLDDT=66.1 pTM=0.465
2026-04-03 08:19:37,369 alphafold2_ptm_model_2_seed_019 took 64.1s (0 recycles)
2026-04-03 08:20:35,989 alphafold2_ptm_model_3_seed_019 recycle=0 pLDDT=48.5 pTM=0.307
2026-04-03 08:20:36,002 alphafold2_ptm_model_3_seed_019 took 58.1s (0 recycles)
2026-04-03 08:21:34,708 alphafold2_ptm_model_4_seed_019 recycle=0 pLDDT=72.8 pTM=0.482
2026-04-03 08:21:34,719 alphafold2_ptm_model_4_seed_019 took 58.0s (0 recycles)
2026-04-03 08:22:33,206 alphafold2_ptm_model_5_seed_019 recycle=0 pLDDT=77.1 pTM=0.543
2026-04-03 08:22:33,216 alphafold2_ptm_model_5_seed_019 took 58.0s (0 recycles)
2026-04-03 08:23:51,369 alphafold2_ptm_model_1_seed_020 recycle=0 pLDDT=70.7 pTM=0.522
2026-04-03 08:23:51,379 alphafold2_ptm_model_1_seed_020 took 63.8s (0 recycles)
2026-04-03 08:24:55,869 alphafold2_ptm_model_2_seed_020 recycle=0 pLDDT=65.9 pTM=0.488
2026-04-03 08:24:55,878 alphafold2_ptm_model_2_seed_020 took 63.8s (0 recycles)
2026-04-03 08:25:54,291 alphafold2_ptm_model_3_seed_020 recycle=0 pLDDT=35.9 pTM=0.639
2026-04-03 08:25:54,310 alphafold2_ptm_model_3_seed_020 took 57.9s (0 recycles)
2026-04-03 08:26:52,946 alphafold2_ptm_model_4_seed_020 recycle=0 pLDDT=68.9 pTM=0.444
2026-04-03 08:26:52,955 alphafold2_ptm_model_4_seed_020 took 57.9s (0 recycles)
2026-04-03 08:27:51,350 alphafold2_ptm_model_5_seed_020 recycle=0 pLDDT=67.9 pTM=0.583
2026-04-03 08:27:51,358 alphafold2_ptm_model_5_seed_020 took 57.9s (0 recycles)
2026-04-03 08:29:06,122 alphafold2_ptm_model_1_seed_021 recycle=0 pLDDT=70.4 pTM=0.518
2026-04-03 08:29:06,131 alphafold2_ptm_model_1_seed_021 took 63.9s (0 recycles)
2026-04-03 08:30:10,415 alphafold2_ptm_model_2_seed_021 recycle=0 pLDDT=66.2 pTM=0.46
2026-04-03 08:30:10,424 alphafold2_ptm_model_2_seed_021 took 63.8s (0 recycles)
2026-04-03 08:31:08,796 alphafold2_ptm_model_3_seed_021 recycle=0 pLDDT=50.1 pTM=0.303
2026-04-03 08:31:08,813 alphafold2_ptm_model_3_seed_021 took 57.9s (0 recycles)
2026-04-03 08:32:08,341 alphafold2_ptm_model_4_seed_021 recycle=0 pLDDT=72.3 pTM=0.471
2026-04-03 08:32:08,350 alphafold2_ptm_model_4_seed_021 took 58.8s (0 recycles)
2026-04-03 08:33:07,760 alphafold2_ptm_model_5_seed_021 recycle=0 pLDDT=77.2 pTM=0.53
2026-04-03 08:33:07,769 alphafold2_ptm_model_5_seed_021 took 58.9s (0 recycles)
2026-04-03 08:34:23,322 alphafold2_ptm_model_1_seed_022 recycle=0 pLDDT=65.2 pTM=0.493
2026-04-03 08:34:23,331 alphafold2_ptm_model_1_seed_022 took 64.7s (0 recycles)
2026-04-03 08:35:27,553 alphafold2_ptm_model_2_seed_022 recycle=0 pLDDT=62.1 pTM=0.444
2026-04-03 08:35:27,562 alphafold2_ptm_model_2_seed_022 took 63.7s (0 recycles)
2026-04-03 08:36:25,944 alphafold2_ptm_model_3_seed_022 recycle=0 pLDDT=41 pTM=0.42
2026-04-03 08:36:25,952 alphafold2_ptm_model_3_seed_022 took 57.9s (0 recycles)
2026-04-03 08:37:24,204 alphafold2_ptm_model_4_seed_022 recycle=0 pLDDT=71.6 pTM=0.542
2026-04-03 08:37:24,212 alphafold2_ptm_model_4_seed_022 took 57.8s (0 recycles)
2026-04-03 08:38:22,585 alphafold2_ptm_model_5_seed_022 recycle=0 pLDDT=77.8 pTM=0.714
2026-04-03 08:38:22,593 alphafold2_ptm_model_5_seed_022 took 57.9s (0 recycles)
2026-04-03 08:39:36,940 alphafold2_ptm_model_1_seed_023 recycle=0 pLDDT=68.6 pTM=0.505
2026-04-03 08:39:36,948 alphafold2_ptm_model_1_seed_023 took 63.7s (0 recycles)
2026-04-03 08:40:41,506 alphafold2_ptm_model_2_seed_023 recycle=0 pLDDT=63.2 pTM=0.464
2026-04-03 08:40:41,523 alphafold2_ptm_model_2_seed_023 took 64.1s (0 recycles)
2026-04-03 08:41:39,907 alphafold2_ptm_model_3_seed_023 recycle=0 pLDDT=35.1 pTM=0.246
2026-04-03 08:41:39,915 alphafold2_ptm_model_3_seed_023 took 57.6s (0 recycles)
2026-04-03 08:42:38,173 alphafold2_ptm_model_4_seed_023 recycle=0 pLDDT=69.1 pTM=0.467
2026-04-03 08:42:38,181 alphafold2_ptm_model_4_seed_023 took 57.8s (0 recycles)
2026-04-03 08:43:36,447 alphafold2_ptm_model_5_seed_023 recycle=0 pLDDT=76.1 pTM=0.727
2026-04-03 08:43:36,455 alphafold2_ptm_model_5_seed_023 took 57.8s (0 recycles)
2026-04-03 08:44:50,999 alphafold2_ptm_model_1_seed_024 recycle=0 pLDDT=70.2 pTM=0.518
2026-04-03 08:44:51,012 alphafold2_ptm_model_1_seed_024 took 63.9s (0 recycles)
2026-04-03 08:45:55,269 alphafold2_ptm_model_2_seed_024 recycle=0 pLDDT=64 pTM=0.455
2026-04-03 08:45:55,277 alphafold2_ptm_model_2_seed_024 took 63.7s (0 recycles)
2026-04-03 08:46:53,399 alphafold2_ptm_model_3_seed_024 recycle=0 pLDDT=38.1 pTM=0.302
2026-04-03 08:46:53,406 alphafold2_ptm_model_3_seed_024 took 57.6s (0 recycles)
2026-04-03 08:47:51,721 alphafold2_ptm_model_4_seed_024 recycle=0 pLDDT=68.1 pTM=0.428
2026-04-03 08:47:51,729 alphafold2_ptm_model_4_seed_024 took 57.8s (0 recycles)
2026-04-03 08:48:49,992 alphafold2_ptm_model_5_seed_024 recycle=0 pLDDT=70.9 pTM=0.459
2026-04-03 08:48:50,000 alphafold2_ptm_model_5_seed_024 took 57.8s (0 recycles)
2026-04-03 08:48:50,499 reranking models by 'plddt' metric
2026-04-03 08:48:50,499 rank_001_alphafold2_ptm_model_5_seed_008 pLDDT=80.6 pTM=0.633
2026-04-03 08:48:50,501 rank_002_alphafold2_ptm_model_5_seed_006 pLDDT=77.8 pTM=0.599
2026-04-03 08:48:50,503 rank_003_alphafold2_ptm_model_5_seed_022 pLDDT=77.8 pTM=0.714
2026-04-03 08:48:50,504 rank_004_alphafold2_ptm_model_5_seed_012 pLDDT=77.3 pTM=0.589
2026-04-03 08:48:50,506 rank_005_alphafold2_ptm_model_5_seed_021 pLDDT=77.2 pTM=0.53
2026-04-03 08:48:50,508 rank_006_alphafold2_ptm_model_5_seed_019 pLDDT=77.1 pTM=0.543
2026-04-03 08:48:50,510 rank_007_alphafold2_ptm_model_5_seed_011 pLDDT=77 pTM=0.593
2026-04-03 08:48:50,511 rank_008_alphafold2_ptm_model_5_seed_023 pLDDT=76.1 pTM=0.727
2026-04-03 08:48:50,513 rank_009_alphafold2_ptm_model_4_seed_009 pLDDT=76.1 pTM=0.458
2026-04-03 08:48:50,515 rank_010_alphafold2_ptm_model_5_seed_016 pLDDT=75.6 pTM=0.556
2026-04-03 08:48:50,517 rank_011_alphafold2_ptm_model_5_seed_009 pLDDT=75.6 pTM=0.503
2026-04-03 08:48:50,519 rank_012_alphafold2_ptm_model_5_seed_004 pLDDT=75.1 pTM=0.543
2026-04-03 08:48:50,520 rank_013_alphafold2_ptm_model_5_seed_018 pLDDT=75 pTM=0.556
2026-04-03 08:48:50,522 rank_014_alphafold2_ptm_model_5_seed_000 pLDDT=74.9 pTM=0.521
2026-04-03 08:48:50,524 rank_015_alphafold2_ptm_model_4_seed_008 pLDDT=74.8 pTM=0.479
2026-04-03 08:48:50,526 rank_016_alphafold2_ptm_model_5_seed_007 pLDDT=74.4 pTM=0.507
2026-04-03 08:48:50,527 rank_017_alphafold2_ptm_model_5_seed_005 pLDDT=74.2 pTM=0.556
2026-04-03 08:48:50,529 rank_018_alphafold2_ptm_model_5_seed_017 pLDDT=73.8 pTM=0.478
2026-04-03 08:48:50,531 rank_019_alphafold2_ptm_model_5_seed_013 pLDDT=73.3 pTM=0.507
2026-04-03 08:48:50,533 rank_020_alphafold2_ptm_model_4_seed_019 pLDDT=72.8 pTM=0.482
2026-04-03 08:48:50,535 rank_021_alphafold2_ptm_model_4_seed_016 pLDDT=72.6 pTM=0.466
2026-04-03 08:48:50,537 rank_022_alphafold2_ptm_model_5_seed_001 pLDDT=72.5 pTM=0.469
2026-04-03 08:48:50,538 rank_023_alphafold2_ptm_model_1_seed_010 pLDDT=72.5 pTM=0.529
2026-04-03 08:48:50,540 rank_024_alphafold2_ptm_model_5_seed_015 pLDDT=72.4 pTM=0.494
2026-04-03 08:48:50,542 rank_025_alphafold2_ptm_model_4_seed_021 pLDDT=72.3 pTM=0.471
2026-04-03 08:48:50,546 rank_026_alphafold2_ptm_model_5_seed_010 pLDDT=72.2 pTM=0.519
2026-04-03 08:48:50,548 rank_027_alphafold2_ptm_model_5_seed_002 pLDDT=72.2 pTM=0.494
2026-04-03 08:48:50,549 rank_028_alphafold2_ptm_model_1_seed_011 pLDDT=72.1 pTM=0.529
2026-04-03 08:48:50,551 rank_029_alphafold2_ptm_model_4_seed_010 pLDDT=71.6 pTM=0.44
2026-04-03 08:48:50,553 rank_030_alphafold2_ptm_model_1_seed_016 pLDDT=71.6 pTM=0.521
2026-04-03 08:48:50,555 rank_031_alphafold2_ptm_model_1_seed_019 pLDDT=71.6 pTM=0.535
2026-04-03 08:48:50,557 rank_032_alphafold2_ptm_model_4_seed_022 pLDDT=71.6 pTM=0.542
2026-04-03 08:48:50,559 rank_033_alphafold2_ptm_model_1_seed_002 pLDDT=71.6 pTM=0.52
2026-04-03 08:48:50,561 rank_034_alphafold2_ptm_model_1_seed_013 pLDDT=71.2 pTM=0.532
2026-04-03 08:48:50,563 rank_035_alphafold2_ptm_model_4_seed_011 pLDDT=71.2 pTM=0.448
2026-04-03 08:48:50,564 rank_036_alphafold2_ptm_model_5_seed_024 pLDDT=70.9 pTM=0.459
2026-04-03 08:48:50,566 rank_037_alphafold2_ptm_model_1_seed_020 pLDDT=70.7 pTM=0.522
2026-04-03 08:48:50,568 rank_038_alphafold2_ptm_model_5_seed_003 pLDDT=70.6 pTM=0.48
2026-04-03 08:48:50,570 rank_039_alphafold2_ptm_model_1_seed_021 pLDDT=70.4 pTM=0.518
2026-04-03 08:48:50,571 rank_040_alphafold2_ptm_model_1_seed_024 pLDDT=70.2 pTM=0.518
2026-04-03 08:48:50,573 rank_041_alphafold2_ptm_model_1_seed_001 pLDDT=70.2 pTM=0.529
2026-04-03 08:48:50,575 rank_042_alphafold2_ptm_model_1_seed_008 pLDDT=70 pTM=0.501
2026-04-03 08:48:50,577 rank_043_alphafold2_ptm_model_1_seed_006 pLDDT=70 pTM=0.501
2026-04-03 08:48:50,579 rank_044_alphafold2_ptm_model_4_seed_013 pLDDT=69.9 pTM=0.451
2026-04-03 08:48:50,580 rank_045_alphafold2_ptm_model_1_seed_012 pLDDT=69.6 pTM=0.503
2026-04-03 08:48:50,582 rank_046_alphafold2_ptm_model_1_seed_000 pLDDT=69.5 pTM=0.513
2026-04-03 08:48:50,584 rank_047_alphafold2_ptm_model_5_seed_014 pLDDT=69.4 pTM=0.484
2026-04-03 08:48:50,586 rank_048_alphafold2_ptm_model_1_seed_014 pLDDT=69.4 pTM=0.503
2026-04-03 08:48:50,588 rank_049_alphafold2_ptm_model_4_seed_000 pLDDT=69.2 pTM=0.45
2026-04-03 08:48:50,590 rank_050_alphafold2_ptm_model_1_seed_003 pLDDT=69.1 pTM=0.514
2026-04-03 08:48:50,592 rank_051_alphafold2_ptm_model_4_seed_023 pLDDT=69.1 pTM=0.467
2026-04-03 08:48:50,593 rank_052_alphafold2_ptm_model_4_seed_020 pLDDT=68.9 pTM=0.444
2026-04-03 08:48:50,595 rank_053_alphafold2_ptm_model_4_seed_003 pLDDT=68.9 pTM=0.458
2026-04-03 08:48:50,597 rank_054_alphafold2_ptm_model_4_seed_012 pLDDT=68.8 pTM=0.429
2026-04-03 08:48:50,598 rank_055_alphafold2_ptm_model_1_seed_023 pLDDT=68.6 pTM=0.505
2026-04-03 08:48:50,600 rank_056_alphafold2_ptm_model_1_seed_015 pLDDT=68.6 pTM=0.5
2026-04-03 08:48:50,602 rank_057_alphafold2_ptm_model_1_seed_009 pLDDT=68.4 pTM=0.503
2026-04-03 08:48:50,604 rank_058_alphafold2_ptm_model_4_seed_001 pLDDT=68.2 pTM=0.418
2026-04-03 08:48:50,606 rank_059_alphafold2_ptm_model_4_seed_015 pLDDT=68.2 pTM=0.462
2026-04-03 08:48:50,608 rank_060_alphafold2_ptm_model_4_seed_006 pLDDT=68.1 pTM=0.435
2026-04-03 08:48:50,609 rank_061_alphafold2_ptm_model_4_seed_024 pLDDT=68.1 pTM=0.428
2026-04-03 08:48:50,611 rank_062_alphafold2_ptm_model_4_seed_018 pLDDT=68 pTM=0.446
2026-04-03 08:48:50,613 rank_063_alphafold2_ptm_model_1_seed_007 pLDDT=67.9 pTM=0.504
2026-04-03 08:48:50,614 rank_064_alphafold2_ptm_model_1_seed_018 pLDDT=67.9 pTM=0.486
2026-04-03 08:48:50,616 rank_065_alphafold2_ptm_model_5_seed_020 pLDDT=67.9 pTM=0.583
2026-04-03 08:48:50,618 rank_066_alphafold2_ptm_model_4_seed_007 pLDDT=67.6 pTM=0.417
2026-04-03 08:48:50,620 rank_067_alphafold2_ptm_model_2_seed_011 pLDDT=67.5 pTM=0.488
2026-04-03 08:48:50,621 rank_068_alphafold2_ptm_model_4_seed_004 pLDDT=67.1 pTM=0.428
2026-04-03 08:48:50,623 rank_069_alphafold2_ptm_model_2_seed_002 pLDDT=66.9 pTM=0.476
2026-04-03 08:48:50,625 rank_070_alphafold2_ptm_model_4_seed_014 pLDDT=66.9 pTM=0.42
2026-04-03 08:48:50,627 rank_071_alphafold2_ptm_model_2_seed_010 pLDDT=66.8 pTM=0.477
2026-04-03 08:48:50,629 rank_072_alphafold2_ptm_model_4_seed_005 pLDDT=66.7 pTM=0.449
2026-04-03 08:48:50,631 rank_073_alphafold2_ptm_model_2_seed_000 pLDDT=66.4 pTM=0.482
2026-04-03 08:48:50,632 rank_074_alphafold2_ptm_model_2_seed_021 pLDDT=66.2 pTM=0.46
2026-04-03 08:48:50,634 rank_075_alphafold2_ptm_model_2_seed_019 pLDDT=66.1 pTM=0.465
2026-04-03 08:48:50,636 rank_076_alphafold2_ptm_model_1_seed_005 pLDDT=66.1 pTM=0.48
2026-04-03 08:48:50,637 rank_077_alphafold2_ptm_model_2_seed_020 pLDDT=65.9 pTM=0.488
2026-04-03 08:48:50,639 rank_078_alphafold2_ptm_model_2_seed_006 pLDDT=65.8 pTM=0.464
2026-04-03 08:48:50,641 rank_079_alphafold2_ptm_model_2_seed_001 pLDDT=65.7 pTM=0.486
2026-04-03 08:48:50,643 rank_080_alphafold2_ptm_model_2_seed_016 pLDDT=65.4 pTM=0.464
2026-04-03 08:48:50,645 rank_081_alphafold2_ptm_model_2_seed_008 pLDDT=65.2 pTM=0.461
2026-04-03 08:48:50,646 rank_082_alphafold2_ptm_model_1_seed_022 pLDDT=65.2 pTM=0.493
2026-04-03 08:48:50,648 rank_083_alphafold2_ptm_model_2_seed_003 pLDDT=65.1 pTM=0.469
2026-04-03 08:48:50,650 rank_084_alphafold2_ptm_model_1_seed_017 pLDDT=64.5 pTM=0.478
2026-04-03 08:48:50,652 rank_085_alphafold2_ptm_model_2_seed_009 pLDDT=64.4 pTM=0.469
2026-04-03 08:48:50,653 rank_086_alphafold2_ptm_model_2_seed_013 pLDDT=64.2 pTM=0.491
2026-04-03 08:48:50,655 rank_087_alphafold2_ptm_model_2_seed_024 pLDDT=64 pTM=0.455
2026-04-03 08:48:50,657 rank_088_alphafold2_ptm_model_2_seed_018 pLDDT=63.6 pTM=0.454
2026-04-03 08:48:50,659 rank_089_alphafold2_ptm_model_2_seed_004 pLDDT=63.6 pTM=0.435
2026-04-03 08:48:50,661 rank_090_alphafold2_ptm_model_1_seed_004 pLDDT=63.4 pTM=0.499
2026-04-03 08:48:50,663 rank_091_alphafold2_ptm_model_4_seed_002 pLDDT=63.3 pTM=0.429
2026-04-03 08:48:50,664 rank_092_alphafold2_ptm_model_2_seed_023 pLDDT=63.2 pTM=0.464
2026-04-03 08:48:50,666 rank_093_alphafold2_ptm_model_2_seed_012 pLDDT=63.2 pTM=0.446
2026-04-03 08:48:50,668 rank_094_alphafold2_ptm_model_2_seed_007 pLDDT=62.9 pTM=0.445
2026-04-03 08:48:50,670 rank_095_alphafold2_ptm_model_2_seed_022 pLDDT=62.1 pTM=0.444
2026-04-03 08:48:50,672 rank_096_alphafold2_ptm_model_2_seed_017 pLDDT=61.8 pTM=0.437
2026-04-03 08:48:50,673 rank_097_alphafold2_ptm_model_2_seed_015 pLDDT=61.5 pTM=0.446
2026-04-03 08:48:50,675 rank_098_alphafold2_ptm_model_2_seed_014 pLDDT=61.4 pTM=0.428
2026-04-03 08:48:50,677 rank_099_alphafold2_ptm_model_2_seed_005 pLDDT=61.1 pTM=0.436
2026-04-03 08:48:50,679 rank_100_alphafold2_ptm_model_3_seed_009 pLDDT=60.8 pTM=0.413
2026-04-03 08:48:50,681 rank_101_alphafold2_ptm_model_4_seed_017 pLDDT=56.7 pTM=0.371
2026-04-03 08:48:50,682 rank_102_alphafold2_ptm_model_3_seed_000 pLDDT=55.5 pTM=0.39
2026-04-03 08:48:50,684 rank_103_alphafold2_ptm_model_3_seed_021 pLDDT=50.1 pTM=0.303
2026-04-03 08:48:50,686 rank_104_alphafold2_ptm_model_3_seed_010 pLDDT=49.7 pTM=0.333
2026-04-03 08:48:50,687 rank_105_alphafold2_ptm_model_3_seed_019 pLDDT=48.5 pTM=0.307
2026-04-03 08:48:50,689 rank_106_alphafold2_ptm_model_3_seed_006 pLDDT=45.8 pTM=0.29
2026-04-03 08:48:50,691 rank_107_alphafold2_ptm_model_3_seed_018 pLDDT=45.3 pTM=0.298
2026-04-03 08:48:50,693 rank_108_alphafold2_ptm_model_3_seed_016 pLDDT=43.4 pTM=0.299
2026-04-03 08:48:50,695 rank_109_alphafold2_ptm_model_3_seed_013 pLDDT=41 pTM=0.253
2026-04-03 08:48:50,696 rank_110_alphafold2_ptm_model_3_seed_022 pLDDT=41 pTM=0.42
2026-04-03 08:48:50,698 rank_111_alphafold2_ptm_model_3_seed_024 pLDDT=38.1 pTM=0.302
2026-04-03 08:48:50,700 rank_112_alphafold2_ptm_model_3_seed_011 pLDDT=37.6 pTM=0.292
2026-04-03 08:48:50,702 rank_113_alphafold2_ptm_model_3_seed_003 pLDDT=36 pTM=0.227
2026-04-03 08:48:50,703 rank_114_alphafold2_ptm_model_3_seed_020 pLDDT=35.9 pTM=0.639
2026-04-03 08:48:50,705 rank_115_alphafold2_ptm_model_3_seed_008 pLDDT=35.5 pTM=0.592
2026-04-03 08:48:50,707 rank_116_alphafold2_ptm_model_3_seed_014 pLDDT=35.4 pTM=0.234
2026-04-03 08:48:50,709 rank_117_alphafold2_ptm_model_3_seed_023 pLDDT=35.1 pTM=0.246
2026-04-03 08:48:50,710 rank_118_alphafold2_ptm_model_3_seed_004 pLDDT=32.7 pTM=0.196
2026-04-03 08:48:50,712 rank_119_alphafold2_ptm_model_3_seed_012 pLDDT=30 pTM=0.305
2026-04-03 08:48:50,713 rank_120_alphafold2_ptm_model_3_seed_002 pLDDT=29 pTM=0.553
2026-04-03 08:48:50,715 rank_121_alphafold2_ptm_model_3_seed_005 pLDDT=29 pTM=0.646
2026-04-03 08:48:50,717 rank_122_alphafold2_ptm_model_3_seed_007 pLDDT=28.6 pTM=0.329
2026-04-03 08:48:50,719 rank_123_alphafold2_ptm_model_3_seed_017 pLDDT=27.3 pTM=0.334
2026-04-03 08:48:50,720 rank_124_alphafold2_ptm_model_3_seed_015 pLDDT=27.1 pTM=0.292
2026-04-03 08:48:50,722 rank_125_alphafold2_ptm_model_3_seed_001 pLDDT=23.5 pTM=0.493
2026-04-03 08:48:53,009 Done
>>> WRITING SHELL SCRIPT
>>> APPENDING JSON TO jobs.json
###### COMPLETE ######
>>> ATTEMPTING TO RUN COLABFOLD

desired_count: 0
desired_count: 0
desired_count: 2
2
2
desired_count: 5
5
7
desired_count: 9
9
16
desired_count: 12
12
28
desired_count: 11
11
39
desired_count: 7
7
46
desired_count: 3
3
49
desired_count: 1
1
50
desired_count: 0
desired_count: 0
desired_count: 0
desired_count: 0
desired_count: 0
desired_count: 0
desired_count: 0
desired_count: 0
desired_count: 0
>>> CREATING DIRECTORY FOR BEST TEMPLATES
###### UvrD_unrelaxed_rank_085_alphafold2_ptm_model_4_seed_023.pdb ADDED TO iteration1 (0.11823078896706231 A) ######
###### UvrD_unrelaxed_rank_047_alphafold2_ptm_model_5_seed_011.pdb ADDED TO iteration1 (0.12202673952701402 A) ######
###### UvrD_unrelaxed_rank_077_alphafold2_ptm_model_4_seed_022.pdb ADDED TO iteration1 (0.17593551421501163 A) ######
###### UvrD_unrelaxed_rank_074_alphafold2_ptm_model_5_seed_002.pdb ADDED TO iteration1 (0.16950788024178914 A) ######
###### UvrD_unrelaxed_rank_037_alphafold2_ptm_model_5_seed_006.pdb ADDED TO iteration1 (0.15989339920628987 A) ######
###### UvrD_unrelaxed_rank_063_alphafold2_ptm_model_5_seed_005.pdb ADDED TO iteration1 (0.17064881297340515 A) ######
###### UvrD_unrelaxed_rank_079_alphafold2_ptm_model_4_seed_011.pdb ADDED TO iteration1 (0.17590848404907758 A) ######
###### UvrD_unrelaxed_rank_103_alphafold2_ptm_model_3_seed_021.pdb ADDED TO iteration1 (0.2211868736576923 A) ######
###### UvrD_unrelaxed_rank_108_alphafold2_ptm_model_3_seed_016.pdb ADDED TO iteration1 (0.23143715677218543 A) ######
###### UvrD_unrelaxed_rank_104_alphafold2_ptm_model_3_seed_010.pdb ADDED TO iteration1 (0.24213875205339044 A) ######
###### UvrD_unrelaxed_rank_103_alphafold2_ptm_model_3_seed_021_dupe1.pdb ADDED TO iteration1 (0.2211868736576923 A) ######
###### UvrD_unrelaxed_rank_104_alphafold2_ptm_model_3_seed_010_dupe1.pdb ADDED TO iteration1 (0.24213875205339044 A) ######
###### UvrD_unrelaxed_rank_076_alphafold2_ptm_model_4_seed_010.pdb ADDED TO iteration1 (0.22491998646447506 A) ######
###### UvrD_unrelaxed_rank_103_alphafold2_ptm_model_3_seed_021_dupe2.pdb ADDED TO iteration1 (0.2211868736576923 A) ######
###### UvrD_unrelaxed_rank_076_alphafold2_ptm_model_4_seed_010_dupe1.pdb ADDED TO iteration1 (0.22491998646447506 A) ######
###### UvrD_unrelaxed_rank_076_alphafold2_ptm_model_4_seed_010_dupe2.pdb ADDED TO iteration1 (0.22491998646447506 A) ######
###### UvrD_unrelaxed_rank_122_alphafold2_ptm_model_3_seed_007.pdb ADDED TO iteration1 (0.2885548978688594 A) ######
###### UvrD_unrelaxed_rank_122_alphafold2_ptm_model_3_seed_007_dupe1.pdb ADDED TO iteration1 (0.2885548978688594 A) ######
###### UvrD_unrelaxed_rank_122_alphafold2_ptm_model_3_seed_007_dupe2.pdb ADDED TO iteration1 (0.2885548978688594 A) ######
###### UvrD_unrelaxed_rank_122_alphafold2_ptm_model_3_seed_007_dupe3.pdb ADDED TO iteration1 (0.2885548978688594 A) ######
###### UvrD_unrelaxed_rank_122_alphafold2_ptm_model_3_seed_007_dupe4.pdb ADDED TO iteration1 (0.2885548978688594 A) ######
###### UvrD_unrelaxed_rank_122_alphafold2_ptm_model_3_seed_007_dupe5.pdb ADDED TO iteration1 (0.2885548978688594 A) ######
###### UvrD_unrelaxed_rank_122_alphafold2_ptm_model_3_seed_007_dupe6.pdb ADDED TO iteration1 (0.2885548978688594 A) ######
###### UvrD_unrelaxed_rank_122_alphafold2_ptm_model_3_seed_007_dupe7.pdb ADDED TO iteration1 (0.2885548978688594 A) ######
###### UvrD_unrelaxed_rank_122_alphafold2_ptm_model_3_seed_007_dupe8.pdb ADDED TO iteration1 (0.2885548978688594 A) ######
###### UvrD_unrelaxed_rank_122_alphafold2_ptm_model_3_seed_007_dupe9.pdb ADDED TO iteration1 (0.2885548978688594 A) ######
###### UvrD_unrelaxed_rank_122_alphafold2_ptm_model_3_seed_007_dupe10.pdb ADDED TO iteration1 (0.2885548978688594 A) ######
###### UvrD_unrelaxed_rank_122_alphafold2_ptm_model_3_seed_007_dupe11.pdb ADDED TO iteration1 (0.2885548978688594 A) ######
###### UvrD_unrelaxed_rank_105_alphafold2_ptm_model_3_seed_019.pdb ADDED TO iteration1 (0.3163331367848707 A) ######
###### UvrD_unrelaxed_rank_105_alphafold2_ptm_model_3_seed_019_dupe1.pdb ADDED TO iteration1 (0.3163331367848707 A) ######
###### UvrD_unrelaxed_rank_095_alphafold2_ptm_model_4_seed_007.pdb ADDED TO iteration1 (0.33332286309734754 A) ######
###### UvrD_unrelaxed_rank_026_alphafold2_ptm_model_2_seed_013.pdb ADDED TO iteration1 (0.34898492498539957 A) ######
###### UvrD_unrelaxed_rank_026_alphafold2_ptm_model_2_seed_013_dupe1.pdb ADDED TO iteration1 (0.34898492498539957 A) ######
###### UvrD_unrelaxed_rank_016_alphafold2_ptm_model_5_seed_008.pdb ADDED TO iteration1 (0.32040098576310083 A) ######
###### UvrD_unrelaxed_rank_042_alphafold2_ptm_model_2_seed_023.pdb ADDED TO iteration1 (0.3485975581319435 A) ######
###### UvrD_unrelaxed_rank_095_alphafold2_ptm_model_4_seed_007_dupe1.pdb ADDED TO iteration1 (0.33332286309734754 A) ######
###### UvrD_unrelaxed_rank_095_alphafold2_ptm_model_4_seed_007_dupe2.pdb ADDED TO iteration1 (0.33332286309734754 A) ######
###### UvrD_unrelaxed_rank_105_alphafold2_ptm_model_3_seed_019_dupe2.pdb ADDED TO iteration1 (0.3163331367848707 A) ######
###### UvrD_unrelaxed_rank_016_alphafold2_ptm_model_5_seed_008_dupe1.pdb ADDED TO iteration1 (0.32040098576310083 A) ######
###### UvrD_unrelaxed_rank_041_alphafold2_ptm_model_2_seed_015.pdb ADDED TO iteration1 (0.3721364912404501 A) ######
###### UvrD_unrelaxed_rank_004_alphafold2_ptm_model_2_seed_002.pdb ADDED TO iteration1 (0.36285895249888594 A) ######
###### UvrD_unrelaxed_rank_008_alphafold2_ptm_model_1_seed_002.pdb ADDED TO iteration1 (0.38639533070527454 A) ######
###### UvrD_unrelaxed_rank_040_alphafold2_ptm_model_2_seed_007.pdb ADDED TO iteration1 (0.3998265304997009 A) ######
###### UvrD_unrelaxed_rank_039_alphafold2_ptm_model_1_seed_014.pdb ADDED TO iteration1 (0.38674553002672696 A) ######
###### UvrD_unrelaxed_rank_011_alphafold2_ptm_model_1_seed_009.pdb ADDED TO iteration1 (0.3965383595548104 A) ######
###### UvrD_unrelaxed_rank_056_alphafold2_ptm_model_2_seed_016.pdb ADDED TO iteration1 (0.3803518724318499 A) ######
###### UvrD_unrelaxed_rank_014_alphafold2_ptm_model_1_seed_018.pdb ADDED TO iteration1 (0.4458298588221026 A) ######
###### UvrD_unrelaxed_rank_050_alphafold2_ptm_model_1_seed_004.pdb ADDED TO iteration1 (0.4275859475088616 A) ######
###### UvrD_unrelaxed_rank_060_alphafold2_ptm_model_1_seed_005.pdb ADDED TO iteration1 (0.445680827240523 A) ######
###### UvrD_unrelaxed_rank_068_alphafold2_ptm_model_1_seed_022.pdb ADDED TO iteration1 (0.4564391375122084 A) ######
desired_count: 0
desired_count: 0
desired_count: 2
2
2
desired_count: 5
5
7
desired_count: 9
9
16
desired_count: 12
12
28
desired_count: 11
11
39
desired_count: 7
7
46
desired_count: 3
3
49
desired_count: 1
desired_count: 0
desired_count: 0
desired_count: 0
desired_count: 0
desired_count: 0
desired_count: 0
desired_count: 0
desired_count: 0
desired_count: 0
>>> APPENDING TO ITERATIONS DIRECTORY
###### UvrD_unrelaxed_rank_072_alphafold2_ptm_model_2_seed_020.pdb ADDED TO iteration2 (0.11103208208339817 A) ######
###### UvrD_unrelaxed_rank_079_alphafold2_ptm_model_2_seed_006.pdb ADDED TO iteration2 (0.11220935907629054 A) ######
###### UvrD_unrelaxed_rank_002_alphafold2_ptm_model_5_seed_006.pdb ADDED TO iteration2 (0.15989339920628987 A) ######
###### UvrD_unrelaxed_rank_029_alphafold2_ptm_model_4_seed_011.pdb ADDED TO iteration2 (0.17590848404907758 A) ######
###### UvrD_unrelaxed_rank_052_alphafold2_ptm_model_1_seed_001.pdb ADDED TO iteration2 (0.15779931818677922 A) ######
###### UvrD_unrelaxed_rank_004_alphafold2_ptm_model_5_seed_012.pdb ADDED TO iteration2 (0.1838753796681975 A) ######
###### UvrD_unrelaxed_rank_028_alphafold2_ptm_model_4_seed_022.pdb ADDED TO iteration2 (0.17593551421501163 A) ######
###### UvrD_unrelaxed_rank_027_alphafold2_ptm_model_4_seed_010.pdb ADDED TO iteration2 (0.22491998646447506 A) ######
###### UvrD_unrelaxed_rank_103_alphafold2_ptm_model_3_seed_021.pdb ADDED TO iteration2 (0.2211868736576923 A) ######
###### UvrD_unrelaxed_rank_108_alphafold2_ptm_model_3_seed_016.pdb ADDED TO iteration2 (0.23143715677218543 A) ######
###### UvrD_unrelaxed_rank_027_alphafold2_ptm_model_4_seed_010_dupe1.pdb ADDED TO iteration2 (0.22491998646447506 A) ######
###### UvrD_unrelaxed_rank_104_alphafold2_ptm_model_3_seed_010.pdb ADDED TO iteration2 (0.24213875205339044 A) ######
###### UvrD_unrelaxed_rank_104_alphafold2_ptm_model_3_seed_010_dupe1.pdb ADDED TO iteration2 (0.24213875205339044 A) ######
###### UvrD_unrelaxed_rank_108_alphafold2_ptm_model_3_seed_016_dupe1.pdb ADDED TO iteration2 (0.23143715677218543 A) ######
###### UvrD_unrelaxed_rank_103_alphafold2_ptm_model_3_seed_021_dupe1.pdb ADDED TO iteration2 (0.2211868736576923 A) ######
###### UvrD_unrelaxed_rank_103_alphafold2_ptm_model_3_seed_021_dupe2.pdb ADDED TO iteration2 (0.2211868736576923 A) ######
###### UvrD_unrelaxed_rank_122_alphafold2_ptm_model_3_seed_007.pdb ADDED TO iteration2 (0.2885548978688594 A) ######
###### UvrD_unrelaxed_rank_122_alphafold2_ptm_model_3_seed_007_dupe1.pdb ADDED TO iteration2 (0.2885548978688594 A) ######
###### UvrD_unrelaxed_rank_122_alphafold2_ptm_model_3_seed_007_dupe2.pdb ADDED TO iteration2 (0.2885548978688594 A) ######
###### UvrD_unrelaxed_rank_122_alphafold2_ptm_model_3_seed_007_dupe3.pdb ADDED TO iteration2 (0.2885548978688594 A) ######
###### UvrD_unrelaxed_rank_122_alphafold2_ptm_model_3_seed_007_dupe4.pdb ADDED TO iteration2 (0.2885548978688594 A) ######
###### UvrD_unrelaxed_rank_122_alphafold2_ptm_model_3_seed_007_dupe5.pdb ADDED TO iteration2 (0.2885548978688594 A) ######
###### UvrD_unrelaxed_rank_122_alphafold2_ptm_model_3_seed_007_dupe6.pdb ADDED TO iteration2 (0.2885548978688594 A) ######
###### UvrD_unrelaxed_rank_122_alphafold2_ptm_model_3_seed_007_dupe7.pdb ADDED TO iteration2 (0.2885548978688594 A) ######
###### UvrD_unrelaxed_rank_122_alphafold2_ptm_model_3_seed_007_dupe8.pdb ADDED TO iteration2 (0.2885548978688594 A) ######
###### UvrD_unrelaxed_rank_122_alphafold2_ptm_model_3_seed_007_dupe9.pdb ADDED TO iteration2 (0.2885548978688594 A) ######
###### UvrD_unrelaxed_rank_122_alphafold2_ptm_model_3_seed_007_dupe10.pdb ADDED TO iteration2 (0.2885548978688594 A) ######
###### UvrD_unrelaxed_rank_122_alphafold2_ptm_model_3_seed_007_dupe11.pdb ADDED TO iteration2 (0.2885548978688594 A) ######
###### UvrD_unrelaxed_rank_105_alphafold2_ptm_model_3_seed_019.pdb ADDED TO iteration2 (0.3163331367848707 A) ######
###### UvrD_unrelaxed_rank_045_alphafold2_ptm_model_4_seed_007.pdb ADDED TO iteration2 (0.33332286309734754 A) ######
###### UvrD_unrelaxed_rank_045_alphafold2_ptm_model_4_seed_007_dupe1.pdb ADDED TO iteration2 (0.33332286309734754 A) ######
###### UvrD_unrelaxed_rank_001_alphafold2_ptm_model_5_seed_008.pdb ADDED TO iteration2 (0.32040098576310083 A) ######
###### UvrD_unrelaxed_rank_001_alphafold2_ptm_model_5_seed_008_dupe1.pdb ADDED TO iteration2 (0.32040098576310083 A) ######
###### UvrD_unrelaxed_rank_045_alphafold2_ptm_model_4_seed_007_dupe2.pdb ADDED TO iteration2 (0.33332286309734754 A) ######
###### UvrD_unrelaxed_rank_045_alphafold2_ptm_model_4_seed_007_dupe3.pdb ADDED TO iteration2 (0.33332286309734754 A) ######
###### UvrD_unrelaxed_rank_001_alphafold2_ptm_model_5_seed_008_dupe2.pdb ADDED TO iteration2 (0.32040098576310083 A) ######
###### UvrD_unrelaxed_rank_105_alphafold2_ptm_model_3_seed_019_dupe1.pdb ADDED TO iteration2 (0.3163331367848707 A) ######
###### UvrD_unrelaxed_rank_105_alphafold2_ptm_model_3_seed_019_dupe2.pdb ADDED TO iteration2 (0.3163331367848707 A) ######
###### UvrD_unrelaxed_rank_001_alphafold2_ptm_model_5_seed_008_dupe3.pdb ADDED TO iteration2 (0.32040098576310083 A) ######
###### UvrD_unrelaxed_rank_112_alphafold2_ptm_model_3_seed_011.pdb ADDED TO iteration2 (0.3907902160498695 A) ######
###### UvrD_unrelaxed_rank_112_alphafold2_ptm_model_3_seed_011_dupe1.pdb ADDED TO iteration2 (0.3907902160498695 A) ######
###### UvrD_unrelaxed_rank_112_alphafold2_ptm_model_3_seed_011_dupe2.pdb ADDED TO iteration2 (0.3907902160498695 A) ######
###### UvrD_unrelaxed_rank_112_alphafold2_ptm_model_3_seed_011_dupe3.pdb ADDED TO iteration2 (0.3907902160498695 A) ######
###### UvrD_unrelaxed_rank_112_alphafold2_ptm_model_3_seed_011_dupe4.pdb ADDED TO iteration2 (0.3907902160498695 A) ######
###### UvrD_unrelaxed_rank_112_alphafold2_ptm_model_3_seed_011_dupe5.pdb ADDED TO iteration2 (0.3907902160498695 A) ######
###### UvrD_unrelaxed_rank_112_alphafold2_ptm_model_3_seed_011_dupe6.pdb ADDED TO iteration2 (0.3907902160498695 A) ######
###### UvrD_unrelaxed_rank_118_alphafold2_ptm_model_3_seed_004.pdb ADDED TO iteration2 (0.425469724040612 A) ######
###### UvrD_unrelaxed_rank_118_alphafold2_ptm_model_3_seed_004_dupe1.pdb ADDED TO iteration2 (0.425469724040612 A) ######
###### UvrD_unrelaxed_rank_109_alphafold2_ptm_model_3_seed_013.pdb ADDED TO iteration2 (0.42056338945981875 A) ######
desired_count: 0
desired_count: 0
desired_count: 2
2
2
desired_count: 5
5
7
desired_count: 9
9
16
desired_count: 12
12
28
desired_count: 11
11
39
desired_count: 7
7
46
desired_count: 3
3
49
desired_count: 1
desired_count: 0
desired_count: 0
desired_count: 0
desired_count: 0
desired_count: 0
desired_count: 0
desired_count: 0
desired_count: 0
desired_count: 0
>>> APPENDING TO ITERATIONS DIRECTORY
###### UvrD_unrelaxed_rank_066_alphafold2_ptm_model_1_seed_000.pdb ADDED TO iteration3 (0.10433866508505613 A) ######
###### UvrD_unrelaxed_rank_023_alphafold2_ptm_model_5_seed_015.pdb ADDED TO iteration3 (0.10264256816643413 A) ######
###### UvrD_unrelaxed_rank_004_alphafold2_ptm_model_5_seed_012.pdb ADDED TO iteration3 (0.1838753796681975 A) ######
###### UvrD_unrelaxed_rank_028_alphafold2_ptm_model_4_seed_022.pdb ADDED TO iteration3 (0.17593551421501163 A) ######
###### UvrD_unrelaxed_rank_026_alphafold2_ptm_model_5_seed_002.pdb ADDED TO iteration3 (0.16950788024178914 A) ######
###### UvrD_unrelaxed_rank_029_alphafold2_ptm_model_4_seed_011.pdb ADDED TO iteration3 (0.17590848404907758 A) ######
###### UvrD_unrelaxed_rank_002_alphafold2_ptm_model_5_seed_006.pdb ADDED TO iteration3 (0.15989339920628987 A) ######
###### UvrD_unrelaxed_rank_104_alphafold2_ptm_model_3_seed_010.pdb ADDED TO iteration3 (0.24213875205339044 A) ######
###### UvrD_unrelaxed_rank_103_alphafold2_ptm_model_3_seed_021.pdb ADDED TO iteration3 (0.2211868736576923 A) ######
###### UvrD_unrelaxed_rank_104_alphafold2_ptm_model_3_seed_010_dupe1.pdb ADDED TO iteration3 (0.24213875205339044 A) ######
###### UvrD_unrelaxed_rank_027_alphafold2_ptm_model_4_seed_010.pdb ADDED TO iteration3 (0.22491998646447506 A) ######
###### UvrD_unrelaxed_rank_103_alphafold2_ptm_model_3_seed_021_dupe1.pdb ADDED TO iteration3 (0.2211868736576923 A) ######
###### UvrD_unrelaxed_rank_108_alphafold2_ptm_model_3_seed_016.pdb ADDED TO iteration3 (0.23143715677218543 A) ######
###### UvrD_unrelaxed_rank_108_alphafold2_ptm_model_3_seed_016_dupe1.pdb ADDED TO iteration3 (0.23143715677218543 A) ######
###### UvrD_unrelaxed_rank_027_alphafold2_ptm_model_4_seed_010_dupe1.pdb ADDED TO iteration3 (0.22491998646447506 A) ######
###### UvrD_unrelaxed_rank_108_alphafold2_ptm_model_3_seed_016_dupe2.pdb ADDED TO iteration3 (0.23143715677218543 A) ######
###### UvrD_unrelaxed_rank_122_alphafold2_ptm_model_3_seed_007.pdb ADDED TO iteration3 (0.2885548978688594 A) ######
###### UvrD_unrelaxed_rank_122_alphafold2_ptm_model_3_seed_007_dupe1.pdb ADDED TO iteration3 (0.2885548978688594 A) ######
###### UvrD_unrelaxed_rank_122_alphafold2_ptm_model_3_seed_007_dupe2.pdb ADDED TO iteration3 (0.2885548978688594 A) ######
###### UvrD_unrelaxed_rank_122_alphafold2_ptm_model_3_seed_007_dupe3.pdb ADDED TO iteration3 (0.2885548978688594 A) ######
###### UvrD_unrelaxed_rank_122_alphafold2_ptm_model_3_seed_007_dupe4.pdb ADDED TO iteration3 (0.2885548978688594 A) ######
###### UvrD_unrelaxed_rank_122_alphafold2_ptm_model_3_seed_007_dupe5.pdb ADDED TO iteration3 (0.2885548978688594 A) ######
###### UvrD_unrelaxed_rank_122_alphafold2_ptm_model_3_seed_007_dupe6.pdb ADDED TO iteration3 (0.2885548978688594 A) ######
###### UvrD_unrelaxed_rank_122_alphafold2_ptm_model_3_seed_007_dupe7.pdb ADDED TO iteration3 (0.2885548978688594 A) ######
###### UvrD_unrelaxed_rank_122_alphafold2_ptm_model_3_seed_007_dupe8.pdb ADDED TO iteration3 (0.2885548978688594 A) ######
###### UvrD_unrelaxed_rank_122_alphafold2_ptm_model_3_seed_007_dupe9.pdb ADDED TO iteration3 (0.2885548978688594 A) ######
###### UvrD_unrelaxed_rank_122_alphafold2_ptm_model_3_seed_007_dupe10.pdb ADDED TO iteration3 (0.2885548978688594 A) ######
###### UvrD_unrelaxed_rank_122_alphafold2_ptm_model_3_seed_007_dupe11.pdb ADDED TO iteration3 (0.2885548978688594 A) ######
###### UvrD_unrelaxed_rank_045_alphafold2_ptm_model_4_seed_007.pdb ADDED TO iteration3 (0.33332286309734754 A) ######
###### UvrD_unrelaxed_rank_045_alphafold2_ptm_model_4_seed_007_dupe1.pdb ADDED TO iteration3 (0.33332286309734754 A) ######
###### UvrD_unrelaxed_rank_001_alphafold2_ptm_model_5_seed_008.pdb ADDED TO iteration3 (0.32040098576310083 A) ######
###### UvrD_unrelaxed_rank_105_alphafold2_ptm_model_3_seed_019.pdb ADDED TO iteration3 (0.3163331367848707 A) ######
###### UvrD_unrelaxed_rank_105_alphafold2_ptm_model_3_seed_019_dupe1.pdb ADDED TO iteration3 (0.3163331367848707 A) ######
###### UvrD_unrelaxed_rank_045_alphafold2_ptm_model_4_seed_007_dupe2.pdb ADDED TO iteration3 (0.33332286309734754 A) ######
###### UvrD_unrelaxed_rank_001_alphafold2_ptm_model_5_seed_008_dupe1.pdb ADDED TO iteration3 (0.32040098576310083 A) ######
###### UvrD_unrelaxed_rank_001_alphafold2_ptm_model_5_seed_008_dupe2.pdb ADDED TO iteration3 (0.32040098576310083 A) ######
###### UvrD_unrelaxed_rank_001_alphafold2_ptm_model_5_seed_008_dupe3.pdb ADDED TO iteration3 (0.32040098576310083 A) ######
###### UvrD_unrelaxed_rank_105_alphafold2_ptm_model_3_seed_019_dupe2.pdb ADDED TO iteration3 (0.3163331367848707 A) ######
###### UvrD_unrelaxed_rank_105_alphafold2_ptm_model_3_seed_019_dupe3.pdb ADDED TO iteration3 (0.3163331367848707 A) ######
###### UvrD_unrelaxed_rank_112_alphafold2_ptm_model_3_seed_011.pdb ADDED TO iteration3 (0.3907902160498695 A) ######
###### UvrD_unrelaxed_rank_112_alphafold2_ptm_model_3_seed_011_dupe1.pdb ADDED TO iteration3 (0.3907902160498695 A) ######
###### UvrD_unrelaxed_rank_112_alphafold2_ptm_model_3_seed_011_dupe2.pdb ADDED TO iteration3 (0.3907902160498695 A) ######
###### UvrD_unrelaxed_rank_112_alphafold2_ptm_model_3_seed_011_dupe3.pdb ADDED TO iteration3 (0.3907902160498695 A) ######
###### UvrD_unrelaxed_rank_112_alphafold2_ptm_model_3_seed_011_dupe4.pdb ADDED TO iteration3 (0.3907902160498695 A) ######
###### UvrD_unrelaxed_rank_112_alphafold2_ptm_model_3_seed_011_dupe5.pdb ADDED TO iteration3 (0.3907902160498695 A) ######
###### UvrD_unrelaxed_rank_112_alphafold2_ptm_model_3_seed_011_dupe6.pdb ADDED TO iteration3 (0.3907902160498695 A) ######
###### UvrD_unrelaxed_rank_109_alphafold2_ptm_model_3_seed_013.pdb ADDED TO iteration3 (0.42056338945981875 A) ######
###### UvrD_unrelaxed_rank_109_alphafold2_ptm_model_3_seed_013_dupe1.pdb ADDED TO iteration3 (0.42056338945981875 A) ######
###### UvrD_unrelaxed_rank_118_alphafold2_ptm_model_3_seed_004.pdb ADDED TO iteration3 (0.425469724040612 A) ######
desired_count: 0
desired_count: 0
desired_count: 2
2
2
desired_count: 5
5
7
desired_count: 9
9
16
desired_count: 12
12
28
desired_count: 11
11
39
desired_count: 7
7
46
desired_count: 3
3
49
desired_count: 1
desired_count: 0
desired_count: 0
desired_count: 0
desired_count: 0
desired_count: 0
desired_count: 0
desired_count: 0
desired_count: 0
desired_count: 0
>>> APPENDING TO ITERATIONS DIRECTORY
###### UvrD_unrelaxed_rank_055_alphafold2_ptm_model_1_seed_020.pdb ADDED TO iteration4 (0.14354561198290705 A) ######
###### UvrD_unrelaxed_rank_052_alphafold2_ptm_model_1_seed_019.pdb ADDED TO iteration4 (0.13931695605981662 A) ######
###### UvrD_unrelaxed_rank_029_alphafold2_ptm_model_4_seed_011.pdb ADDED TO iteration4 (0.17590848404907758 A) ######
###### UvrD_unrelaxed_rank_002_alphafold2_ptm_model_5_seed_006.pdb ADDED TO iteration4 (0.15989339920628987 A) ######
###### UvrD_unrelaxed_rank_025_alphafold2_ptm_model_5_seed_002.pdb ADDED TO iteration4 (0.16950788024178914 A) ######
###### UvrD_unrelaxed_rank_096_alphafold2_ptm_model_2_seed_018.pdb ADDED TO iteration4 (0.19324554948140385 A) ######
###### UvrD_unrelaxed_rank_069_alphafold2_ptm_model_1_seed_016.pdb ADDED TO iteration4 (0.15175554556438464 A) ######
###### UvrD_unrelaxed_rank_064_alphafold2_ptm_model_2_seed_011.pdb ADDED TO iteration4 (0.23706683396380518 A) ######
###### UvrD_unrelaxed_rank_103_alphafold2_ptm_model_3_seed_021.pdb ADDED TO iteration4 (0.2211868736576923 A) ######
###### UvrD_unrelaxed_rank_027_alphafold2_ptm_model_4_seed_010.pdb ADDED TO iteration4 (0.22491998646447506 A) ######
###### UvrD_unrelaxed_rank_104_alphafold2_ptm_model_3_seed_010.pdb ADDED TO iteration4 (0.24213875205339044 A) ######
###### UvrD_unrelaxed_rank_108_alphafold2_ptm_model_3_seed_016.pdb ADDED TO iteration4 (0.23143715677218543 A) ######
###### UvrD_unrelaxed_rank_104_alphafold2_ptm_model_3_seed_010_dupe1.pdb ADDED TO iteration4 (0.24213875205339044 A) ######
###### UvrD_unrelaxed_rank_027_alphafold2_ptm_model_4_seed_010_dupe1.pdb ADDED TO iteration4 (0.22491998646447506 A) ######
###### UvrD_unrelaxed_rank_064_alphafold2_ptm_model_2_seed_011_dupe1.pdb ADDED TO iteration4 (0.23706683396380518 A) ######
###### UvrD_unrelaxed_rank_103_alphafold2_ptm_model_3_seed_021_dupe1.pdb ADDED TO iteration4 (0.2211868736576923 A) ######
###### UvrD_unrelaxed_rank_122_alphafold2_ptm_model_3_seed_007.pdb ADDED TO iteration4 (0.2885548978688594 A) ######
###### UvrD_unrelaxed_rank_122_alphafold2_ptm_model_3_seed_007_dupe1.pdb ADDED TO iteration4 (0.2885548978688594 A) ######
###### UvrD_unrelaxed_rank_122_alphafold2_ptm_model_3_seed_007_dupe2.pdb ADDED TO iteration4 (0.2885548978688594 A) ######
###### UvrD_unrelaxed_rank_122_alphafold2_ptm_model_3_seed_007_dupe3.pdb ADDED TO iteration4 (0.2885548978688594 A) ######
###### UvrD_unrelaxed_rank_122_alphafold2_ptm_model_3_seed_007_dupe4.pdb ADDED TO iteration4 (0.2885548978688594 A) ######
###### UvrD_unrelaxed_rank_122_alphafold2_ptm_model_3_seed_007_dupe5.pdb ADDED TO iteration4 (0.2885548978688594 A) ######
###### UvrD_unrelaxed_rank_122_alphafold2_ptm_model_3_seed_007_dupe6.pdb ADDED TO iteration4 (0.2885548978688594 A) ######
###### UvrD_unrelaxed_rank_122_alphafold2_ptm_model_3_seed_007_dupe7.pdb ADDED TO iteration4 (0.2885548978688594 A) ######
###### UvrD_unrelaxed_rank_122_alphafold2_ptm_model_3_seed_007_dupe8.pdb ADDED TO iteration4 (0.2885548978688594 A) ######
###### UvrD_unrelaxed_rank_122_alphafold2_ptm_model_3_seed_007_dupe9.pdb ADDED TO iteration4 (0.2885548978688594 A) ######
###### UvrD_unrelaxed_rank_122_alphafold2_ptm_model_3_seed_007_dupe10.pdb ADDED TO iteration4 (0.2885548978688594 A) ######
###### UvrD_unrelaxed_rank_122_alphafold2_ptm_model_3_seed_007_dupe11.pdb ADDED TO iteration4 (0.2885548978688594 A) ######
###### UvrD_unrelaxed_rank_001_alphafold2_ptm_model_5_seed_008.pdb ADDED TO iteration4 (0.32040098576310083 A) ######
###### UvrD_unrelaxed_rank_105_alphafold2_ptm_model_3_seed_019.pdb ADDED TO iteration4 (0.3163331367848707 A) ######
###### UvrD_unrelaxed_rank_105_alphafold2_ptm_model_3_seed_019_dupe1.pdb ADDED TO iteration4 (0.3163331367848707 A) ######
###### UvrD_unrelaxed_rank_105_alphafold2_ptm_model_3_seed_019_dupe2.pdb ADDED TO iteration4 (0.3163331367848707 A) ######
###### UvrD_unrelaxed_rank_045_alphafold2_ptm_model_4_seed_007.pdb ADDED TO iteration4 (0.33332286309734754 A) ######
###### UvrD_unrelaxed_rank_001_alphafold2_ptm_model_5_seed_008_dupe1.pdb ADDED TO iteration4 (0.32040098576310083 A) ######
###### UvrD_unrelaxed_rank_001_alphafold2_ptm_model_5_seed_008_dupe2.pdb ADDED TO iteration4 (0.32040098576310083 A) ######
###### UvrD_unrelaxed_rank_045_alphafold2_ptm_model_4_seed_007_dupe1.pdb ADDED TO iteration4 (0.33332286309734754 A) ######
###### UvrD_unrelaxed_rank_045_alphafold2_ptm_model_4_seed_007_dupe2.pdb ADDED TO iteration4 (0.33332286309734754 A) ######
###### UvrD_unrelaxed_rank_105_alphafold2_ptm_model_3_seed_019_dupe3.pdb ADDED TO iteration4 (0.3163331367848707 A) ######
###### UvrD_unrelaxed_rank_001_alphafold2_ptm_model_5_seed_008_dupe3.pdb ADDED TO iteration4 (0.32040098576310083 A) ######
###### UvrD_unrelaxed_rank_112_alphafold2_ptm_model_3_seed_011.pdb ADDED TO iteration4 (0.3907902160498695 A) ######
###### UvrD_unrelaxed_rank_112_alphafold2_ptm_model_3_seed_011_dupe1.pdb ADDED TO iteration4 (0.3907902160498695 A) ######
###### UvrD_unrelaxed_rank_112_alphafold2_ptm_model_3_seed_011_dupe2.pdb ADDED TO iteration4 (0.3907902160498695 A) ######
###### UvrD_unrelaxed_rank_112_alphafold2_ptm_model_3_seed_011_dupe3.pdb ADDED TO iteration4 (0.3907902160498695 A) ######
###### UvrD_unrelaxed_rank_112_alphafold2_ptm_model_3_seed_011_dupe4.pdb ADDED TO iteration4 (0.3907902160498695 A) ######
###### UvrD_unrelaxed_rank_112_alphafold2_ptm_model_3_seed_011_dupe5.pdb ADDED TO iteration4 (0.3907902160498695 A) ######
###### UvrD_unrelaxed_rank_112_alphafold2_ptm_model_3_seed_011_dupe6.pdb ADDED TO iteration4 (0.3907902160498695 A) ######
###### UvrD_unrelaxed_rank_109_alphafold2_ptm_model_3_seed_013.pdb ADDED TO iteration4 (0.42056338945981875 A) ######
###### UvrD_unrelaxed_rank_109_alphafold2_ptm_model_3_seed_013_dupe1.pdb ADDED TO iteration4 (0.42056338945981875 A) ######
###### UvrD_unrelaxed_rank_118_alphafold2_ptm_model_3_seed_004.pdb ADDED TO iteration4 (0.425469724040612 A) ######
desired_count: 0
desired_count: 0
desired_count: 2
2
2
desired_count: 5
5
7
desired_count: 9
9
16
desired_count: 12
12
28
desired_count: 11
11
39
desired_count: 7
7
46
desired_count: 3
3
49
desired_count: 1
desired_count: 0
desired_count: 0
desired_count: 0
desired_count: 0
desired_count: 0
desired_count: 0
desired_count: 0
desired_count: 0
desired_count: 0
>>> APPENDING TO ITERATIONS DIRECTORY
###### UvrD_unrelaxed_rank_089_alphafold2_ptm_model_2_seed_004.pdb ADDED TO iteration5 (0.10093992862556342 A) ######
###### UvrD_unrelaxed_rank_093_alphafold2_ptm_model_2_seed_012.pdb ADDED TO iteration5 (0.14748267655251662 A) ######
###### UvrD_unrelaxed_rank_056_alphafold2_ptm_model_1_seed_015.pdb ADDED TO iteration5 (0.17913827857622427 A) ######
###### UvrD_unrelaxed_rank_030_alphafold2_ptm_model_1_seed_016.pdb ADDED TO iteration5 (0.18631531343644367 A) ######
###### UvrD_unrelaxed_rank_017_alphafold2_ptm_model_5_seed_005.pdb ADDED TO iteration5 (0.17064881297340515 A) ######
###### UvrD_unrelaxed_rank_035_alphafold2_ptm_model_4_seed_011.pdb ADDED TO iteration5 (0.17590848404907758 A) ######
###### UvrD_unrelaxed_rank_002_alphafold2_ptm_model_5_seed_006.pdb ADDED TO iteration5 (0.15989339920628987 A) ######
###### UvrD_unrelaxed_rank_042_alphafold2_ptm_model_1_seed_008.pdb ADDED TO iteration5 (0.2488650373733095 A) ######
###### UvrD_unrelaxed_rank_104_alphafold2_ptm_model_3_seed_010.pdb ADDED TO iteration5 (0.24213875205339044 A) ######
###### UvrD_unrelaxed_rank_039_alphafold2_ptm_model_1_seed_021.pdb ADDED TO iteration5 (0.20447016031368997 A) ######
###### UvrD_unrelaxed_rank_048_alphafold2_ptm_model_1_seed_014.pdb ADDED TO iteration5 (0.2328242532648912 A) ######
###### UvrD_unrelaxed_rank_108_alphafold2_ptm_model_3_seed_016.pdb ADDED TO iteration5 (0.23143715677218543 A) ######
###### UvrD_unrelaxed_rank_055_alphafold2_ptm_model_1_seed_023.pdb ADDED TO iteration5 (0.22247405502199785 A) ######
###### UvrD_unrelaxed_rank_023_alphafold2_ptm_model_1_seed_010.pdb ADDED TO iteration5 (0.22336400081176525 A) ######
###### UvrD_unrelaxed_rank_028_alphafold2_ptm_model_1_seed_011.pdb ADDED TO iteration5 (0.21498338753245114 A) ######
###### UvrD_unrelaxed_rank_037_alphafold2_ptm_model_1_seed_020.pdb ADDED TO iteration5 (0.22380600772488743 A) ######
###### UvrD_unrelaxed_rank_122_alphafold2_ptm_model_3_seed_007.pdb ADDED TO iteration5 (0.2885548978688594 A) ######
###### UvrD_unrelaxed_rank_122_alphafold2_ptm_model_3_seed_007_dupe1.pdb ADDED TO iteration5 (0.2885548978688594 A) ######
###### UvrD_unrelaxed_rank_122_alphafold2_ptm_model_3_seed_007_dupe2.pdb ADDED TO iteration5 (0.2885548978688594 A) ######
###### UvrD_unrelaxed_rank_084_alphafold2_ptm_model_1_seed_017.pdb ADDED TO iteration5 (0.271473380674128 A) ######
###### UvrD_unrelaxed_rank_122_alphafold2_ptm_model_3_seed_007_dupe3.pdb ADDED TO iteration5 (0.2885548978688594 A) ######
###### UvrD_unrelaxed_rank_031_alphafold2_ptm_model_1_seed_019.pdb ADDED TO iteration5 (0.25371149415087907 A) ######
###### UvrD_unrelaxed_rank_084_alphafold2_ptm_model_1_seed_017_dupe1.pdb ADDED TO iteration5 (0.271473380674128 A) ######
###### UvrD_unrelaxed_rank_031_alphafold2_ptm_model_1_seed_019_dupe1.pdb ADDED TO iteration5 (0.25371149415087907 A) ######
###### UvrD_unrelaxed_rank_031_alphafold2_ptm_model_1_seed_019_dupe2.pdb ADDED TO iteration5 (0.25371149415087907 A) ######
###### UvrD_unrelaxed_rank_031_alphafold2_ptm_model_1_seed_019_dupe3.pdb ADDED TO iteration5 (0.25371149415087907 A) ######
###### UvrD_unrelaxed_rank_084_alphafold2_ptm_model_1_seed_017_dupe2.pdb ADDED TO iteration5 (0.271473380674128 A) ######
###### UvrD_unrelaxed_rank_084_alphafold2_ptm_model_1_seed_017_dupe3.pdb ADDED TO iteration5 (0.271473380674128 A) ######
###### UvrD_unrelaxed_rank_105_alphafold2_ptm_model_3_seed_019.pdb ADDED TO iteration5 (0.3163331367848707 A) ######
###### UvrD_unrelaxed_rank_001_alphafold2_ptm_model_5_seed_008.pdb ADDED TO iteration5 (0.32040098576310083 A) ######
###### UvrD_unrelaxed_rank_066_alphafold2_ptm_model_4_seed_007.pdb ADDED TO iteration5 (0.33332286309734754 A) ######
###### UvrD_unrelaxed_rank_001_alphafold2_ptm_model_5_seed_008_dupe1.pdb ADDED TO iteration5 (0.32040098576310083 A) ######
###### UvrD_unrelaxed_rank_066_alphafold2_ptm_model_4_seed_007_dupe1.pdb ADDED TO iteration5 (0.33332286309734754 A) ######
###### UvrD_unrelaxed_rank_066_alphafold2_ptm_model_4_seed_007_dupe2.pdb ADDED TO iteration5 (0.33332286309734754 A) ######
###### UvrD_unrelaxed_rank_066_alphafold2_ptm_model_4_seed_007_dupe3.pdb ADDED TO iteration5 (0.33332286309734754 A) ######
###### UvrD_unrelaxed_rank_001_alphafold2_ptm_model_5_seed_008_dupe2.pdb ADDED TO iteration5 (0.32040098576310083 A) ######
###### UvrD_unrelaxed_rank_105_alphafold2_ptm_model_3_seed_019_dupe1.pdb ADDED TO iteration5 (0.3163331367848707 A) ######
###### UvrD_unrelaxed_rank_105_alphafold2_ptm_model_3_seed_019_dupe2.pdb ADDED TO iteration5 (0.3163331367848707 A) ######
###### UvrD_unrelaxed_rank_001_alphafold2_ptm_model_5_seed_008_dupe3.pdb ADDED TO iteration5 (0.32040098576310083 A) ######
###### UvrD_unrelaxed_rank_112_alphafold2_ptm_model_3_seed_011.pdb ADDED TO iteration5 (0.3907902160498695 A) ######
###### UvrD_unrelaxed_rank_063_alphafold2_ptm_model_1_seed_007.pdb ADDED TO iteration5 (0.35557351352237915 A) ######
###### UvrD_unrelaxed_rank_063_alphafold2_ptm_model_1_seed_007_dupe1.pdb ADDED TO iteration5 (0.35557351352237915 A) ######
###### UvrD_unrelaxed_rank_112_alphafold2_ptm_model_3_seed_011_dupe1.pdb ADDED TO iteration5 (0.3907902160498695 A) ######
###### UvrD_unrelaxed_rank_063_alphafold2_ptm_model_1_seed_007_dupe2.pdb ADDED TO iteration5 (0.35557351352237915 A) ######
###### UvrD_unrelaxed_rank_063_alphafold2_ptm_model_1_seed_007_dupe3.pdb ADDED TO iteration5 (0.35557351352237915 A) ######
###### UvrD_unrelaxed_rank_112_alphafold2_ptm_model_3_seed_011_dupe2.pdb ADDED TO iteration5 (0.3907902160498695 A) ######
###### UvrD_unrelaxed_rank_118_alphafold2_ptm_model_3_seed_004.pdb ADDED TO iteration5 (0.425469724040612 A) ######
###### UvrD_unrelaxed_rank_109_alphafold2_ptm_model_3_seed_013.pdb ADDED TO iteration5 (0.42056338945981875 A) ######
###### UvrD_unrelaxed_rank_118_alphafold2_ptm_model_3_seed_004_dupe1.pdb ADDED TO iteration5 (0.425469724040612 A) ######
>>> EXCEPTION WHEN APPENDING TO /home/lcirne/scratch/container-0/mod_counts.json: [Errno 2] No such file or directory: '/home/lcirne/scratch/container-0/mod_counts.json'
>>> APPENDING JSON TO /home/lcirne/scratch/container-0/mod_counts.json
###### COMPLETE ######
